opportunity_id,customer_id,city,state,region,industry,customer_segment,company_size,existing_customer,customer_health_score,account_id,sales_rep_id,sales_team_id,created_date,product_id,product,product_category,lead_source,contract_type,deal_type,new_or_existing_customer,opportunity_amount,discount_percentage,net_deal_value,competitor_present,competitor_name,decision_makers_count,engagement_score,expected_close_date,sales_stage,previous_stage,stage_entry_date,actual_close_date,deal_status,lost_reason,last_activity_date,activity_gap_days,next_follow_up_date,sales_cycle_days,total_opportunity_age_days,days_in_current_stage,quarter,month,year,meeting_count,email_count,call_count,demo_count,follow_up_count,proposal_sent,win_probability,weighted_value,forecast_category,risk_score,risk_level,risk_drivers,recommended_action,health_stage_progression,health_recency,health_age,health_engagement,health_close_plan,health_historical_conversion,health_size_balance,health_next_action,health_score,health_category,forecast_risk_value
1,11837,Kolkata,West Bengal,East,IT Services,Mid-market,354,False,60,11837,45,4,2025-06-26,1,Cloud Enablement,Services,Referral,Multi-year,New business,New,1720259.67,7.48,1591584.25,False,None,2,73.7,2025-10-18,Closed Won,Negotiation,2025-09-30,2025-09-30,Closed Won,,2025-09-16,14,,96.0,96,0,2,6,2025,1,4,0,1,0,True,1.0,0.0,Closed Won,0,Closed,Closed opportunity,No open-deal action,,,,,,,,,,Closed,0.0
2,1379,Delhi,Delhi,North,Retail,Enterprise,288,False,62,1379,25,3,2023-11-16,2,Workflow Suite,Software,Referral,Project,New business,New,470838.36,2.77,457796.14,True,Competitor A,6,75.4,2024-02-16,Closed Won,Negotiation,2024-05-09,2024-05-09,Closed Won,,2024-04-15,24,,175.0,175,0,4,11,2023,0,4,2,0,0,True,1.0,0.0,Closed Won,0,Closed,Closed opportunity,No open-deal action,,,,,,,,,,Closed,0.0
3,15719,Bengaluru,Karnataka,South,BFSI,Enterprise,1179,False,45,15719,6,1,2025-08-07,3,Data Advisory,Services,Outbound,Project,New business,New,2191649.88,1.97,2148474.38,False,None,3,71.5,2025-11-04,Closed Won,Negotiation,2026-01-25,2026-01-25,Closed Won,,2026-01-02,23,,171.0,171,0,3,8,2025,0,3,0,0,0,True,1.0,0.0,Closed Won,0,Closed,Closed opportunity,No open-deal action,,,,,,,,,,Closed,0.0
4,8781,Delhi,Delhi,North,BFSI,Mid-market,333,False,74,8781,36,3,2026-07-11,4,Security Services,Services,Event,Project,New business,New,550761.68,15.73,464126.87,False,None,4,82.2,2026-10-01,Demo,Discovery,2026-08-27,,Open,,2026-08-30,1,2026-09-02,,51,4,3,7,2026,1,3,0,0,1,False,0.49543899657924745,229946.55075826682,Best Case,0,Low,,,8.333333333333332,12.083333333333334,8.958333333333334,10.275,12.5,6.192987457240593,12.5,12.5,83.3,Healthy,0.0
5,2836,Delhi,Delhi,North,BFSI,SMB,66,False,62,2836,31,3,2026-02-06,1,Cloud Enablement,Services,Inbound,Project,New business,New,163903.12,6.67,152970.78,True,Competitor B,3,90.7,2026-05-04,Closed Lost,Negotiation,2026-05-25,2026-05-25,Closed Lost,Timing,2026-04-06,49,,108.0,108,0,1,2,2026,2,0,0,1,0,True,0.0,0.0,Excluded,0,Closed,Closed opportunity,No open-deal action,,,,,,,,,,Closed,0.0
6,5289,Mumbai,Maharashtra,West,BFSI,SMB,78,False,47,5289,20,2,2025-10-11,2,Workflow Suite,Software,Inbound,Multi-year,New business,New,336570.61,9.37,305033.94,False,None,1,57.2,2026-02-04,Closed Won,Negotiation,2026-01-05,2026-01-05,Closed Won,,2025-12-24,12,,86.0,86,0,4,10,2025,0,2,0,0,1,True,1.0,0.0,Closed Won,0,Closed,Closed opportunity,No open-deal action,,,,,,,,,,Closed,0.0
7,13589,Chennai,Tamil Nadu,South,Retail,SMB,72,False,76,13589,7,1,2025-01-08,4,Security Services,Services,Outbound,Project,New business,New,258431.72,10.37,231632.35,True,Competitor A,1,67.1,2025-04-10,Closed Lost,Qualified,2025-02-07,2025-02-07,Closed Lost,Competitor selected,2025-02-05,2,,30.0,30,0,1,1,2025,0,3,0,0,0,False,0.0,0.0,Excluded,0,Closed,Closed opportunity,No open-deal action,,,,,,,,,,Closed,0.0
8,9920,Jaipur,Rajasthan,North,Retail,Mid-market,279,True,90,9920,35,3,2025-01-07,4,Security Services,Services,Inbound,Project,Expansion,Existing,528766.32,6.15,496247.19,False,None,1,49.5,2025-03-13,Closed Lost,Negotiation,2025-04-19,2025-04-19,Closed Lost,Other,2025-01-22,87,,102.0,102,0,1,1,2025,1,0,0,0,1,True,0.0,0.0,Excluded,0,Closed,Closed opportunity,No open-deal action,,,,,,,,,,Closed,0.0
9,14573,Mumbai,Maharashtra,West,BFSI,Mid-market,114,False,72,14573,22,2,2025-10-26,2,Workflow Suite,Software,Partner,Multi-year,New business,New,2135933.42,5.03,2028495.97,True,Competitor B,4,42.4,2026-02-19,Closed Lost,Lead,2025-12-04,2025-12-04,Closed Lost,Budget constraints,2025-11-26,8,,39.0,39,0,4,10,2025,2,2,1,0,0,False,0.0,0.0,Excluded,0,Closed,Closed opportunity,No open-deal action,,,,,,,,,,Closed,0.0
10,177,Jaipur,Rajasthan,North,IT Services,SMB,69,False,86,177,27,3,2025-09-22,4,Security Services,Services,Referral,Annual,New business,New,235202.74,6.34,220290.89,False,None,4,90.6,2025-12-09,Closed Won,Negotiation,2026-02-14,2026-02-14,Closed Won,,2026-02-14,0,,145.0,145,0,3,9,2025,0,1,0,1,0,True,1.0,0.0,Closed Won,0,Closed,Closed opportunity,No open-deal action,,,,,,,,,,Closed,0.0
11,8819,Kolkata,West Bengal,East,IT Services,SMB,61,True,64,8819,46,4,2026-04-20,3,Data Advisory,Services,Inbound,Annual,Renewal,Existing,306295.95,9.64,276769.02,True,Competitor B,1,89.9,2026-07-07,Closed Lost,Negotiation,2026-06-21,2026-06-21,Closed Lost,Competitor selected,2026-06-16,5,,62.0,62,0,2,4,2026,0,0,0,1,1,True,0.0,0.0,Excluded,0,Closed,Closed opportunity,No open-deal action,,,,,,,,,,Closed,0.0
12,4759,Pune,Maharashtra,West,Healthcare,SMB,104,True,53,4759,21,2,2025-09-11,2,Workflow Suite,Software,Referral,Annual,Renewal,Existing,115237.63,14.43,98608.84,True,Competitor C,1,51.0,2025-11-29,Closed Lost,Discovery,2025-10-27,2025-10-27,Closed Lost,Internal approval delay,2025-10-24,3,,46.0,46,0,3,9,2025,3,1,1,0,0,False,0.0,0.0,Excluded,0,Closed,Closed opportunity,No open-deal action,,,,,,,,,,Closed,0.0
13,12392,Pune,Maharashtra,West,Manufacturing,SMB,125,False,75,12392,19,2,2023-06-21,2,Workflow Suite,Software,Referral,Annual,New business,New,232689.22,6.23,218192.68,False,None,2,66.1,2023-10-02,Closed Lost,Lead,2023-06-30,2023-06-30,Closed Lost,Procurement delay,2023-06-29,1,,9.0,9,0,2,6,2023,0,1,2,0,2,False,0.0,0.0,Excluded,0,Closed,Closed opportunity,No open-deal action,,,,,,,,,,Closed,0.0
14,1445,Chennai,Tamil Nadu,South,Manufacturing,Mid-market,345,False,88,1445,1,1,2025-07-02,3,Data Advisory,Services,Inbound,Annual,New business,New,718556.71,8.74,655754.85,False,None,4,76.8,2025-11-08,Closed Won,Negotiation,2025-09-24,2025-09-24,Closed Won,,2025-09-20,4,,84.0,84,0,3,7,2025,1,5,1,0,1,True,1.0,0.0,Closed Won,0,Closed,Closed opportunity,No open-deal action,,,,,,,,,,Closed,0.0
15,1406,Chennai,Tamil Nadu,South,Manufacturing,Enterprise,630,False,63,1406,2,1,2023-09-10,2,Workflow Suite,Software,Referral,Annual,New business,New,1657470.51,8.67,1513767.82,True,Competitor B,6,35.6,2024-01-28,Closed Lost,Lead,2023-09-15,2023-09-15,Closed Lost,No decision,2023-09-15,0,,5.0,5,0,3,9,2023,1,3,1,0,0,False,0.0,0.0,Excluded,0,Closed,Closed opportunity,No open-deal action,,,,,,,,,,Closed,0.0
16,7286,Kolkata,West Bengal,East,Manufacturing,SMB,117,False,94,7286,41,4,2026-06-05,2,Workflow Suite,Software,Outbound,Annual,New business,New,145418.64,7.32,134774.0,False,None,1,74.3,2026-09-04,Closed Lost,Discovery,2026-06-27,2026-06-27,Closed Lost,Timing,2026-06-26,1,,22.0,22,0,2,6,2026,1,1,1,0,0,False,0.0,0.0,Excluded,0,Closed,Closed opportunity,No open-deal action,,,,,,,,,,Closed,0.0
17,14951,Pune,Maharashtra,West,Healthcare,SMB,47,False,36,14951,16,2,2024-08-18,4,Security Services,Services,Inbound,Annual,New business,New,314013.32,8.43,287542.0,False,None,4,52.4,2024-11-23,Closed Won,Negotiation,2024-12-27,2024-12-27,Closed Won,,2024-12-13,14,,131.0,131,0,3,8,2024,2,0,0,0,0,True,1.0,0.0,Closed Won,0,Closed,Closed opportunity,No open-deal action,,,,,,,,,,Closed,0.0
18,15385,Delhi,Delhi,North,Healthcare,Enterprise,936,True,53,15385,25,3,2026-05-20,4,Security Services,Services,Referral,Project,Expansion,Existing,1465315.86,9.75,1322447.56,True,Competitor A,3,44.7,2026-08-30,Closed Lost,Lead,2026-05-25,2026-05-25,Closed Lost,Product mismatch,2026-05-24,1,,5.0,5,0,2,5,2026,0,1,0,0,0,False,0.0,0.0,Excluded,0,Closed,Closed opportunity,No open-deal action,,,,,,,,,,Closed,0.0
19,6080,Jaipur,Rajasthan,North,IT Services,Mid-market,387,False,75,6080,27,3,2025-05-12,2,Workflow Suite,Software,Inbound,Multi-year,New business,New,2736164.81,6.02,2571447.69,False,None,1,64.2,2025-08-31,Closed Lost,Lead,2025-05-25,2025-05-25,Closed Lost,Pricing,2025-05-23,2,,13.0,13,0,2,5,2025,3,0,1,0,0,False,0.0,0.0,Excluded,0,Closed,Closed opportunity,No open-deal action,,,,,,,,,,Closed,0.0
20,762,Delhi,Delhi,North,Retail,SMB,70,True,91,762,35,3,2023-03-16,3,Data Advisory,Services,Outbound,Annual,Renewal,Existing,246261.84,11.56,217793.97,False,None,3,48.6,2023-07-29,Closed Won,Negotiation,2023-07-20,2023-07-20,Closed Won,,2023-06-27,23,,126.0,126,0,1,3,2023,1,2,0,1,1,True,1.0,0.0,Closed Won,0,Closed,Closed opportunity,No open-deal action,,,,,,,,,,Closed,0.0
21,3439,Bhubaneswar,Odisha,East,Manufacturing,Mid-market,399,False,92,3439,39,4,2024-07-12,3,Data Advisory,Services,Outbound,Annual,New business,New,1963276.79,7.76,1810926.51,True,Competitor B,2,78.3,2024-09-16,Closed Lost,Negotiation,2024-11-01,2024-11-01,Closed Lost,Timing,2024-10-04,28,,112.0,112,0,3,7,2024,1,1,0,2,0,True,0.0,0.0,Excluded,0,Closed,Closed opportunity,No open-deal action,,,,,,,,,,Closed,0.0
22,15334,Kolkata,West Bengal,East,Healthcare,Mid-market,387,False,45,15334,40,4,2023-02-20,1,Cloud Enablement,Services,Referral,Project,New business,New,604207.74,9.92,544270.33,True,Competitor A,3,65.4,2023-06-06,Closed Lost,Lead,2023-03-16,2023-03-16,Closed Lost,Competitor selected,2023-03-10,6,,24.0,24,0,1,2,2023,1,3,0,0,0,False,0.0,0.0,Excluded,0,Closed,Closed opportunity,No open-deal action,,,,,,,,,,Closed,0.0
23,10095,Kolkata,West Bengal,East,IT Services,Mid-market,285,True,72,10095,40,4,2024-07-07,1,Cloud Enablement,Services,Partner,Project,Renewal,Existing,372262.06,7.85,343039.49,False,None,3,39.8,2024-10-10,Closed Lost,Negotiation,2024-10-13,2024-10-13,Closed Lost,Customer priorities changed,2024-09-08,35,,98.0,98,0,3,7,2024,1,1,0,0,0,True,0.0,0.0,Excluded,0,Closed,Closed opportunity,No open-deal action,,,,,,,,,,Closed,0.0
24,11647,Bengaluru,Karnataka,South,Healthcare,SMB,74,True,86,11647,9,1,2024-02-17,2,Workflow Suite,Software,Outbound,Project,Renewal,Existing,135133.71,15.5,114187.98,False,None,1,39.8,2024-04-24,Closed Lost,Lead,2024-02-28,2024-02-28,Closed Lost,Internal approval delay,2024-02-27,1,,11.0,11,0,1,2,2024,1,0,1,0,0,False,0.0,0.0,Excluded,0,Closed,Closed opportunity,No open-deal action,,,,,,,,,,Closed,0.0
25,2970,Jaipur,Rajasthan,North,IT Services,Mid-market,180,False,93,2970,34,3,2024-03-13,1,Cloud Enablement,Services,Outbound,Project,New business,New,353232.77,8.39,323596.54,False,None,1,65.4,2024-05-27,Closed Lost,Qualified,2024-03-23,2024-03-23,Closed Lost,Pricing,2024-03-23,0,,10.0,10,0,1,3,2024,2,1,3,0,1,False,0.0,0.0,Excluded,0,Closed,Closed opportunity,No open-deal action,,,,,,,,,,Closed,0.0
26,14714,Jaipur,Rajasthan,North,BFSI,Mid-market,282,False,49,14714,30,3,2026-08-19,2,Workflow Suite,Software,Inbound,Project,New business,New,966899.55,5.92,909659.1,False,None,2,61.7,2026-11-16,Qualified,Lead,2026-08-27,,Open,,2026-08-28,3,2026-09-04,,12,4,3,8,2026,0,1,3,0,0,False,0.3235641607653036,294333.08327402134,Pipeline,0,Low,,,4.166666666666666,11.25,11.666666666666666,7.7125,12.5,4.044552009566295,12.5,12.5,76.3,Healthy,0.0
27,10971,Mumbai,Maharashtra,West,BFSI,SMB,106,False,78,10971,23,2,2023-03-16,4,Security Services,Services,Partner,Annual,New business,New,403747.68,7.89,371891.99,False,None,3,66.5,2023-08-07,Closed Lost,Discovery,2023-06-02,2023-06-02,Closed Lost,Product mismatch,2023-05-02,31,,78.0,78,0,1,3,2023,1,1,2,0,0,False,0.0,0.0,Excluded,0,Closed,Closed opportunity,No open-deal action,,,,,,,,,,Closed,0.0
28,13208,Chennai,Tamil Nadu,South,Healthcare,SMB,55,False,59,13208,1,1,2024-04-22,1,Cloud Enablement,Services,Partner,Annual,New business,New,142766.95,2.75,138840.86,True,Competitor B,1,61.5,2024-07-31,Closed Lost,Proposal,2024-07-07,2024-07-07,Closed Lost,Product mismatch,2024-06-07,30,,76.0,76,0,2,4,2024,0,2,3,0,1,True,0.0,0.0,Excluded,0,Closed,Closed opportunity,No open-deal action,,,,,,,,,,Closed,0.0
29,6117,Kolkata,West Bengal,East,Healthcare,Enterprise,378,False,83,6117,38,4,2025-11-09,1,Cloud Enablement,Services,Inbound,Annual,New business,New,1922809.56,7.98,1769369.36,True,Competitor B,3,29.6,2026-03-05,Closed Lost,Qualified,2025-12-02,2025-12-02,Closed Lost,No decision,2025-11-19,13,,23.0,23,0,4,11,2025,0,3,0,0,0,False,0.0,0.0,Excluded,0,Closed,Closed opportunity,No open-deal action,,,,,,,,,,Closed,0.0
30,7114,Pune,Maharashtra,West,IT Services,SMB,104,False,65,7114,13,2,2026-02-25,2,Workflow Suite,Software,Inbound,Annual,New business,New,154730.96,6.84,144147.36,False,None,1,69.4,2026-05-25,Closed Lost,Discovery,2026-04-06,2026-04-06,Closed Lost,Competitor selected,2026-03-11,26,,40.0,40,0,1,2,2026,0,0,1,0,2,False,0.0,0.0,Excluded,0,Closed,Closed opportunity,No open-deal action,,,,,,,,,,Closed,0.0
31,251,Chennai,Tamil Nadu,South,Healthcare,SMB,114,False,64,251,8,1,2023-09-13,1,Cloud Enablement,Services,Inbound,Annual,New business,New,176753.07,10.57,158070.27,False,None,2,39.9,2023-11-19,Closed Lost,Demo,2023-11-19,2023-11-19,Closed Lost,Customer priorities changed,2023-11-07,12,,67.0,67,0,3,9,2023,1,1,1,0,1,False,0.0,0.0,Excluded,0,Closed,Closed opportunity,No open-deal action,,,,,,,,,,Closed,0.0
32,7445,Jaipur,Rajasthan,North,Retail,SMB,56,True,52,7445,32,3,2026-08-07,2,Workflow Suite,Software,Partner,Multi-year,Expansion,Existing,306904.1,8.74,280080.68,False,None,4,64.0,2026-10-20,Qualified,Lead,2026-08-26,,Open,,2026-08-31,0,2026-09-17,,24,5,3,8,2026,0,3,0,0,1,False,0.3235641607653036,90624.07017077555,Pipeline,0,Low,,,4.166666666666666,12.5,10.833333333333334,8.0,12.5,4.044552009566295,12.5,12.5,77.0,Healthy,0.0
33,12614,Jaipur,Rajasthan,North,BFSI,Mid-market,225,True,35,12614,28,3,2026-03-24,3,Data Advisory,Services,Partner,Annual,Expansion,Existing,816417.73,8.06,750614.46,False,None,3,44.2,2026-08-04,Closed Lost,Proposal,2026-08-06,2026-08-06,Closed Lost,Budget constraints,2026-07-24,13,,135.0,135,0,1,3,2026,0,0,2,0,0,True,0.0,0.0,Excluded,0,Closed,Closed opportunity,No open-deal action,,,,,,,,,,Closed,0.0
34,275,Pune,Maharashtra,West,Manufacturing,Enterprise,990,True,78,275,14,2,2024-04-23,3,Data Advisory,Services,Referral,Multi-year,Expansion,Existing,5423857.3,5.42,5129884.23,True,Competitor A,4,67.5,2024-07-23,Closed Won,Negotiation,2024-08-08,2024-08-08,Closed Won,,2024-07-29,10,,107.0,107,0,2,4,2024,1,1,1,1,0,True,1.0,0.0,Closed Won,0,Closed,Closed opportunity,No open-deal action,,,,,,,,,,Closed,0.0
35,14711,Bhubaneswar,Odisha,East,BFSI,Enterprise,432,False,73,14711,48,4,2023-02-20,3,Data Advisory,Services,Inbound,Project,New business,New,2293672.09,4.13,2198943.43,True,Competitor C,5,50.9,2023-06-25,Closed Lost,Proposal,2023-07-06,2023-07-06,Closed Lost,Competitor selected,2023-05-06,61,,136.0,136,0,1,2,2023,0,2,0,0,2,True,0.0,0.0,Excluded,0,Closed,Closed opportunity,No open-deal action,,,,,,,,,,Closed,0.0
36,8374,Bengaluru,Karnataka,South,Manufacturing,SMB,110,False,79,8374,6,1,2023-04-23,4,Security Services,Services,Inbound,Project,New business,New,216332.86,2.57,210773.11,False,None,2,69.0,2023-06-29,Closed Lost,Discovery,2023-06-03,2023-06-03,Closed Lost,Product mismatch,2023-05-28,6,,41.0,41,0,2,4,2023,0,1,2,0,2,False,0.0,0.0,Excluded,0,Closed,Closed opportunity,No open-deal action,,,,,,,,,,Closed,0.0
37,12702,Kolkata,West Bengal,East,Retail,SMB,123,False,39,12702,46,4,2023-07-06,1,Cloud Enablement,Services,Inbound,Annual,New business,New,266163.8,5.42,251737.72,False,None,2,60.7,2023-09-14,Closed Lost,Lead,2023-07-29,2023-07-29,Closed Lost,Pricing,2023-07-29,0,,23.0,23,0,3,7,2023,1,1,1,0,2,False,0.0,0.0,Excluded,0,Closed,Closed opportunity,No open-deal action,,,,,,,,,,Closed,0.0
38,8388,Kolkata,West Bengal,East,Retail,SMB,69,True,40,8388,45,4,2026-05-12,4,Security Services,Services,Event,Multi-year,Expansion,Existing,498075.65,19.65,400203.78,True,Competitor A,1,44.0,2026-07-24,Closed Lost,Qualified,2026-06-25,2026-06-25,Closed Lost,Budget constraints,2026-06-21,4,,44.0,44,0,2,5,2026,0,4,1,0,0,False,0.0,0.0,Excluded,0,Closed,Closed opportunity,No open-deal action,,,,,,,,,,Closed,0.0
39,11552,Bengaluru,Karnataka,South,Manufacturing,SMB,75,False,81,11552,9,1,2023-05-29,4,Security Services,Services,Partner,Annual,New business,New,171995.42,9.7,155311.86,False,None,2,29.2,2023-07-24,Closed Lost,Lead,2023-06-16,2023-06-16,Closed Lost,Budget constraints,2023-06-03,13,,18.0,18,0,2,5,2023,0,0,1,0,1,False,0.0,0.0,Excluded,0,Closed,Closed opportunity,No open-deal action,,,,,,,,,,Closed,0.0
40,12647,Mumbai,Maharashtra,West,BFSI,SMB,55,True,40,12647,19,2,2025-04-13,1,Cloud Enablement,Services,Event,Project,Renewal,Existing,348330.97,7.15,323425.31,False,None,3,67.1,2025-06-25,Closed Won,Negotiation,2025-09-16,2025-09-16,Closed Won,,2025-09-13,3,,156.0,156,0,2,4,2025,2,0,0,1,0,True,1.0,0.0,Closed Won,0,Closed,Closed opportunity,No open-deal action,,,,,,,,,,Closed,0.0
41,9945,Chennai,Tamil Nadu,South,Retail,SMB,123,False,62,9945,11,1,2026-08-14,3,Data Advisory,Services,Event,Annual,New business,New,717628.74,2.13,702343.25,False,None,2,26.2,2027-01-14,Lead,None,2026-08-14,,Open,,2026-08-27,4,2026-09-04,,17,17,3,8,2026,0,0,0,0,2,False,0.24256673698675726,170365.1103971743,Pipeline,10,Low,Low engagement,Re-engage the decision maker,2.083333333333333,10.833333333333334,11.319444444444445,3.2750000000000004,12.5,3.032084212334466,12.5,12.5,68.0,Watch,17036.51103971743
42,9491,Chennai,Tamil Nadu,South,BFSI,Mid-market,306,False,43,9491,12,1,2025-07-07,1,Cloud Enablement,Services,Inbound,Project,New business,New,764890.46,3.75,736207.07,True,Competitor B,3,75.6,2025-09-22,Closed Lost,Demo,2025-09-10,2025-09-10,Closed Lost,Competitor selected,2025-09-07,3,,65.0,65,0,3,7,2025,1,1,2,1,0,False,0.0,0.0,Excluded,0,Closed,Closed opportunity,No open-deal action,,,,,,,,,,Closed,0.0
43,4367,Chennai,Tamil Nadu,South,Retail,SMB,82,False,49,4367,9,1,2025-05-21,2,Workflow Suite,Software,Outbound,Project,New business,New,125719.51,6.97,116956.86,False,None,4,63.2,2025-10-28,Closed Lost,Qualified,2025-07-08,2025-07-08,Closed Lost,No decision,2025-06-28,10,,48.0,48,0,2,5,2025,1,1,1,0,3,False,0.0,0.0,Excluded,0,Closed,Closed opportunity,No open-deal action,,,,,,,,,,Closed,0.0
44,4741,Mumbai,Maharashtra,West,Manufacturing,Mid-market,84,True,70,4741,21,2,2024-01-23,3,Data Advisory,Services,Inbound,Project,Expansion,Existing,272246.4,5.91,256156.64,True,Competitor B,3,68.8,2024-05-17,Closed Lost,Qualified,2024-02-05,2024-02-05,Closed Lost,Pricing,2024-02-05,0,,13.0,13,0,1,1,2024,0,4,2,0,1,False,0.0,0.0,Excluded,0,Closed,Closed opportunity,No open-deal action,,,,,,,,,,Closed,0.0
45,12886,Kolkata,West Bengal,East,IT Services,SMB,149,False,89,12886,41,4,2023-02-16,2,Workflow Suite,Software,Partner,Project,New business,New,264397.99,4.41,252738.04,False,None,3,35.1,2023-05-20,Closed Lost,Qualified,2023-04-07,2023-04-07,Closed Lost,No decision,2023-03-27,11,,50.0,50,0,1,2,2023,2,2,0,0,0,False,0.0,0.0,Excluded,0,Closed,Closed opportunity,No open-deal action,,,,,,,,,,Closed,0.0
46,3782,Chennai,Tamil Nadu,South,Retail,SMB,149,False,49,3782,1,1,2026-08-08,2,Workflow Suite,Software,Inbound,Project,New business,New,386313.63,9.8,348454.89,True,Competitor C,2,29.7,2026-11-09,Qualified,Lead,2026-08-26,,Open,,2026-08-28,3,2026-09-02,,23,5,3,8,2026,1,3,1,0,1,False,0.3235641607653036,112747.51404741619,Pipeline,15,Low,Low engagement; Competitor present,Re-engage the decision maker; Clarify differentiation and buying criteria,4.166666666666666,11.25,10.902777777777779,3.7125,12.5,4.044552009566295,12.5,12.5,71.6,Healthy,16912.12710711243
47,10105,Pune,Maharashtra,West,Manufacturing,Mid-market,231,False,40,10105,14,2,2025-09-27,4,Security Services,Services,Inbound,Multi-year,New business,New,1271808.3,2.3,1242556.71,False,None,1,96.5,2026-02-03,Closed Won,Negotiation,2025-12-01,2025-12-01,Closed Won,,2025-11-04,27,,65.0,65,0,3,9,2025,1,1,0,0,0,True,1.0,0.0,Closed Won,0,Closed,Closed opportunity,No open-deal action,,,,,,,,,,Closed,0.0
48,12885,Jaipur,Rajasthan,North,BFSI,Enterprise,738,False,47,12885,33,3,2025-05-09,1,Cloud Enablement,Services,Outbound,Annual,New business,New,1476575.14,5.08,1401565.12,True,Competitor A,6,90.9,2025-08-04,Closed Lost,Proposal,2025-08-28,2025-08-28,Closed Lost,Internal approval delay,2025-05-30,90,,111.0,111,0,2,5,2025,0,2,0,0,0,True,0.0,0.0,Excluded,0,Closed,Closed opportunity,No open-deal action,,,,,,,,,,Closed,0.0
49,9771,Chennai,Tamil Nadu,South,Manufacturing,SMB,93,False,61,9771,3,1,2024-09-23,2,Workflow Suite,Software,Referral,Project,New business,New,174508.8,7.67,161123.98,False,None,3,59.8,2025-01-02,Closed Lost,Negotiation,2025-01-18,2025-01-18,Closed Lost,Competitor selected,2024-11-25,54,,117.0,117,0,3,9,2024,0,1,0,0,0,True,0.0,0.0,Excluded,0,Closed,Closed opportunity,No open-deal action,,,,,,,,,,Closed,0.0
50,8440,Jaipur,Rajasthan,North,Retail,Mid-market,159,True,83,8440,36,3,2025-01-11,1,Cloud Enablement,Services,Inbound,Annual,Expansion,Existing,816830.04,14.64,697246.12,True,Competitor A,2,53.8,2025-04-18,Closed Lost,Discovery,2025-02-23,2025-02-23,Closed Lost,Timing,2025-02-14,9,,43.0,43,0,1,1,2025,0,0,2,0,1,False,0.0,0.0,Excluded,0,Closed,Closed opportunity,No open-deal action,,,,,,,,,,Closed,0.0
51,5221,Mumbai,Maharashtra,West,Healthcare,Enterprise,855,True,61,5221,19,2,2026-07-13,3,Data Advisory,Services,Inbound,Multi-year,Expansion,Existing,5613979.09,4.32,5371455.19,True,Competitor A,6,46.6,2026-10-01,Demo,Discovery,2026-08-29,,Open,,2026-08-30,1,2026-09-02,,49,2,3,7,2026,0,1,1,1,3,False,0.49543899657924745,2661228.369503991,Best Case,15,Low,Competitor present; Large deal exposure,Clarify differentiation and buying criteria; Arrange executive sponsorship,8.333333333333332,12.083333333333334,9.097222222222223,5.825,12.5,6.192987457240593,4.5258102395153745,12.5,71.1,Healthy,399184.2554255987
52,1674,Kolkata,West Bengal,East,Manufacturing,Mid-market,84,False,41,1674,47,4,2025-03-06,4,Security Services,Services,Outbound,Annual,New business,New,547314.9,5.84,515351.71,False,None,3,57.5,2025-06-08,Closed Won,Negotiation,2025-07-13,2025-07-13,Closed Won,,2025-05-18,56,,129.0,129,0,1,3,2025,0,0,1,0,1,True,1.0,0.0,Closed Won,0,Closed,Closed opportunity,No open-deal action,,,,,,,,,,Closed,0.0
53,2536,Bhubaneswar,Odisha,East,Healthcare,Mid-market,159,True,62,2536,42,4,2023-03-27,2,Workflow Suite,Software,Partner,Multi-year,Expansion,Existing,996670.89,7.05,926405.59,False,None,4,54.7,2023-07-20,Closed Won,Negotiation,2023-09-21,2023-09-21,Closed Won,,2023-09-02,19,,178.0,178,0,1,3,2023,0,1,0,1,3,True,1.0,0.0,Closed Won,0,Closed,Closed opportunity,No open-deal action,,,,,,,,,,Closed,0.0
54,13315,Kolkata,West Bengal,East,Retail,SMB,106,False,94,13315,43,4,2024-11-14,3,Data Advisory,Services,Partner,Project,New business,New,182022.59,6.91,169444.83,True,Competitor C,4,75.5,2025-02-12,Closed Won,Negotiation,2025-03-03,2025-03-03,Closed Won,,2025-02-24,7,,109.0,109,0,4,11,2024,1,0,2,1,0,True,1.0,0.0,Closed Won,0,Closed,Closed opportunity,No open-deal action,,,,,,,,,,Closed,0.0
55,2241,Chennai,Tamil Nadu,South,Healthcare,SMB,132,False,51,2241,7,1,2024-09-03,4,Security Services,Services,Inbound,Annual,New business,New,417682.42,7.03,388319.35,True,Competitor B,1,79.2,2024-12-04,Closed Lost,Discovery,2024-09-20,2024-09-20,Closed Lost,Pricing,2024-09-18,2,,17.0,17,0,3,9,2024,0,4,1,0,0,False,0.0,0.0,Excluded,0,Closed,Closed opportunity,No open-deal action,,,,,,,,,,Closed,0.0
56,6597,Kolkata,West Bengal,East,IT Services,SMB,100,False,83,6597,43,4,2024-05-27,2,Workflow Suite,Software,Event,Multi-year,New business,New,222018.75,17.75,182610.42,False,None,3,36.0,2024-09-17,Closed Lost,Qualified,2024-07-27,2024-07-27,Closed Lost,Timing,2024-07-19,8,,61.0,61,0,2,5,2024,1,0,0,0,0,False,0.0,0.0,Excluded,0,Closed,Closed opportunity,No open-deal action,,,,,,,,,,Closed,0.0
57,15160,Mumbai,Maharashtra,West,Manufacturing,SMB,39,False,84,15160,15,2,2023-11-27,4,Security Services,Services,Partner,Multi-year,New business,New,259296.57,7.69,239356.66,False,None,3,83.5,2024-02-18,Closed Won,Negotiation,2024-03-30,2024-03-30,Closed Won,,2024-02-14,45,,124.0,124,0,4,11,2023,2,0,2,0,0,True,1.0,0.0,Closed Won,0,Closed,Closed opportunity,No open-deal action,,,,,,,,,,Closed,0.0
59,5857,Pune,Maharashtra,West,Retail,Mid-market,294,False,47,5857,20,2,2024-03-04,4,Security Services,Services,Event,Multi-year,New business,New,1579307.76,8.47,1445540.39,True,Competitor B,3,32.5,2024-06-18,Closed Lost,Qualified,2024-04-09,2024-04-09,Closed Lost,Budget constraints,2024-03-06,34,,36.0,36,0,1,3,2024,1,0,0,0,0,False,0.0,0.0,Excluded,0,Closed,Closed opportunity,No open-deal action,,,,,,,,,,Closed,0.0
60,1897,Delhi,Delhi,North,Manufacturing,SMB,37,False,73,1897,26,3,2023-04-04,4,Security Services,Services,Event,Multi-year,New business,New,181684.9,2.52,177106.44,True,Competitor A,3,77.3,2023-06-28,Closed Lost,Demo,2023-06-29,2023-06-29,Closed Lost,No decision,2023-06-28,1,,86.0,86,0,2,4,2023,4,2,1,0,1,False,0.0,0.0,Excluded,0,Closed,Closed opportunity,No open-deal action,,,,,,,,,,Closed,0.0
61,8015,Kolkata,West Bengal,East,BFSI,Mid-market,156,True,57,8015,47,4,2023-10-03,4,Security Services,Services,Referral,Project,Expansion,Existing,734587.62,6.13,689557.4,False,None,3,59.0,2024-02-21,Closed Lost,Qualified,2023-11-22,2023-11-22,Closed Lost,Timing,2023-11-22,0,,50.0,50,0,4,10,2023,0,2,2,0,2,False,0.0,0.0,Excluded,0,Closed,Closed opportunity,No open-deal action,,,,,,,,,,Closed,0.0
62,3230,Kolkata,West Bengal,East,Manufacturing,Mid-market,300,True,47,3230,44,4,2024-11-24,1,Cloud Enablement,Services,Referral,Annual,Renewal,Existing,622789.05,3.21,602797.52,False,None,4,32.5,2025-02-21,Closed Lost,Negotiation,2025-05-02,2025-05-02,Closed Lost,Poor engagement,2025-03-04,59,,159.0,159,0,4,11,2024,0,2,1,0,1,True,0.0,0.0,Excluded,0,Closed,Closed opportunity,No open-deal action,,,,,,,,,,Closed,0.0
63,10474,Chennai,Tamil Nadu,South,BFSI,Mid-market,219,True,70,10474,3,1,2024-04-14,1,Cloud Enablement,Services,Referral,Project,Expansion,Existing,1079638.96,4.76,1028248.15,True,Competitor A,2,38.5,2024-07-05,Closed Lost,Lead,2024-04-21,2024-04-21,Closed Lost,Competitor selected,2024-04-20,1,,7.0,7,0,2,4,2024,1,0,2,0,0,False,0.0,0.0,Excluded,0,Closed,Closed opportunity,No open-deal action,,,,,,,,,,Closed,0.0
64,871,Pune,Maharashtra,West,IT Services,Mid-market,360,True,60,871,23,2,2025-04-10,4,Security Services,Services,Partner,Project,Renewal,Existing,714535.3,5.0,678808.54,True,Competitor C,3,72.6,2025-06-28,Closed Lost,Qualified,2025-05-03,2025-05-03,Closed Lost,Customer priorities changed,2025-04-11,22,,23.0,23,0,2,4,2025,0,0,2,0,0,False,0.0,0.0,Excluded,0,Closed,Closed opportunity,No open-deal action,,,,,,,,,,Closed,0.0
65,6607,Kolkata,West Bengal,East,IT Services,Mid-market,216,False,77,6607,42,4,2023-07-26,1,Cloud Enablement,Services,Outbound,Project,New business,New,631984.52,4.26,605061.98,False,None,3,74.5,2023-09-15,Closed Lost,Lead,2023-08-03,2023-08-03,Closed Lost,Budget constraints,2023-08-02,1,,8.0,8,0,3,7,2023,1,3,0,0,1,False,0.0,0.0,Excluded,0,Closed,Closed opportunity,No open-deal action,,,,,,,,,,Closed,0.0
66,12019,Bengaluru,Karnataka,South,Healthcare,Mid-market,99,False,43,12019,4,1,2024-03-21,1,Cloud Enablement,Services,Referral,Multi-year,New business,New,1211450.68,5.96,1139248.22,False,None,1,39.4,2024-06-22,Closed Won,Negotiation,2024-07-29,2024-07-29,Closed Won,,2024-04-16,104,,130.0,130,0,1,3,2024,1,2,0,0,0,True,1.0,0.0,Closed Won,0,Closed,Closed opportunity,No open-deal action,,,,,,,,,,Closed,0.0
67,7819,Jaipur,Rajasthan,North,IT Services,SMB,149,False,47,7819,31,3,2024-11-27,1,Cloud Enablement,Services,Partner,Multi-year,New business,New,381963.09,6.55,356944.51,False,None,2,68.9,2025-02-10,Closed Lost,Lead,2024-12-06,2024-12-06,Closed Lost,Budget constraints,2024-12-05,1,,9.0,9,0,4,11,2024,1,2,0,0,0,False,0.0,0.0,Excluded,0,Closed,Closed opportunity,No open-deal action,,,,,,,,,,Closed,0.0
68,10277,Kolkata,West Bengal,East,BFSI,SMB,36,True,63,10277,44,4,2023-10-08,1,Cloud Enablement,Services,Outbound,Annual,Renewal,Existing,271389.13,13.61,234453.07,False,None,1,64.6,2024-01-07,Closed Lost,Lead,2023-10-18,2023-10-18,Closed Lost,Internal approval delay,2023-10-12,6,,10.0,10,0,4,10,2023,0,0,2,0,0,False,0.0,0.0,Excluded,0,Closed,Closed opportunity,No open-deal action,,,,,,,,,,Closed,0.0
69,5336,Bengaluru,Karnataka,South,BFSI,SMB,84,True,35,5336,5,1,2025-11-03,3,Data Advisory,Services,Referral,Annual,Expansion,Existing,422247.85,9.22,383316.6,False,None,4,42.4,2026-04-09,Closed Lost,Lead,2025-11-09,2025-11-09,Closed Lost,Competitor selected,2025-11-09,0,,6.0,6,0,4,11,2025,0,1,2,0,0,False,0.0,0.0,Excluded,0,Closed,Closed opportunity,No open-deal action,,,,,,,,,,Closed,0.0
70,16053,Jaipur,Rajasthan,North,BFSI,Mid-market,177,True,54,16053,30,3,2026-03-02,1,Cloud Enablement,Services,Partner,Annual,Renewal,Existing,749181.27,12.22,657631.32,True,Competitor B,1,59.1,2026-05-12,Closed Lost,Qualified,2026-04-14,2026-04-14,Closed Lost,Competitor selected,2026-04-06,8,,43.0,43,0,1,3,2026,1,1,3,0,1,False,0.0,0.0,Excluded,0,Closed,Closed opportunity,No open-deal action,,,,,,,,,,Closed,0.0
71,12786,Mumbai,Maharashtra,West,Retail,Mid-market,324,False,71,12786,16,2,2023-01-31,2,Workflow Suite,Software,Referral,Project,New business,New,711506.06,3.29,688097.51,True,Competitor B,3,56.0,2023-04-29,Closed Won,Negotiation,2023-06-13,2023-06-13,Closed Won,,2023-05-29,15,,133.0,133,0,1,1,2023,1,1,0,0,0,True,1.0,0.0,Closed Won,0,Closed,Closed opportunity,No open-deal action,,,,,,,,,,Closed,0.0
72,2771,Jaipur,Rajasthan,North,Retail,Mid-market,87,False,92,2771,34,3,2024-05-07,4,Security Services,Services,Outbound,Multi-year,New business,New,452173.28,3.08,438246.34,False,None,2,35.1,2024-07-16,Closed Lost,Demo,2024-06-23,2024-06-23,Closed Lost,Budget constraints,2024-06-21,2,,47.0,47,0,2,5,2024,0,1,0,1,1,False,0.0,0.0,Excluded,0,Closed,Closed opportunity,No open-deal action,,,,,,,,,,Closed,0.0
73,14468,Mumbai,Maharashtra,West,Retail,Mid-market,126,True,55,14468,24,2,2023-02-19,1,Cloud Enablement,Services,Partner,Annual,Expansion,Existing,469790.18,15.74,395845.21,False,None,2,58.2,2023-06-09,Closed Won,Negotiation,2023-05-23,2023-05-23,Closed Won,,2023-04-18,35,,93.0,93,0,1,2,2023,2,0,1,0,2,True,1.0,0.0,Closed Won,0,Closed,Closed opportunity,No open-deal action,,,,,,,,,,Closed,0.0
74,5113,Bhubaneswar,Odisha,East,Retail,Mid-market,240,False,48,5113,48,4,2025-01-02,2,Workflow Suite,Software,Event,Multi-year,New business,New,690987.85,2.08,676615.3,False,None,1,19.2,2025-03-24,Closed Lost,Lead,2025-01-18,2025-01-18,Closed Lost,Product mismatch,2025-01-17,1,,16.0,16,0,1,1,2025,1,0,1,0,0,False,0.0,0.0,Excluded,0,Closed,Closed opportunity,No open-deal action,,,,,,,,,,Closed,0.0
75,5614,Mumbai,Maharashtra,West,IT Services,Enterprise,1170,True,56,5614,18,2,2026-03-28,2,Workflow Suite,Software,Partner,Project,Expansion,Existing,2351285.18,6.57,2196805.74,False,None,5,42.1,2026-09-16,Closed Lost,Negotiation,2026-07-19,2026-07-19,Closed Lost,Budget constraints,2026-06-17,32,,113.0,113,0,1,3,2026,1,1,0,0,2,True,0.0,0.0,Excluded,0,Closed,Closed opportunity,No open-deal action,,,,,,,,,,Closed,0.0
76,10656,Bhubaneswar,Odisha,East,Retail,Mid-market,336,True,76,10656,46,4,2024-08-04,4,Security Services,Services,Inbound,Project,Expansion,Existing,540824.07,2.94,524923.84,True,Competitor C,4,47.8,2025-01-31,Closed Lost,Lead,2024-08-11,2024-08-11,Closed Lost,Product mismatch,2024-08-11,0,,7.0,7,0,3,8,2024,0,1,3,0,0,False,0.0,0.0,Excluded,0,Closed,Closed opportunity,No open-deal action,,,,,,,,,,Closed,0.0
77,7857,Bengaluru,Karnataka,South,Retail,Mid-market,165,False,86,7857,12,1,2024-06-21,4,Security Services,Services,Outbound,Annual,New business,New,999413.02,6.68,932652.23,False,None,3,23.9,2024-10-16,Closed Won,Negotiation,2024-11-12,2024-11-12,Closed Won,,2024-11-12,0,,144.0,144,0,2,6,2024,1,0,0,0,0,True,1.0,0.0,Closed Won,0,Closed,Closed opportunity,No open-deal action,,,,,,,,,,Closed,0.0
78,9259,Chennai,Tamil Nadu,South,Manufacturing,SMB,33,False,51,9259,8,1,2024-11-05,1,Cloud Enablement,Services,Outbound,Project,New business,New,154208.27,6.0,144955.77,True,Competitor B,2,99.1,2025-01-21,Closed Won,Negotiation,2025-01-22,2025-01-22,Closed Won,,2025-01-17,5,,78.0,78,0,4,11,2024,0,1,1,0,2,True,1.0,0.0,Closed Won,0,Closed,Closed opportunity,No open-deal action,,,,,,,,,,Closed,0.0
79,11114,Mumbai,Maharashtra,West,IT Services,Enterprise,873,False,58,11114,23,2,2025-02-24,4,Security Services,Services,Outbound,Annual,New business,New,2304726.62,6.05,2165290.66,False,None,5,34.4,2025-05-09,Closed Lost,Lead,2025-03-13,2025-03-13,Closed Lost,Timing,2025-03-12,1,,17.0,17,0,1,2,2025,1,1,2,0,0,False,0.0,0.0,Excluded,0,Closed,Closed opportunity,No open-deal action,,,,,,,,,,Closed,0.0
80,9077,Jaipur,Rajasthan,North,IT Services,SMB,140,False,39,9077,31,3,2024-04-10,4,Security Services,Services,Outbound,Project,New business,New,330587.32,13.3,286619.21,False,None,3,81.1,2024-08-21,Closed Lost,Lead,2024-04-16,2024-04-16,Closed Lost,Pricing,2024-04-14,2,,6.0,6,0,2,4,2024,1,1,3,0,2,False,0.0,0.0,Excluded,0,Closed,Closed opportunity,No open-deal action,,,,,,,,,,Closed,0.0
81,2549,Pune,Maharashtra,West,IT Services,Mid-market,255,False,66,2549,24,2,2024-10-26,2,Workflow Suite,Software,Event,Annual,New business,New,629811.23,11.13,559713.24,True,Competitor B,4,34.2,2025-03-30,Closed Won,Negotiation,2024-12-25,2024-12-25,Closed Won,,2024-12-13,12,,60.0,60,0,4,10,2024,1,2,2,0,0,True,1.0,0.0,Closed Won,0,Closed,Closed opportunity,No open-deal action,,,,,,,,,,Closed,0.0
82,1550,Bengaluru,Karnataka,South,Healthcare,Enterprise,225,False,72,1550,10,1,2024-03-26,2,Workflow Suite,Software,Outbound,Project,New business,New,451302.48,15.15,382930.15,False,None,4,54.1,2024-07-31,Closed Won,Negotiation,2024-06-23,2024-06-23,Closed Won,,2024-06-23,0,,89.0,89,0,1,3,2024,1,1,1,0,0,True,1.0,0.0,Closed Won,0,Closed,Closed opportunity,No open-deal action,,,,,,,,,,Closed,0.0
83,9627,Pune,Maharashtra,West,Healthcare,SMB,26,False,51,9627,24,2,2023-04-27,2,Workflow Suite,Software,Inbound,Annual,New business,New,66098.86,9.25,59984.72,False,None,2,72.8,2023-08-09,Closed Lost,Demo,2023-06-06,2023-06-06,Closed Lost,Timing,2023-05-21,16,,40.0,40,0,2,4,2023,1,1,2,0,0,False,0.0,0.0,Excluded,0,Closed,Closed opportunity,No open-deal action,,,,,,,,,,Closed,0.0
84,346,Mumbai,Maharashtra,West,Manufacturing,SMB,121,True,75,346,16,2,2023-04-29,1,Cloud Enablement,Services,Inbound,Annual,Renewal,Existing,412504.01,5.59,389445.04,False,None,2,63.3,2023-08-24,Closed Won,Negotiation,2023-08-22,2023-08-22,Closed Won,,2023-07-16,37,,115.0,115,0,2,4,2023,2,2,1,0,1,True,1.0,0.0,Closed Won,0,Closed,Closed opportunity,No open-deal action,,,,,,,,,,Closed,0.0
85,13691,Kolkata,West Bengal,East,IT Services,SMB,139,False,86,13691,44,4,2024-12-09,2,Workflow Suite,Software,Referral,Project,New business,New,134348.37,23.88,102265.98,True,Competitor C,2,75.4,2025-03-05,Closed Lost,Negotiation,2025-05-10,2025-05-10,Closed Lost,Pricing,2025-05-03,7,,152.0,152,0,4,12,2024,0,1,2,2,0,True,0.0,0.0,Excluded,0,Closed,Closed opportunity,No open-deal action,,,,,,,,,,Closed,0.0
86,12031,Jaipur,Rajasthan,North,BFSI,SMB,110,False,73,12031,28,3,2025-01-02,2,Workflow Suite,Software,Event,Project,New business,New,146101.03,3.27,141323.53,False,None,3,45.7,2025-03-30,Closed Lost,Discovery,2025-02-04,2025-02-04,Closed Lost,Budget constraints,2025-02-01,3,,33.0,33,0,1,1,2025,2,3,1,0,1,False,0.0,0.0,Excluded,0,Closed,Closed opportunity,No open-deal action,,,,,,,,,,Closed,0.0
87,10301,Bengaluru,Karnataka,South,BFSI,SMB,67,False,44,10301,6,1,2025-02-23,2,Workflow Suite,Software,Partner,Project,New business,New,113498.98,0.96,112409.39,False,None,2,70.4,2025-07-23,Closed Lost,Proposal,2025-05-09,2025-05-09,Closed Lost,Competitor selected,2025-05-02,7,,75.0,75,0,1,2,2025,0,2,2,0,1,True,0.0,0.0,Excluded,0,Closed,Closed opportunity,No open-deal action,,,,,,,,,,Closed,0.0
88,11793,Mumbai,Maharashtra,West,IT Services,Enterprise,1341,True,65,11793,20,2,2025-06-20,4,Security Services,Services,Referral,Project,Expansion,Existing,2980012.5,13.55,2576220.81,False,None,4,75.3,2025-10-19,Closed Lost,Negotiation,2025-11-12,2025-11-12,Closed Lost,Timing,2025-09-29,44,,145.0,145,0,2,6,2025,2,3,1,0,1,True,0.0,0.0,Excluded,0,Closed,Closed opportunity,No open-deal action,,,,,,,,,,Closed,0.0
89,6619,Mumbai,Maharashtra,West,IT Services,SMB,72,False,73,6619,13,2,2025-03-25,4,Security Services,Services,Outbound,Project,New business,New,644574.14,3.94,619177.92,False,None,1,64.7,2025-07-04,Closed Won,Negotiation,2025-07-04,2025-07-04,Closed Won,,2025-06-30,4,,101.0,101,0,1,3,2025,1,1,0,0,1,True,1.0,0.0,Closed Won,0,Closed,Closed opportunity,No open-deal action,,,,,,,,,,Closed,0.0
90,476,Kolkata,West Bengal,East,Retail,SMB,117,False,49,476,43,4,2025-10-09,3,Data Advisory,Services,Partner,Annual,New business,New,293444.75,3.53,283086.15,False,None,2,47.2,2025-12-13,Closed Lost,Negotiation,2026-01-19,2026-01-19,Closed Lost,Timing,2026-01-10,9,,102.0,102,0,4,10,2025,0,1,1,0,1,True,0.0,0.0,Excluded,0,Closed,Closed opportunity,No open-deal action,,,,,,,,,,Closed,0.0
91,13877,Jaipur,Rajasthan,North,Healthcare,Mid-market,270,False,53,13877,28,3,2024-10-01,1,Cloud Enablement,Services,Inbound,Project,New business,New,551179.48,20.38,438849.1,True,Competitor B,3,16.2,2025-02-24,Closed Won,Negotiation,2025-01-31,2025-01-31,Closed Won,,2025-01-11,20,,122.0,122,0,4,10,2024,1,2,0,0,0,True,1.0,0.0,Closed Won,0,Closed,Closed opportunity,No open-deal action,,,,,,,,,,Closed,0.0
92,13851,Chennai,Tamil Nadu,South,Manufacturing,Mid-market,282,False,54,13851,6,1,2026-08-13,1,Cloud Enablement,Services,Partner,Multi-year,New business,New,2523883.77,17.27,2088009.04,False,None,1,60.1,2026-11-08,Lead,None,2026-08-13,,Open,,2026-08-25,6,,,18,18,3,8,2026,0,2,1,0,0,False,0.24256673698675726,506481.53963165154,Pipeline,20,Low,Large deal exposure; No future follow-up,Arrange executive sponsorship; Schedule a dated next action,2.083333333333333,10.0,11.25,7.512499999999999,12.5,3.032084212334466,11.642759410658492,0.0,58.0,Watch,101296.30792633031
93,10407,Mumbai,Maharashtra,West,IT Services,Mid-market,84,False,48,10407,13,2,2025-12-17,2,Workflow Suite,Software,Outbound,Multi-year,New business,New,277602.23,9.74,250563.77,False,None,2,61.5,2026-03-08,Closed Lost,Negotiation,2026-05-07,2026-05-07,Closed Lost,Poor engagement,2026-05-03,4,,141.0,141,0,4,12,2025,1,2,1,1,0,True,0.0,0.0,Excluded,0,Closed,Closed opportunity,No open-deal action,,,,,,,,,,Closed,0.0
94,12779,Pune,Maharashtra,West,Manufacturing,SMB,50,True,63,12779,19,2,2023-11-22,1,Cloud Enablement,Services,Inbound,Annual,Renewal,Existing,241809.69,17.53,199420.45,False,None,2,59.8,2024-02-05,Closed Lost,Proposal,2024-01-30,2024-01-30,Closed Lost,No decision,2024-01-23,7,,69.0,69,0,4,11,2023,0,1,0,0,1,True,0.0,0.0,Excluded,0,Closed,Closed opportunity,No open-deal action,,,,,,,,,,Closed,0.0
95,1275,Kolkata,West Bengal,East,Healthcare,Mid-market,360,False,43,1275,40,4,2025-05-28,4,Security Services,Services,Referral,Multi-year,New business,New,1257466.28,4.93,1195473.19,False,None,4,76.5,2025-09-07,Closed Lost,Negotiation,2025-09-14,2025-09-14,Closed Lost,Budget constraints,2025-09-12,2,,109.0,109,0,2,5,2025,2,0,0,0,1,True,0.0,0.0,Excluded,0,Closed,Closed opportunity,No open-deal action,,,,,,,,,,Closed,0.0
96,3619,Pune,Maharashtra,West,Retail,Mid-market,162,False,94,3619,21,2,2026-01-26,2,Workflow Suite,Software,Outbound,Multi-year,New business,New,1237572.15,10.37,1109235.92,False,None,3,74.4,2026-05-19,Closed Won,Negotiation,2026-05-18,2026-05-18,Closed Won,,2026-04-07,41,,112.0,112,0,1,1,2026,0,1,2,0,1,True,1.0,0.0,Closed Won,0,Closed,Closed opportunity,No open-deal action,,,,,,,,,,Closed,0.0
97,3536,Bengaluru,Karnataka,South,BFSI,SMB,106,False,58,3536,6,1,2024-03-02,2,Workflow Suite,Software,Inbound,Annual,New business,New,313504.06,1.22,309679.31,True,Competitor C,4,59.8,2024-05-25,Closed Lost,Lead,2024-03-17,2024-03-17,Closed Lost,Procurement delay,2024-03-16,1,,15.0,15,0,1,3,2024,0,3,0,0,1,False,0.0,0.0,Excluded,0,Closed,Closed opportunity,No open-deal action,,,,,,,,,,Closed,0.0
98,9437,Bengaluru,Karnataka,South,Manufacturing,SMB,111,True,87,9437,10,1,2024-10-11,4,Security Services,Services,Referral,Annual,Renewal,Existing,215719.56,5.84,203121.54,False,None,4,63.2,2025-01-15,Closed Lost,Demo,2024-12-17,2024-12-17,Closed Lost,Poor engagement,2024-12-12,5,,67.0,67,0,4,10,2024,0,2,0,0,0,False,0.0,0.0,Excluded,0,Closed,Closed opportunity,No open-deal action,,,,,,,,,,Closed,0.0
99,11477,Bengaluru,Karnataka,South,IT Services,Mid-market,333,False,59,11477,7,1,2023-08-19,4,Security Services,Services,Inbound,Annual,New business,New,685774.01,9.27,622202.76,False,None,4,59.0,2023-12-27,Closed Lost,Discovery,2023-10-10,2023-10-10,Closed Lost,Other,2023-10-04,6,,52.0,52,0,3,8,2023,0,0,3,0,2,False,0.0,0.0,Excluded,0,Closed,Closed opportunity,No open-deal action,,,,,,,,,,Closed,0.0
100,4381,Bhubaneswar,Odisha,East,Retail,SMB,74,False,60,4381,39,4,2024-01-06,2,Workflow Suite,Software,Inbound,Multi-year,New business,New,310911.87,2.84,302081.97,True,Competitor A,4,12.7,2024-04-26,Closed Lost,Qualified,2024-02-11,2024-02-11,Closed Lost,Timing,2024-02-09,2,,36.0,36,0,1,1,2024,0,1,0,0,0,False,0.0,0.0,Excluded,0,Closed,Closed opportunity,No open-deal action,,,,,,,,,,Closed,0.0
101,7343,Kolkata,West Bengal,East,Healthcare,SMB,66,False,87,7343,41,4,2025-04-17,2,Workflow Suite,Software,Outbound,Multi-year,New business,New,382993.76,1.26,378168.04,False,None,1,39.3,2025-06-28,Closed Won,Negotiation,2025-07-24,2025-07-24,Closed Won,,2025-06-21,33,,98.0,98,0,2,4,2025,0,2,2,0,1,True,1.0,0.0,Closed Won,0,Closed,Closed opportunity,No open-deal action,,,,,,,,,,Closed,0.0
102,13902,Delhi,Delhi,North,BFSI,Enterprise,297,False,65,13902,36,3,2025-09-28,3,Data Advisory,Services,Inbound,Project,New business,New,1775284.51,6.81,1654387.63,False,None,5,48.7,2026-01-24,Closed Lost,Lead,2025-10-03,2025-10-03,Closed Lost,Poor engagement,2025-10-01,2,,5.0,5,0,3,9,2025,0,2,0,0,0,False,0.0,0.0,Excluded,0,Closed,Closed opportunity,No open-deal action,,,,,,,,,,Closed,0.0
103,6172,Mumbai,Maharashtra,West,BFSI,SMB,107,True,76,6172,19,2,2025-03-31,4,Security Services,Services,Outbound,Annual,Renewal,Existing,221856.11,6.0,208544.74,False,None,1,69.6,2025-07-16,Closed Lost,Negotiation,2025-06-19,2025-06-19,Closed Lost,Budget constraints,2025-06-10,9,,80.0,80,0,1,3,2025,2,3,0,0,0,True,0.0,0.0,Excluded,0,Closed,Closed opportunity,No open-deal action,,,,,,,,,,Closed,0.0
104,2906,Kolkata,West Bengal,East,Retail,Mid-market,225,False,92,2906,39,4,2023-01-14,1,Cloud Enablement,Services,Outbound,Annual,New business,New,669804.26,7.44,619970.82,True,Competitor A,3,55.9,2023-04-01,Closed Lost,Discovery,2023-02-11,2023-02-11,Closed Lost,Budget constraints,2023-02-11,0,,28.0,28,0,1,1,2023,0,0,2,0,0,False,0.0,0.0,Excluded,0,Closed,Closed opportunity,No open-deal action,,,,,,,,,,Closed,0.0
105,16123,Chennai,Tamil Nadu,South,IT Services,Mid-market,438,False,63,16123,1,1,2025-04-17,2,Workflow Suite,Software,Partner,Annual,New business,New,1766335.0,10.91,1573627.85,False,None,3,76.8,2025-08-05,Closed Lost,Demo,2025-06-20,2025-06-20,Closed Lost,Timing,2025-06-11,9,,64.0,64,0,2,4,2025,1,5,2,0,0,False,0.0,0.0,Excluded,0,Closed,Closed opportunity,No open-deal action,,,,,,,,,,Closed,0.0
106,13839,Jaipur,Rajasthan,North,BFSI,SMB,30,False,41,13839,32,3,2024-11-22,3,Data Advisory,Services,Event,Annual,New business,New,101889.82,2.86,98975.77,True,Competitor A,3,75.5,2025-01-24,Closed Lost,Proposal,2025-02-16,2025-02-16,Closed Lost,Pricing,2025-01-18,29,,86.0,86,0,4,11,2024,0,3,2,0,0,True,0.0,0.0,Excluded,0,Closed,Closed opportunity,No open-deal action,,,,,,,,,,Closed,0.0
108,10971,Mumbai,Maharashtra,West,BFSI,SMB,106,False,78,10971,23,2,2023-03-12,4,Security Services,Services,Outbound,Project,New business,New,442110.48,6.66,412665.92,True,Competitor C,3,63.2,2023-06-13,Closed Lost,Qualified,2023-03-29,2023-03-29,Closed Lost,Budget constraints,2023-03-28,1,,17.0,17,0,1,3,2023,1,4,1,0,2,False,0.0,0.0,Excluded,0,Closed,Closed opportunity,No open-deal action,,,,,,,,,,Closed,0.0
109,11422,Kolkata,West Bengal,East,BFSI,SMB,88,False,77,11422,39,4,2024-08-12,2,Workflow Suite,Software,Event,Annual,New business,New,240753.02,10.08,216485.12,True,Competitor C,4,48.5,2024-12-19,Closed Lost,Proposal,2024-11-25,2024-11-25,Closed Lost,Competitor selected,2024-09-01,85,,105.0,105,0,3,8,2024,2,0,0,0,0,True,0.0,0.0,Excluded,0,Closed,Closed opportunity,No open-deal action,,,,,,,,,,Closed,0.0
110,3092,Pune,Maharashtra,West,IT Services,SMB,110,False,44,3092,13,2,2023-04-13,3,Data Advisory,Services,Inbound,Multi-year,New business,New,379122.57,8.74,345987.26,False,None,3,48.7,2023-07-06,Closed Lost,Proposal,2023-07-02,2023-07-02,Closed Lost,Product mismatch,2023-06-25,7,,80.0,80,0,2,4,2023,0,0,2,0,0,True,0.0,0.0,Excluded,0,Closed,Closed opportunity,No open-deal action,,,,,,,,,,Closed,0.0
111,11342,Delhi,Delhi,North,Manufacturing,SMB,67,False,95,11342,27,3,2024-11-08,4,Security Services,Services,Inbound,Project,New business,New,196853.08,1.71,193486.89,True,Competitor C,1,83.2,2025-01-05,Closed Won,Negotiation,2025-01-17,2025-01-17,Closed Won,,2024-12-25,23,,70.0,70,0,4,11,2024,0,4,1,0,1,True,1.0,0.0,Closed Won,0,Closed,Closed opportunity,No open-deal action,,,,,,,,,,Closed,0.0
112,14425,Bhubaneswar,Odisha,East,Retail,Mid-market,297,False,36,14425,37,4,2023-02-11,2,Workflow Suite,Software,Partner,Project,New business,New,416397.24,18.25,340404.74,False,None,2,37.4,2023-04-27,Closed Lost,Lead,2023-03-01,2023-03-01,Closed Lost,Budget constraints,2023-03-01,0,,18.0,18,0,1,2,2023,2,2,1,0,1,False,0.0,0.0,Excluded,0,Closed,Closed opportunity,No open-deal action,,,,,,,,,,Closed,0.0
113,11541,Kolkata,West Bengal,East,Healthcare,Enterprise,738,True,65,11541,42,4,2026-03-30,3,Data Advisory,Services,Partner,Project,Renewal,Existing,1556908.94,4.43,1487937.87,False,None,6,15.6,2026-07-27,Closed Lost,Proposal,2026-07-03,2026-07-03,Closed Lost,Procurement delay,2026-06-05,28,,95.0,95,0,1,3,2026,0,1,0,0,0,True,0.0,0.0,Excluded,0,Closed,Closed opportunity,No open-deal action,,,,,,,,,,Closed,0.0
114,13823,Chennai,Tamil Nadu,South,Healthcare,SMB,83,True,50,13823,5,1,2023-06-12,2,Workflow Suite,Software,Inbound,Project,Expansion,Existing,242890.6,6.31,227564.2,False,None,2,51.1,2023-10-16,Closed Lost,Negotiation,2023-09-22,2023-09-22,Closed Lost,Customer priorities changed,2023-09-17,5,,102.0,102,0,2,6,2023,0,3,0,0,0,True,0.0,0.0,Excluded,0,Closed,Closed opportunity,No open-deal action,,,,,,,,,,Closed,0.0
115,607,Mumbai,Maharashtra,West,Retail,SMB,35,False,45,607,23,2,2025-12-09,4,Security Services,Services,Outbound,Multi-year,New business,New,248497.02,19.17,200860.14,True,Competitor B,4,67.4,2026-03-28,Closed Won,Negotiation,2026-03-14,2026-03-14,Closed Won,,2026-02-04,38,,95.0,95,0,4,12,2025,0,0,1,2,0,True,1.0,0.0,Closed Won,0,Closed,Closed opportunity,No open-deal action,,,,,,,,,,Closed,0.0
116,10591,Bhubaneswar,Odisha,East,IT Services,SMB,104,False,84,10591,48,4,2025-03-09,3,Data Advisory,Services,Partner,Annual,New business,New,384514.18,11.66,339679.83,True,Competitor C,3,45.6,2025-08-11,Closed Lost,Lead,2025-03-25,2025-03-25,Closed Lost,Competitor selected,2025-03-19,6,,16.0,16,0,1,3,2025,0,2,0,0,2,False,0.0,0.0,Excluded,0,Closed,Closed opportunity,No open-deal action,,,,,,,,,,Closed,0.0
117,1828,Bhubaneswar,Odisha,East,Healthcare,Enterprise,333,False,38,1828,47,4,2025-10-31,3,Data Advisory,Services,Partner,Annual,New business,New,1379561.18,3.99,1324516.69,False,None,3,81.5,2026-02-13,Closed Lost,Qualified,2025-12-08,2025-12-08,Closed Lost,Procurement delay,2025-11-27,11,,38.0,38,0,4,10,2025,1,1,0,0,1,False,0.0,0.0,Excluded,0,Closed,Closed opportunity,No open-deal action,,,,,,,,,,Closed,0.0
118,8317,Jaipur,Rajasthan,North,BFSI,Mid-market,336,True,73,8317,27,3,2026-01-13,4,Security Services,Services,Outbound,Annual,Renewal,Existing,652071.1,5.57,615750.74,True,Competitor A,2,58.2,2026-04-30,Closed Lost,Negotiation,2026-04-10,2026-04-10,Closed Lost,Procurement delay,2026-03-24,17,,87.0,87,0,1,1,2026,0,1,1,1,0,True,0.0,0.0,Excluded,0,Closed,Closed opportunity,No open-deal action,,,,,,,,,,Closed,0.0
119,1595,Jaipur,Rajasthan,North,IT Services,Mid-market,333,True,93,1595,32,3,2024-07-02,3,Data Advisory,Services,Inbound,Multi-year,Renewal,Existing,3660222.55,13.52,3165360.46,True,Competitor C,2,26.8,2024-10-03,Closed Lost,Lead,2024-07-06,2024-07-06,Closed Lost,Timing,2024-07-03,3,,4.0,4,0,3,7,2024,0,2,1,0,0,False,0.0,0.0,Excluded,0,Closed,Closed opportunity,No open-deal action,,,,,,,,,,Closed,0.0
120,10484,Mumbai,Maharashtra,West,Healthcare,Mid-market,312,False,58,10484,18,2,2023-11-22,1,Cloud Enablement,Services,Partner,Annual,New business,New,993799.94,7.55,918768.04,True,Competitor A,2,52.4,2024-03-10,Closed Lost,Discovery,2024-01-02,2024-01-02,Closed Lost,Competitor selected,2023-12-27,6,,41.0,41,0,4,11,2023,1,5,1,0,1,False,0.0,0.0,Excluded,0,Closed,Closed opportunity,No open-deal action,,,,,,,,,,Closed,0.0
121,8427,Mumbai,Maharashtra,West,Healthcare,SMB,94,True,49,8427,15,2,2023-02-14,1,Cloud Enablement,Services,Partner,Project,Renewal,Existing,248873.04,17.28,205867.78,True,Competitor C,1,44.1,2023-04-29,Closed Lost,Qualified,2023-03-06,2023-03-06,Closed Lost,Poor engagement,2023-02-28,6,,20.0,20,0,1,2,2023,2,1,0,0,0,False,0.0,0.0,Excluded,0,Closed,Closed opportunity,No open-deal action,,,,,,,,,,Closed,0.0
122,11166,Mumbai,Maharashtra,West,Retail,Mid-market,303,False,56,11166,20,2,2026-06-30,2,Workflow Suite,Software,Inbound,Project,New business,New,341947.84,16.72,284774.16,False,None,2,18.4,2026-10-18,Proposal,Demo,2026-08-27,,Open,,2026-08-24,7,,,62,4,2,6,2026,0,1,1,1,1,True,0.5816749478670545,165645.99467188423,Best Case,20,Low,Low engagement; No future follow-up,Re-engage the decision maker; Schedule a dated next action,10.416666666666668,9.583333333333332,8.194444444444445,2.3,12.5,7.270936848338182,12.5,0.0,62.8,Watch,33129.198934376844
123,10710,Bhubaneswar,Odisha,East,Manufacturing,SMB,56,False,88,10710,37,4,2024-05-19,2,Workflow Suite,Software,Event,Multi-year,New business,New,406064.31,7.69,374837.96,False,None,1,61.0,2024-08-05,Closed Lost,Negotiation,2024-07-18,2024-07-18,Closed Lost,Budget constraints,2024-06-21,27,,60.0,60,0,2,5,2024,0,1,0,0,2,True,0.0,0.0,Excluded,0,Closed,Closed opportunity,No open-deal action,,,,,,,,,,Closed,0.0
124,1713,Bhubaneswar,Odisha,East,Healthcare,Enterprise,1170,False,46,1713,42,4,2026-06-18,4,Security Services,Services,Inbound,Multi-year,New business,New,4822546.59,10.22,4329682.33,False,None,4,36.8,2026-10-16,Closed Lost,Discovery,2026-08-28,2026-08-28,Closed Lost,Poor engagement,2026-08-26,2,,71.0,71,0,2,6,2026,0,5,0,0,0,False,0.0,0.0,Excluded,0,Closed,Closed opportunity,No open-deal action,,,,,,,,,,Closed,0.0
125,15456,Mumbai,Maharashtra,West,Healthcare,SMB,91,False,78,15456,15,2,2025-07-25,3,Data Advisory,Services,Inbound,Annual,New business,New,426610.66,6.09,400630.07,False,None,2,92.3,2025-10-19,Closed Won,Negotiation,2025-10-15,2025-10-15,Closed Won,,2025-10-14,1,,82.0,82,0,3,7,2025,0,3,0,1,0,True,1.0,0.0,Closed Won,0,Closed,Closed opportunity,No open-deal action,,,,,,,,,,Closed,0.0
126,6683,Jaipur,Rajasthan,North,Healthcare,SMB,135,False,91,6683,32,3,2023-08-01,4,Security Services,Services,Outbound,Project,New business,New,296904.3,1.97,291055.29,True,Competitor C,1,36.7,2023-11-11,Closed Lost,Qualified,2023-08-24,2023-08-24,Closed Lost,Competitor selected,2023-08-22,2,,23.0,23,0,3,8,2023,2,2,1,0,1,False,0.0,0.0,Excluded,0,Closed,Closed opportunity,No open-deal action,,,,,,,,,,Closed,0.0
127,343,Delhi,Delhi,North,Healthcare,Mid-market,165,False,75,343,33,3,2024-09-08,2,Workflow Suite,Software,Inbound,Annual,New business,New,372771.03,6.53,348429.08,False,None,4,55.6,2024-12-17,Closed Lost,Discovery,2024-10-18,2024-10-18,Closed Lost,Timing,2024-10-10,8,,40.0,40,0,3,9,2024,1,2,0,0,0,False,0.0,0.0,Excluded,0,Closed,Closed opportunity,No open-deal action,,,,,,,,,,Closed,0.0
128,15597,Bengaluru,Karnataka,South,Retail,Mid-market,393,True,45,15597,11,1,2026-02-09,1,Cloud Enablement,Services,Inbound,Project,Renewal,Existing,1450160.19,9.15,1317470.53,False,None,1,34.1,2026-05-13,Closed Won,Negotiation,2026-07-01,2026-07-01,Closed Won,,2026-03-20,103,,142.0,142,0,1,2,2026,0,0,1,0,0,True,1.0,0.0,Closed Won,0,Closed,Closed opportunity,No open-deal action,,,,,,,,,,Closed,0.0
129,14262,Pune,Maharashtra,West,IT Services,Mid-market,291,True,77,14262,24,2,2024-10-29,3,Data Advisory,Services,Referral,Project,Expansion,Existing,591959.43,6.64,552653.32,True,Competitor A,2,16.0,2025-01-13,Closed Lost,Demo,2025-01-05,2025-01-05,Closed Lost,Competitor selected,2024-12-17,19,,68.0,68,0,4,10,2024,1,0,0,0,0,False,0.0,0.0,Excluded,0,Closed,Closed opportunity,No open-deal action,,,,,,,,,,Closed,0.0
130,12884,Bhubaneswar,Odisha,East,BFSI,Mid-market,177,True,93,12884,43,4,2024-12-21,4,Security Services,Services,Outbound,Annual,Renewal,Existing,707375.61,14.33,606008.69,False,None,3,67.8,2025-04-06,Closed Lost,Demo,2025-04-21,2025-04-21,Closed Lost,Competitor selected,2025-04-04,17,,121.0,121,0,4,12,2024,1,0,0,1,1,False,0.0,0.0,Excluded,0,Closed,Closed opportunity,No open-deal action,,,,,,,,,,Closed,0.0
131,12299,Kolkata,West Bengal,East,Manufacturing,Mid-market,255,False,58,12299,42,4,2026-04-07,1,Cloud Enablement,Services,Event,Annual,New business,New,929488.98,7.35,861171.54,False,None,4,47.1,2026-07-19,Proposal,Demo,2026-08-05,,Open,,2026-08-08,23,2026-08-19,,146,26,2,4,2026,0,1,0,0,0,True,0.5816749478670545,500921.91063409107,Best Case,45,High,Old opportunity; No recent activity; Close date pressure; No future follow-up,Review qualification and realistic close date; Contact the customer and log the response; Confirm procurement milestones; Schedule a dated next action,10.416666666666668,2.916666666666666,2.361111111111111,5.8875,0.0,7.270936848338182,12.5,0.0,41.4,At risk,225414.859785341
132,1283,Pune,Maharashtra,West,IT Services,SMB,28,False,68,1283,13,2,2024-11-13,4,Security Services,Services,Inbound,Annual,New business,New,104321.93,8.32,95642.35,False,None,1,71.8,2025-03-06,Closed Won,Negotiation,2025-01-13,2025-01-13,Closed Won,,2025-01-04,9,,61.0,61,0,4,11,2024,1,1,1,0,0,True,1.0,0.0,Closed Won,0,Closed,Closed opportunity,No open-deal action,,,,,,,,,,Closed,0.0
133,5472,Pune,Maharashtra,West,Healthcare,SMB,30,False,65,5472,13,2,2023-10-01,4,Security Services,Services,Inbound,Multi-year,New business,New,155683.87,1.71,153021.68,False,None,4,56.7,2023-12-26,Closed Won,Negotiation,2023-12-09,2023-12-09,Closed Won,,2023-10-30,40,,69.0,69,0,4,10,2023,0,2,1,0,0,True,1.0,0.0,Closed Won,0,Closed,Closed opportunity,No open-deal action,,,,,,,,,,Closed,0.0
134,14292,Jaipur,Rajasthan,North,IT Services,Mid-market,315,False,40,14292,28,3,2023-12-04,1,Cloud Enablement,Services,Partner,Annual,New business,New,1016196.35,8.11,933782.83,False,None,1,76.6,2024-03-02,Closed Lost,Lead,2023-12-16,2023-12-16,Closed Lost,Pricing,2023-12-13,3,,12.0,12,0,4,12,2023,0,2,4,0,3,False,0.0,0.0,Excluded,0,Closed,Closed opportunity,No open-deal action,,,,,,,,,,Closed,0.0
135,1561,Mumbai,Maharashtra,West,Retail,SMB,43,True,84,1561,15,2,2025-03-17,3,Data Advisory,Services,Partner,Project,Renewal,Existing,290139.84,9.58,262344.44,False,None,2,35.2,2025-05-29,Closed Won,Negotiation,2025-06-08,2025-06-08,Closed Won,,2025-04-17,52,,83.0,83,0,1,3,2025,1,1,1,0,1,True,1.0,0.0,Closed Won,0,Closed,Closed opportunity,No open-deal action,,,,,,,,,,Closed,0.0
136,1045,Jaipur,Rajasthan,North,Retail,Enterprise,810,False,66,1045,30,3,2023-10-01,1,Cloud Enablement,Services,Outbound,Project,New business,New,2239105.85,3.88,2152228.54,False,None,3,50.4,2024-01-06,Closed Lost,Lead,2023-10-27,2023-10-27,Closed Lost,Customer priorities changed,2023-10-27,0,,26.0,26,0,4,10,2023,0,2,2,0,1,False,0.0,0.0,Excluded,0,Closed,Closed opportunity,No open-deal action,,,,,,,,,,Closed,0.0
137,1660,Mumbai,Maharashtra,West,Retail,Mid-market,393,False,94,1660,20,2,2025-05-02,4,Security Services,Services,Outbound,Project,New business,New,774105.57,5.93,728201.11,False,None,3,59.9,2025-07-28,Closed Lost,Lead,2025-05-09,2025-05-09,Closed Lost,Product mismatch,2025-05-08,1,,7.0,7,0,2,5,2025,1,2,1,0,0,False,0.0,0.0,Excluded,0,Closed,Closed opportunity,No open-deal action,,,,,,,,,,Closed,0.0
138,11408,Kolkata,West Bengal,East,BFSI,SMB,30,False,42,11408,41,4,2024-03-04,3,Data Advisory,Services,Inbound,Annual,New business,New,183248.13,1.38,180719.31,False,None,2,70.5,2024-06-03,Closed Lost,Negotiation,2024-05-09,2024-05-09,Closed Lost,Pricing,2024-04-11,28,,66.0,66,0,1,3,2024,2,1,1,0,1,True,0.0,0.0,Excluded,0,Closed,Closed opportunity,No open-deal action,,,,,,,,,,Closed,0.0
139,13314,Delhi,Delhi,North,BFSI,SMB,48,True,71,13314,31,3,2023-01-01,4,Security Services,Services,Referral,Multi-year,Renewal,Existing,379971.82,14.91,323318.02,False,None,4,49.3,2023-04-29,Closed Lost,Demo,2023-05-31,2023-05-31,Closed Lost,Customer priorities changed,2023-05-25,6,,150.0,150,0,1,1,2023,1,0,1,0,0,False,0.0,0.0,Excluded,0,Closed,Closed opportunity,No open-deal action,,,,,,,,,,Closed,0.0
140,5616,Jaipur,Rajasthan,North,Manufacturing,Enterprise,333,False,46,5616,34,3,2025-11-10,3,Data Advisory,Services,Referral,Project,New business,New,3032809.48,6.22,2844168.73,True,Competitor C,6,36.2,2026-02-24,Closed Lost,Lead,2025-11-22,2025-11-22,Closed Lost,No decision,2025-11-21,1,,12.0,12,0,4,11,2025,1,2,0,0,0,False,0.0,0.0,Excluded,0,Closed,Closed opportunity,No open-deal action,,,,,,,,,,Closed,0.0
141,15104,Jaipur,Rajasthan,North,Retail,SMB,105,False,79,15104,26,3,2026-02-15,4,Security Services,Services,Referral,Project,New business,New,217413.2,2.85,211216.92,False,None,1,32.5,2026-05-22,Closed Won,Negotiation,2026-05-28,2026-05-28,Closed Won,,2026-04-10,48,,102.0,102,0,1,2,2026,0,0,2,0,0,True,1.0,0.0,Closed Won,0,Closed,Closed opportunity,No open-deal action,,,,,,,,,,Closed,0.0
142,4523,Delhi,Delhi,North,Manufacturing,SMB,68,True,67,4523,29,3,2026-07-11,3,Data Advisory,Services,Inbound,Project,Renewal,Existing,447979.49,4.05,429836.32,True,Competitor C,1,58.8,2026-09-16,Closed Lost,Discovery,2026-08-08,2026-08-08,Closed Lost,Pricing,2026-07-29,10,,28.0,28,0,3,7,2026,2,1,0,0,2,False,0.0,0.0,Excluded,0,Closed,Closed opportunity,No open-deal action,,,,,,,,,,Closed,0.0
143,5545,Chennai,Tamil Nadu,South,Manufacturing,SMB,131,False,73,5545,4,1,2024-07-10,4,Security Services,Services,Inbound,Annual,New business,New,233649.62,10.86,208275.27,False,None,3,75.5,2024-09-15,Closed Won,Negotiation,2024-12-02,2024-12-02,Closed Won,,2024-12-01,1,,145.0,145,0,3,7,2024,1,0,2,1,1,True,1.0,0.0,Closed Won,0,Closed,Closed opportunity,No open-deal action,,,,,,,,,,Closed,0.0
144,8010,Delhi,Delhi,North,Healthcare,SMB,74,False,62,8010,29,3,2023-08-01,4,Security Services,Services,Inbound,Multi-year,New business,New,392067.35,10.57,350625.83,False,None,3,70.9,2023-10-05,Closed Won,Negotiation,2023-12-15,2023-12-15,Closed Won,,2023-11-08,37,,136.0,136,0,3,8,2023,0,0,0,0,1,True,1.0,0.0,Closed Won,0,Closed,Closed opportunity,No open-deal action,,,,,,,,,,Closed,0.0
145,6631,Pune,Maharashtra,West,Manufacturing,SMB,126,False,63,6631,14,2,2024-10-07,2,Workflow Suite,Software,Partner,Annual,New business,New,240650.84,4.41,230038.14,False,None,1,18.2,2025-01-11,Closed Lost,Proposal,2025-04-12,2025-04-12,Closed Lost,Product mismatch,2025-02-05,66,,187.0,187,0,4,10,2024,0,2,0,0,0,True,0.0,0.0,Excluded,0,Closed,Closed opportunity,No open-deal action,,,,,,,,,,Closed,0.0
146,1319,Pune,Maharashtra,West,BFSI,Mid-market,102,True,71,1319,17,2,2026-01-31,2,Workflow Suite,Software,Inbound,Annual,Renewal,Existing,864209.97,12.26,758257.83,False,None,1,38.3,2026-05-15,Closed Lost,Lead,2026-02-12,2026-02-12,Closed Lost,Product mismatch,2026-02-12,0,,12.0,12,0,1,1,2026,0,1,1,0,3,False,0.0,0.0,Excluded,0,Closed,Closed opportunity,No open-deal action,,,,,,,,,,Closed,0.0
147,9782,Chennai,Tamil Nadu,South,Manufacturing,Mid-market,264,True,77,9782,9,1,2026-07-01,3,Data Advisory,Services,Inbound,Multi-year,Expansion,Existing,2424976.71,3.94,2329432.63,True,Competitor B,4,41.6,2026-10-20,Closed Lost,Qualified,2026-08-03,2026-08-03,Closed Lost,Competitor selected,2026-07-31,3,,33.0,33,0,3,7,2026,0,3,2,0,0,False,0.0,0.0,Excluded,0,Closed,Closed opportunity,No open-deal action,,,,,,,,,,Closed,0.0
148,16114,Delhi,Delhi,North,Healthcare,Enterprise,756,False,35,16114,35,3,2023-08-24,4,Security Services,Services,Event,Project,New business,New,1454207.96,7.89,1339470.95,True,Competitor A,6,60.8,2024-01-24,Closed Lost,Demo,2023-11-11,2023-11-11,Closed Lost,Competitor selected,2023-11-10,1,,79.0,79,0,3,8,2023,1,2,3,0,0,False,0.0,0.0,Excluded,0,Closed,Closed opportunity,No open-deal action,,,,,,,,,,Closed,0.0
149,6171,Delhi,Delhi,North,Retail,Enterprise,450,True,60,6171,30,3,2024-07-19,2,Workflow Suite,Software,Outbound,Annual,Renewal,Existing,1151987.12,8.79,1050727.45,False,None,5,51.6,2024-10-24,Closed Lost,Qualified,2024-08-31,2024-08-31,Closed Lost,Budget constraints,2024-08-16,15,,43.0,43,0,3,7,2024,0,1,1,0,0,False,0.0,0.0,Excluded,0,Closed,Closed opportunity,No open-deal action,,,,,,,,,,Closed,0.0
150,15938,Bengaluru,Karnataka,South,Retail,Mid-market,81,False,93,15938,1,1,2024-10-13,1,Cloud Enablement,Services,Inbound,Multi-year,New business,New,826797.47,5.92,777851.06,False,None,4,59.6,2025-03-26,Closed Won,Negotiation,2025-01-16,2025-01-16,Closed Won,,2024-12-12,35,,95.0,95,0,4,10,2024,1,0,0,0,1,True,1.0,0.0,Closed Won,0,Closed,Closed opportunity,No open-deal action,,,,,,,,,,Closed,0.0
151,13900,Bhubaneswar,Odisha,East,BFSI,SMB,119,False,46,13900,47,4,2025-10-21,3,Data Advisory,Services,Event,Annual,New business,New,404195.83,0.49,402215.27,False,None,2,24.1,2025-12-28,Closed Lost,Demo,2025-12-23,2025-12-23,Closed Lost,Product mismatch,2025-12-22,1,,63.0,63,0,4,10,2025,1,3,1,0,0,False,0.0,0.0,Excluded,0,Closed,Closed opportunity,No open-deal action,,,,,,,,,,Closed,0.0
152,2839,Chennai,Tamil Nadu,South,Manufacturing,Enterprise,693,True,52,2839,7,1,2026-04-10,3,Data Advisory,Services,Partner,Multi-year,Expansion,Existing,11142236.59,8.7,10172862.01,False,None,6,42.9,2026-08-20,Closed Lost,Demo,2026-07-06,2026-07-06,Closed Lost,No decision,2026-05-26,41,,87.0,87,0,2,4,2026,0,3,1,0,1,False,0.0,0.0,Excluded,0,Closed,Closed opportunity,No open-deal action,,,,,,,,,,Closed,0.0
153,16527,Pune,Maharashtra,West,Healthcare,SMB,31,False,94,16527,19,2,2025-03-29,1,Cloud Enablement,Services,Partner,Multi-year,New business,New,247140.79,15.92,207795.98,True,Competitor B,2,80.4,2025-06-11,Closed Won,Negotiation,2025-09-21,2025-09-21,Closed Won,,2025-09-15,6,,176.0,176,0,1,3,2025,0,1,0,0,1,True,1.0,0.0,Closed Won,0,Closed,Closed opportunity,No open-deal action,,,,,,,,,,Closed,0.0
154,15993,Mumbai,Maharashtra,West,IT Services,Mid-market,237,False,42,15993,18,2,2024-12-31,2,Workflow Suite,Software,Inbound,Annual,New business,New,717932.79,2.0,703574.13,False,None,2,80.6,2025-04-13,Closed Lost,Demo,2025-02-19,2025-02-19,Closed Lost,No decision,2025-02-09,10,,50.0,50,0,4,12,2024,2,2,1,0,1,False,0.0,0.0,Excluded,0,Closed,Closed opportunity,No open-deal action,,,,,,,,,,Closed,0.0
155,11581,Kolkata,West Bengal,East,Manufacturing,Mid-market,165,True,46,11581,37,4,2024-04-11,4,Security Services,Services,Referral,Project,Renewal,Existing,487643.04,7.54,450874.75,False,None,4,42.8,2024-07-15,Closed Lost,Proposal,2024-06-22,2024-06-22,Closed Lost,Competitor selected,2024-06-11,11,,72.0,72,0,2,4,2024,0,1,2,1,0,True,0.0,0.0,Excluded,0,Closed,Closed opportunity,No open-deal action,,,,,,,,,,Closed,0.0
156,15956,Bhubaneswar,Odisha,East,Retail,SMB,56,True,41,15956,48,4,2023-06-19,1,Cloud Enablement,Services,Inbound,Annual,Expansion,Existing,203639.65,7.87,187613.21,True,Competitor A,2,20.2,2023-09-10,Closed Lost,Discovery,2023-08-07,2023-08-07,Closed Lost,Timing,2023-08-03,4,,49.0,49,0,2,6,2023,1,1,0,0,1,False,0.0,0.0,Excluded,0,Closed,Closed opportunity,No open-deal action,,,,,,,,,,Closed,0.0
157,5519,Delhi,Delhi,North,BFSI,Enterprise,261,False,92,5519,33,3,2024-01-08,3,Data Advisory,Services,Partner,Project,New business,New,2090038.73,3.39,2019186.42,False,None,6,57.2,2024-04-22,Closed Won,Negotiation,2024-06-16,2024-06-16,Closed Won,,2024-05-11,36,,160.0,160,0,1,1,2024,1,6,0,0,0,True,1.0,0.0,Closed Won,0,Closed,Closed opportunity,No open-deal action,,,,,,,,,,Closed,0.0
158,2036,Kolkata,West Bengal,East,Retail,Mid-market,198,True,64,2036,44,4,2026-02-01,3,Data Advisory,Services,Partner,Project,Expansion,Existing,1238625.92,12.53,1083426.09,True,Competitor C,4,59.5,2026-05-18,Closed Lost,Discovery,2026-03-19,2026-03-19,Closed Lost,Poor engagement,2026-02-22,25,,46.0,46,0,1,2,2026,1,2,0,0,1,False,0.0,0.0,Excluded,0,Closed,Closed opportunity,No open-deal action,,,,,,,,,,Closed,0.0
159,2406,Kolkata,West Bengal,East,Manufacturing,Enterprise,1323,False,45,2406,38,4,2026-02-04,4,Security Services,Services,Outbound,Project,New business,New,3956194.05,11.15,3515078.41,True,Competitor A,6,50.6,2026-07-07,Closed Lost,Proposal,2026-06-21,2026-06-21,Closed Lost,Budget constraints,2026-06-06,15,,137.0,137,0,1,2,2026,0,4,1,0,2,True,0.0,0.0,Excluded,0,Closed,Closed opportunity,No open-deal action,,,,,,,,,,Closed,0.0
160,227,Kolkata,West Bengal,East,IT Services,SMB,72,True,61,227,47,4,2024-06-22,1,Cloud Enablement,Services,Event,Project,Expansion,Existing,320017.37,5.46,302544.42,True,Competitor A,3,41.4,2024-09-06,Closed Lost,Demo,2024-09-14,2024-09-14,Closed Lost,Competitor selected,2024-08-23,22,,84.0,84,0,2,6,2024,1,4,0,0,0,False,0.0,0.0,Excluded,0,Closed,Closed opportunity,No open-deal action,,,,,,,,,,Closed,0.0
161,14288,Bengaluru,Karnataka,South,Manufacturing,Enterprise,522,True,68,14288,4,1,2023-07-14,2,Workflow Suite,Software,Outbound,Annual,Expansion,Existing,1077570.47,14.42,922184.81,True,Competitor C,6,53.9,2023-11-15,Closed Lost,Demo,2023-09-24,2023-09-24,Closed Lost,Pricing,2023-09-21,3,,72.0,72,0,3,7,2023,2,2,0,0,3,False,0.0,0.0,Excluded,0,Closed,Closed opportunity,No open-deal action,,,,,,,,,,Closed,0.0
162,7818,Delhi,Delhi,North,Manufacturing,SMB,41,False,78,7818,27,3,2026-04-20,2,Workflow Suite,Software,Inbound,Project,New business,New,84068.96,13.93,72358.15,True,Competitor A,4,76.8,2026-06-26,Closed Won,Negotiation,2026-08-10,2026-08-10,Closed Won,,2026-08-07,3,,112.0,112,0,2,4,2026,0,2,2,1,2,True,1.0,0.0,Closed Won,0,Closed,Closed opportunity,No open-deal action,,,,,,,,,,Closed,0.0
163,8323,Jaipur,Rajasthan,North,Retail,SMB,113,True,75,8323,27,3,2024-04-18,1,Cloud Enablement,Services,Outbound,Annual,Expansion,Existing,424893.1,2.96,412316.26,True,Competitor A,3,53.8,2024-07-11,Closed Lost,Lead,2024-05-06,2024-05-06,Closed Lost,Competitor selected,2024-05-06,0,,18.0,18,0,2,4,2024,0,1,0,0,3,False,0.0,0.0,Excluded,0,Closed,Closed opportunity,No open-deal action,,,,,,,,,,Closed,0.0
164,5629,Pune,Maharashtra,West,Retail,SMB,54,True,78,5629,14,2,2026-07-04,3,Data Advisory,Services,Referral,Project,Renewal,Existing,172761.93,8.63,157852.58,True,Competitor C,1,69.5,2026-11-02,Proposal,Demo,2026-08-23,,Stalled,,2026-07-28,34,2026-08-04,,58,8,3,7,2026,2,1,0,0,0,True,0.5816749478670545,91818.89124218005,Best Case,30,Medium,No recent activity; Competitor present; No future follow-up,Contact the customer and log the response; Clarify differentiation and buying criteria; Schedule a dated next action,10.416666666666668,0.0,8.472222222222223,8.6875,12.5,7.270936848338182,12.5,0.0,59.8,Watch,27545.667372654014
165,8761,Bhubaneswar,Odisha,East,Healthcare,Mid-market,411,False,64,8761,40,4,2024-06-26,4,Security Services,Services,Referral,Annual,New business,New,632906.4,6.61,591071.29,False,None,4,60.1,2024-10-06,Closed Lost,Qualified,2024-08-21,2024-08-21,Closed Lost,Competitor selected,2024-08-12,9,,56.0,56,0,2,6,2024,1,2,2,0,0,False,0.0,0.0,Excluded,0,Closed,Closed opportunity,No open-deal action,,,,,,,,,,Closed,0.0
166,8033,Jaipur,Rajasthan,North,BFSI,SMB,56,False,75,8033,32,3,2026-04-28,1,Cloud Enablement,Services,Inbound,Annual,New business,New,400679.67,3.99,384692.55,False,None,2,25.1,2026-07-25,Closed Lost,Demo,2026-07-05,2026-07-05,Closed Lost,No decision,2026-06-24,11,,68.0,68,0,2,4,2026,0,0,1,1,1,False,0.0,0.0,Excluded,0,Closed,Closed opportunity,No open-deal action,,,,,,,,,,Closed,0.0
167,7506,Pune,Maharashtra,West,Retail,SMB,103,False,40,7506,22,2,2023-09-04,3,Data Advisory,Services,Referral,Annual,New business,New,264868.39,7.59,244764.88,False,None,3,52.2,2023-10-29,Closed Lost,Qualified,2023-11-08,2023-11-08,Closed Lost,Timing,2023-11-08,0,,65.0,65,0,3,9,2023,1,1,3,0,1,False,0.0,0.0,Excluded,0,Closed,Closed opportunity,No open-deal action,,,,,,,,,,Closed,0.0
168,8582,Bengaluru,Karnataka,South,Healthcare,Enterprise,900,True,92,8582,7,1,2024-12-13,4,Security Services,Services,Inbound,Project,Renewal,Existing,2645578.99,5.25,2506686.09,False,None,6,33.7,2025-03-14,Closed Lost,Qualified,2025-01-08,2025-01-08,Closed Lost,Pricing,2025-01-03,5,,26.0,26,0,4,12,2024,0,0,1,0,1,False,0.0,0.0,Excluded,0,Closed,Closed opportunity,No open-deal action,,,,,,,,,,Closed,0.0
169,4255,Mumbai,Maharashtra,West,BFSI,Mid-market,354,False,58,4255,15,2,2025-05-29,1,Cloud Enablement,Services,Outbound,Multi-year,New business,New,2060115.97,1.67,2025712.03,True,Competitor C,4,66.9,2025-08-14,Closed Lost,Qualified,2025-06-24,2025-06-24,Closed Lost,Timing,2025-06-22,2,,26.0,26,0,2,5,2025,0,2,0,0,1,False,0.0,0.0,Excluded,0,Closed,Closed opportunity,No open-deal action,,,,,,,,,,Closed,0.0
170,12562,Kolkata,West Bengal,East,Manufacturing,SMB,111,True,95,12562,40,4,2024-09-26,1,Cloud Enablement,Services,Referral,Multi-year,Renewal,Existing,728718.43,17.5,601192.7,False,None,1,26.0,2025-01-04,Closed Lost,Proposal,2025-01-04,2025-01-04,Closed Lost,Other,2024-10-19,77,,100.0,100,0,3,9,2024,1,1,0,0,0,True,0.0,0.0,Excluded,0,Closed,Closed opportunity,No open-deal action,,,,,,,,,,Closed,0.0
171,183,Pune,Maharashtra,West,IT Services,SMB,88,False,38,183,15,2,2025-08-12,2,Workflow Suite,Software,Referral,Multi-year,New business,New,195179.94,9.22,177184.35,False,None,4,46.6,2025-12-29,Closed Lost,Lead,2025-08-30,2025-08-30,Closed Lost,Pricing,2025-08-28,2,,18.0,18,0,3,8,2025,3,1,1,0,1,False,0.0,0.0,Excluded,0,Closed,Closed opportunity,No open-deal action,,,,,,,,,,Closed,0.0
172,10528,Bhubaneswar,Odisha,East,Manufacturing,SMB,26,True,36,10528,42,4,2026-06-20,1,Cloud Enablement,Services,Inbound,Multi-year,Renewal,Existing,164260.55,2.38,160351.15,False,None,3,81.5,2026-10-01,Demo,Discovery,2026-08-22,,Open,,2026-08-21,10,2026-08-31,,72,9,2,6,2026,1,0,2,0,1,False,0.49543899657924745,79444.21285632839,Best Case,0,Low,,,8.333333333333332,8.333333333333334,7.5,10.1875,12.5,6.192987457240593,12.5,12.5,78.0,Healthy,0.0
173,2166,Bhubaneswar,Odisha,East,Healthcare,Mid-market,441,False,77,2166,48,4,2024-12-26,4,Security Services,Services,Partner,Annual,New business,New,857927.02,7.96,789636.03,True,Competitor B,2,10.7,2025-03-14,Closed Lost,Discovery,2025-01-31,2025-01-31,Closed Lost,Customer priorities changed,2025-01-24,7,,36.0,36,0,4,12,2024,0,0,2,0,1,False,0.0,0.0,Excluded,0,Closed,Closed opportunity,No open-deal action,,,,,,,,,,Closed,0.0
174,8512,Bengaluru,Karnataka,South,Healthcare,SMB,141,True,61,8512,3,1,2025-05-05,4,Security Services,Services,Event,Annual,Expansion,Existing,397069.07,14.34,340129.37,True,Competitor C,4,34.4,2025-07-28,Closed Lost,Lead,2025-05-22,2025-05-22,Closed Lost,No decision,2025-05-18,4,,17.0,17,0,2,5,2025,0,2,1,0,0,False,0.0,0.0,Excluded,0,Closed,Closed opportunity,No open-deal action,,,,,,,,,,Closed,0.0
175,10446,Bengaluru,Karnataka,South,IT Services,Mid-market,429,False,62,10446,4,1,2023-11-21,1,Cloud Enablement,Services,Inbound,Multi-year,New business,New,2258730.03,2.77,2196163.21,False,None,1,62.5,2024-03-02,Closed Won,Negotiation,2024-02-26,2024-02-26,Closed Won,,2024-02-15,11,,97.0,97,0,4,11,2023,2,1,0,0,0,True,1.0,0.0,Closed Won,0,Closed,Closed opportunity,No open-deal action,,,,,,,,,,Closed,0.0
176,8367,Mumbai,Maharashtra,West,BFSI,Mid-market,108,False,94,8367,16,2,2024-09-27,3,Data Advisory,Services,Outbound,Project,New business,New,952368.64,10.52,852179.46,False,None,3,57.5,2024-12-10,Closed Lost,Qualified,2024-10-12,2024-10-12,Closed Lost,No decision,2024-10-08,4,,15.0,15,0,3,9,2024,2,1,0,0,1,False,0.0,0.0,Excluded,0,Closed,Closed opportunity,No open-deal action,,,,,,,,,,Closed,0.0
177,16240,Jaipur,Rajasthan,North,Manufacturing,Mid-market,258,False,54,16240,25,3,2024-06-20,4,Security Services,Services,Event,Project,New business,New,633656.98,12.93,551725.13,False,None,2,40.4,2024-09-15,Closed Won,Negotiation,2024-10-30,2024-10-30,Closed Won,,2024-10-29,1,,132.0,132,0,2,6,2024,0,0,1,3,1,True,1.0,0.0,Closed Won,0,Closed,Closed opportunity,No open-deal action,,,,,,,,,,Closed,0.0
178,15659,Delhi,Delhi,North,Healthcare,SMB,43,True,39,15659,26,3,2026-04-09,2,Workflow Suite,Software,Outbound,Annual,Renewal,Existing,84261.88,3.74,81110.49,False,None,4,72.0,2026-07-05,Closed Lost,Negotiation,2026-06-18,2026-06-18,Closed Lost,Other,2026-06-15,3,,70.0,70,0,2,4,2026,3,0,0,1,0,True,0.0,0.0,Excluded,0,Closed,Closed opportunity,No open-deal action,,,,,,,,,,Closed,0.0
179,15892,Mumbai,Maharashtra,West,Retail,SMB,147,True,74,15892,19,2,2023-05-06,3,Data Advisory,Services,Partner,Multi-year,Expansion,Existing,862081.44,8.14,791908.01,False,None,3,46.4,2023-08-11,Closed Won,Negotiation,2023-09-04,2023-09-04,Closed Won,,2023-08-13,22,,121.0,121,0,2,5,2023,0,0,1,0,1,True,1.0,0.0,Closed Won,0,Closed,Closed opportunity,No open-deal action,,,,,,,,,,Closed,0.0
180,4940,Mumbai,Maharashtra,West,Healthcare,Mid-market,261,True,54,4940,19,2,2023-11-14,2,Workflow Suite,Software,Partner,Annual,Expansion,Existing,547736.73,11.65,483925.4,True,Competitor C,1,18.3,2024-01-24,Closed Lost,Negotiation,2024-03-18,2024-03-18,Closed Lost,Competitor selected,2024-02-03,44,,125.0,125,0,4,11,2023,0,0,1,0,0,True,0.0,0.0,Excluded,0,Closed,Closed opportunity,No open-deal action,,,,,,,,,,Closed,0.0
181,16656,Delhi,Delhi,North,IT Services,SMB,36,True,75,16656,31,3,2026-05-03,1,Cloud Enablement,Services,Partner,Project,Renewal,Existing,164242.97,4.75,156441.43,True,Competitor B,4,49.2,2026-07-24,Closed Lost,Discovery,2026-06-22,2026-06-22,Closed Lost,Procurement delay,2026-06-19,3,,50.0,50,0,2,5,2026,0,1,1,0,2,False,0.0,0.0,Excluded,0,Closed,Closed opportunity,No open-deal action,,,,,,,,,,Closed,0.0
182,3172,Bhubaneswar,Odisha,East,IT Services,SMB,73,True,36,3172,41,4,2025-09-05,4,Security Services,Services,Outbound,Annual,Renewal,Existing,250311.93,3.97,240374.55,False,None,1,61.2,2025-12-13,Closed Lost,Demo,2026-02-06,2026-02-06,Closed Lost,Competitor selected,2025-12-31,37,,154.0,154,0,3,9,2025,3,1,0,0,0,False,0.0,0.0,Excluded,0,Closed,Closed opportunity,No open-deal action,,,,,,,,,,Closed,0.0
183,6040,Chennai,Tamil Nadu,South,IT Services,Enterprise,747,False,93,6040,4,1,2025-02-04,1,Cloud Enablement,Services,Outbound,Annual,New business,New,1428673.64,1.96,1400671.64,True,Competitor C,4,62.4,2025-05-10,Closed Lost,Proposal,2025-04-23,2025-04-23,Closed Lost,Customer priorities changed,2025-04-20,3,,78.0,78,0,1,2,2025,1,0,0,1,1,True,0.0,0.0,Excluded,0,Closed,Closed opportunity,No open-deal action,,,,,,,,,,Closed,0.0
184,5232,Pune,Maharashtra,West,Healthcare,Enterprise,594,False,55,5232,23,2,2026-07-14,4,Security Services,Services,Inbound,Project,New business,New,3249048.34,4.93,3088870.26,False,None,4,71.5,2027-01-25,Discovery,Qualified,2026-08-18,,Open,,2026-08-23,8,2026-09-02,,48,13,3,7,2026,2,0,1,0,2,False,0.4055827312300857,1252792.436466185,Best Case,10,Low,Large deal exposure,Arrange executive sponsorship,6.25,9.166666666666668,9.166666666666668,8.9375,12.5,5.069784140376071,7.870251857065698,12.5,71.5,Healthy,125279.2436466185
185,3374,Delhi,Delhi,North,Retail,SMB,121,False,66,3374,30,3,2025-11-21,2,Workflow Suite,Software,Inbound,Annual,New business,New,272670.73,0.89,270243.96,False,None,1,39.0,2026-02-20,Closed Lost,Negotiation,2026-04-18,2026-04-18,Closed Lost,Budget constraints,2026-02-16,61,,148.0,148,0,4,11,2025,1,0,1,0,2,True,0.0,0.0,Excluded,0,Closed,Closed opportunity,No open-deal action,,,,,,,,,,Closed,0.0
186,13125,Bengaluru,Karnataka,South,Manufacturing,SMB,109,False,74,13125,12,1,2025-12-13,1,Cloud Enablement,Services,Inbound,Project,New business,New,334708.36,7.44,309806.06,True,Competitor C,4,36.4,2026-03-26,Closed Lost,Proposal,2026-03-23,2026-03-23,Closed Lost,Competitor selected,2026-03-04,19,,100.0,100,0,4,12,2025,1,1,0,0,1,True,0.0,0.0,Excluded,0,Closed,Closed opportunity,No open-deal action,,,,,,,,,,Closed,0.0
187,12401,Bengaluru,Karnataka,South,Manufacturing,SMB,71,True,36,12401,4,1,2024-02-29,1,Cloud Enablement,Services,Inbound,Project,Expansion,Existing,192216.49,9.7,173571.49,True,Competitor A,3,49.5,2024-05-28,Closed Won,Negotiation,2024-08-13,2024-08-13,Closed Won,,2024-05-28,77,,166.0,166,0,1,2,2024,0,3,0,0,0,True,1.0,0.0,Closed Won,0,Closed,Closed opportunity,No open-deal action,,,,,,,,,,Closed,0.0
188,4967,Chennai,Tamil Nadu,South,Retail,Mid-market,144,True,74,4967,8,1,2023-12-03,4,Security Services,Services,Referral,Annual,Expansion,Existing,532121.3,10.87,474279.71,True,Competitor C,4,62.1,2024-03-25,Closed Lost,Qualified,2024-01-04,2024-01-04,Closed Lost,Internal approval delay,2024-01-01,3,,32.0,32,0,4,12,2023,1,3,0,0,1,False,0.0,0.0,Excluded,0,Closed,Closed opportunity,No open-deal action,,,,,,,,,,Closed,0.0
189,11512,Delhi,Delhi,North,Healthcare,Mid-market,342,False,61,11512,27,3,2025-07-18,2,Workflow Suite,Software,Outbound,Multi-year,New business,New,725914.21,2.79,705661.2,False,None,4,61.4,2025-10-30,Closed Lost,Demo,2025-10-16,2025-10-16,Closed Lost,Competitor selected,2025-10-14,2,,90.0,90,0,3,7,2025,1,2,2,0,0,False,0.0,0.0,Excluded,0,Closed,Closed opportunity,No open-deal action,,,,,,,,,,Closed,0.0
190,10852,Jaipur,Rajasthan,North,IT Services,Mid-market,435,False,49,10852,28,3,2025-06-18,3,Data Advisory,Services,Outbound,Annual,New business,New,1623376.27,4.75,1546265.9,True,Competitor A,3,43.9,2025-09-11,Closed Lost,Discovery,2025-07-29,2025-07-29,Closed Lost,Other,2025-07-07,22,,41.0,41,0,2,6,2025,0,0,3,0,1,False,0.0,0.0,Excluded,0,Closed,Closed opportunity,No open-deal action,,,,,,,,,,Closed,0.0
191,15783,Pune,Maharashtra,West,Healthcare,Mid-market,240,False,62,15783,13,2,2025-05-01,4,Security Services,Services,Inbound,Project,New business,New,458012.4,12.75,399615.82,False,None,4,42.8,2025-08-17,Closed Won,Negotiation,2025-07-20,2025-07-20,Closed Won,,2025-06-19,31,,80.0,80,0,2,5,2025,0,1,1,0,1,True,1.0,0.0,Closed Won,0,Closed,Closed opportunity,No open-deal action,,,,,,,,,,Closed,0.0
192,6322,Bhubaneswar,Odisha,East,IT Services,SMB,70,False,69,6322,43,4,2025-04-28,4,Security Services,Services,Partner,Project,New business,New,141731.41,9.09,128848.02,True,Competitor A,4,22.1,2025-07-21,Closed Lost,Lead,2025-05-09,2025-05-09,Closed Lost,No decision,2025-05-04,5,,11.0,11,0,2,4,2025,0,2,1,0,0,False,0.0,0.0,Excluded,0,Closed,Closed opportunity,No open-deal action,,,,,,,,,,Closed,0.0
193,3127,Kolkata,West Bengal,East,Healthcare,Enterprise,1332,True,88,3127,46,4,2023-04-30,4,Security Services,Services,Referral,Project,Renewal,Existing,2667093.55,8.37,2443857.82,True,Competitor B,4,77.1,2023-09-19,Closed Lost,Proposal,2023-08-26,2023-08-26,Closed Lost,Budget constraints,2023-08-05,21,,118.0,118,0,2,4,2023,1,4,1,1,1,True,0.0,0.0,Excluded,0,Closed,Closed opportunity,No open-deal action,,,,,,,,,,Closed,0.0
194,6640,Mumbai,Maharashtra,West,Healthcare,Mid-market,429,False,53,6640,24,2,2024-04-05,4,Security Services,Services,Outbound,Annual,New business,New,482192.99,11.12,428573.13,False,None,4,45.8,2024-06-30,Closed Lost,Lead,2024-04-18,2024-04-18,Closed Lost,Internal approval delay,2024-04-17,1,,13.0,13,0,2,4,2024,1,2,1,0,2,False,0.0,0.0,Excluded,0,Closed,Closed opportunity,No open-deal action,,,,,,,,,,Closed,0.0
195,799,Mumbai,Maharashtra,West,Healthcare,Mid-market,426,False,94,799,13,2,2023-08-29,2,Workflow Suite,Software,Partner,Project,New business,New,1053303.61,7.0,979572.36,True,Competitor C,1,83.3,2023-11-14,Closed Won,Negotiation,2023-11-21,2023-11-21,Closed Won,,2023-11-20,1,,84.0,84,0,3,8,2023,1,2,2,1,1,True,1.0,0.0,Closed Won,0,Closed,Closed opportunity,No open-deal action,,,,,,,,,,Closed,0.0
196,12388,Pune,Maharashtra,West,BFSI,Enterprise,963,False,90,12388,20,2,2023-08-18,3,Data Advisory,Services,Outbound,Annual,New business,New,3984075.69,3.81,3832282.41,True,Competitor B,4,65.3,2023-11-07,Closed Lost,Qualified,2023-09-20,2023-09-20,Closed Lost,Competitor selected,2023-09-18,2,,33.0,33,0,3,8,2023,0,2,3,0,1,False,0.0,0.0,Excluded,0,Closed,Closed opportunity,No open-deal action,,,,,,,,,,Closed,0.0
197,16463,Delhi,Delhi,North,Manufacturing,SMB,25,True,54,16463,26,3,2026-07-13,2,Workflow Suite,Software,Partner,Annual,Expansion,Existing,90758.97,4.76,86438.84,True,Competitor A,3,55.2,2026-11-10,Discovery,Qualified,2026-07-31,,Open,,2026-08-20,11,2026-09-03,,49,31,3,7,2026,0,2,1,0,0,False,0.4055827312300857,35058.100811560376,Best Case,5,Low,Competitor present,Clarify differentiation and buying criteria,6.25,7.916666666666666,9.097222222222223,6.9,12.5,5.069784140376071,12.5,12.5,72.7,Healthy,1752.9050405780188
198,3112,Kolkata,West Bengal,East,IT Services,SMB,136,True,76,3112,46,4,2025-01-27,4,Security Services,Services,Referral,Annual,Renewal,Existing,424549.73,14.89,361334.28,True,Competitor B,1,47.9,2025-04-14,Closed Lost,Qualified,2025-03-01,2025-03-01,Closed Lost,Budget constraints,2025-02-22,7,,33.0,33,0,1,1,2025,0,2,0,0,2,False,0.0,0.0,Excluded,0,Closed,Closed opportunity,No open-deal action,,,,,,,,,,Closed,0.0
199,14547,Bhubaneswar,Odisha,East,BFSI,Mid-market,204,True,62,14547,45,4,2024-06-12,4,Security Services,Services,Outbound,Multi-year,Renewal,Existing,821478.92,2.88,797820.33,False,None,1,49.0,2024-09-16,Closed Lost,Qualified,2024-07-20,2024-07-20,Closed Lost,Duplicate opportunity,2024-07-14,6,,38.0,38,0,2,6,2024,3,2,3,0,0,False,0.0,0.0,Excluded,0,Closed,Closed opportunity,No open-deal action,,,,,,,,,,Closed,0.0
200,10287,Jaipur,Rajasthan,North,IT Services,Mid-market,231,True,71,10287,32,3,2025-06-14,3,Data Advisory,Services,Partner,Project,Expansion,Existing,1399386.06,14.14,1201512.87,False,None,1,71.6,2025-10-02,Closed Lost,Lead,2025-06-22,2025-06-22,Closed Lost,No decision,2025-06-21,1,,8.0,8,0,2,6,2025,2,2,0,0,0,False,0.0,0.0,Excluded,0,Closed,Closed opportunity,No open-deal action,,,,,,,,,,Closed,0.0
201,10899,Jaipur,Rajasthan,North,Healthcare,SMB,38,False,64,10899,35,3,2024-10-23,2,Workflow Suite,Software,Referral,Annual,New business,New,113850.79,3.47,109900.17,False,None,2,87.2,2025-01-12,Closed Won,Negotiation,2025-02-02,2025-02-02,Closed Won,,2025-01-20,13,,102.0,102,0,4,10,2024,0,2,3,1,0,True,1.0,0.0,Closed Won,0,Closed,Closed opportunity,No open-deal action,,,,,,,,,,Closed,0.0
202,9505,Bengaluru,Karnataka,South,IT Services,SMB,104,False,68,9505,11,1,2023-07-15,2,Workflow Suite,Software,Partner,Project,New business,New,191735.7,4.75,182628.25,False,None,1,36.5,2023-10-15,Closed Lost,Lead,2023-07-18,2023-07-18,Closed Lost,Poor engagement,2023-07-16,2,,3.0,3,0,3,7,2023,1,2,1,0,0,False,0.0,0.0,Excluded,0,Closed,Closed opportunity,No open-deal action,,,,,,,,,,Closed,0.0
203,2683,Pune,Maharashtra,West,IT Services,Mid-market,396,False,65,2683,19,2,2023-03-12,4,Security Services,Services,Outbound,Annual,New business,New,1248263.92,7.24,1157889.61,True,Competitor C,1,39.7,2023-07-30,Closed Lost,Qualified,2023-04-15,2023-04-15,Closed Lost,Pricing,2023-04-12,3,,34.0,34,0,1,3,2023,0,3,1,0,0,False,0.0,0.0,Excluded,0,Closed,Closed opportunity,No open-deal action,,,,,,,,,,Closed,0.0
204,13437,Delhi,Delhi,North,Manufacturing,Mid-market,378,False,41,13437,31,3,2026-05-01,4,Security Services,Services,Outbound,Annual,New business,New,1179288.48,13.19,1023740.33,False,None,3,63.8,2026-08-25,Closed Lost,Proposal,2026-08-11,2026-08-11,Closed Lost,Competitor selected,2026-07-18,24,,102.0,102,0,2,5,2026,1,0,1,1,1,True,0.0,0.0,Excluded,0,Closed,Closed opportunity,No open-deal action,,,,,,,,,,Closed,0.0
205,3957,Delhi,Delhi,North,Healthcare,Mid-market,309,False,48,3957,32,3,2023-11-21,4,Security Services,Services,Inbound,Annual,New business,New,850565.6,13.86,732677.21,True,Competitor B,3,31.9,2024-03-21,Closed Lost,Discovery,2024-01-12,2024-01-12,Closed Lost,Budget constraints,2023-12-06,37,,52.0,52,0,4,11,2023,0,0,1,0,2,False,0.0,0.0,Excluded,0,Closed,Closed opportunity,No open-deal action,,,,,,,,,,Closed,0.0
206,15224,Jaipur,Rajasthan,North,Manufacturing,Enterprise,1323,True,56,15224,28,3,2025-10-31,1,Cloud Enablement,Services,Outbound,Project,Expansion,Existing,2161161.74,11.3,1916950.46,True,Competitor B,6,57.6,2026-03-06,Closed Lost,Qualified,2026-02-09,2026-02-09,Closed Lost,Product mismatch,2025-12-17,54,,101.0,101,0,4,10,2025,1,1,0,0,1,False,0.0,0.0,Excluded,0,Closed,Closed opportunity,No open-deal action,,,,,,,,,,Closed,0.0
207,14049,Delhi,Delhi,North,Healthcare,SMB,105,False,91,14049,26,3,2025-12-31,1,Cloud Enablement,Services,Referral,Project,New business,New,149926.3,5.5,141680.35,False,None,1,61.8,2026-04-07,Closed Lost,Lead,2026-01-09,2026-01-09,Closed Lost,No decision,2026-01-06,3,,9.0,9,0,4,12,2025,0,2,0,0,0,False,0.0,0.0,Excluded,0,Closed,Closed opportunity,No open-deal action,,,,,,,,,,Closed,0.0
208,2384,Pune,Maharashtra,West,IT Services,Mid-market,402,False,61,2384,14,2,2024-01-07,1,Cloud Enablement,Services,Outbound,Multi-year,New business,New,1147813.26,3.78,1104425.92,True,Competitor B,3,61.4,2024-04-07,Closed Lost,Qualified,2024-01-20,2024-01-20,Closed Lost,Internal approval delay,2024-01-19,1,,13.0,13,0,1,1,2024,0,1,2,0,3,False,0.0,0.0,Excluded,0,Closed,Closed opportunity,No open-deal action,,,,,,,,,,Closed,0.0
209,7284,Bengaluru,Karnataka,South,IT Services,Mid-market,399,False,73,7284,1,1,2024-10-12,1,Cloud Enablement,Services,Partner,Annual,New business,New,814860.2,11.07,724655.18,False,None,3,58.8,2024-12-15,Closed Won,Negotiation,2025-02-22,2025-02-22,Closed Won,,2025-02-07,15,,133.0,133,0,4,10,2024,2,1,1,0,1,True,1.0,0.0,Closed Won,0,Closed,Closed opportunity,No open-deal action,,,,,,,,,,Closed,0.0
210,4287,Jaipur,Rajasthan,North,Healthcare,Enterprise,1062,True,79,4287,31,3,2025-11-14,4,Security Services,Services,Inbound,Multi-year,Renewal,Existing,5026542.93,9.75,4536454.99,True,Competitor A,3,61.8,2026-03-26,Closed Won,Negotiation,2026-03-21,2026-03-21,Closed Won,,2026-03-14,7,,127.0,127,0,4,11,2025,1,1,1,0,0,True,1.0,0.0,Closed Won,0,Closed,Closed opportunity,No open-deal action,,,,,,,,,,Closed,0.0
211,14285,Chennai,Tamil Nadu,South,Manufacturing,Mid-market,222,False,79,14285,3,1,2026-06-01,1,Cloud Enablement,Services,Event,Annual,New business,New,376901.74,9.87,339701.54,True,Competitor A,3,86.4,2026-09-07,Closed Lost,Qualified,2026-06-19,2026-06-19,Closed Lost,Competitor selected,2026-06-14,5,,18.0,18,0,2,6,2026,1,4,1,0,2,False,0.0,0.0,Excluded,0,Closed,Closed opportunity,No open-deal action,,,,,,,,,,Closed,0.0
212,2370,Chennai,Tamil Nadu,South,Manufacturing,Mid-market,435,True,36,2370,5,1,2024-05-06,4,Security Services,Services,Inbound,Annual,Expansion,Existing,706599.72,9.6,638766.15,True,Competitor B,2,69.3,2024-08-08,Closed Lost,Proposal,2024-07-29,2024-07-29,Closed Lost,Budget constraints,2024-07-15,14,,84.0,84,0,2,5,2024,1,0,0,1,0,True,0.0,0.0,Excluded,0,Closed,Closed opportunity,No open-deal action,,,,,,,,,,Closed,0.0
213,3444,Chennai,Tamil Nadu,South,BFSI,SMB,68,False,92,3444,10,1,2024-03-03,1,Cloud Enablement,Services,Referral,Multi-year,New business,New,342241.33,4.32,327456.5,True,Competitor A,3,68.3,2024-05-13,Closed Lost,Qualified,2024-03-27,2024-03-27,Closed Lost,Competitor selected,2024-03-27,0,,24.0,24,0,1,3,2024,0,2,1,0,0,False,0.0,0.0,Excluded,0,Closed,Closed opportunity,No open-deal action,,,,,,,,,,Closed,0.0
214,16641,Bhubaneswar,Odisha,East,Retail,SMB,63,False,79,16641,47,4,2025-12-09,3,Data Advisory,Services,Inbound,Project,New business,New,337685.55,17.83,277476.22,True,Competitor C,4,87.3,2026-04-03,Closed Won,Negotiation,2026-05-28,2026-05-28,Closed Won,,2026-05-14,14,,170.0,170,0,4,12,2025,1,5,6,0,1,True,1.0,0.0,Closed Won,0,Closed,Closed opportunity,No open-deal action,,,,,,,,,,Closed,0.0
215,11848,Mumbai,Maharashtra,West,IT Services,Mid-market,123,False,87,11848,17,2,2026-04-07,2,Workflow Suite,Software,Partner,Project,New business,New,536676.47,9.0,488375.59,True,Competitor A,4,62.0,2026-08-03,Closed Lost,Lead,2026-04-19,2026-04-19,Closed Lost,Other,2026-04-18,1,,12.0,12,0,2,4,2026,1,1,2,0,1,False,0.0,0.0,Excluded,0,Closed,Closed opportunity,No open-deal action,,,,,,,,,,Closed,0.0
216,10141,Pune,Maharashtra,West,IT Services,SMB,86,False,52,10141,19,2,2026-05-16,4,Security Services,Services,Outbound,Project,New business,New,168580.9,3.3,163017.73,True,Competitor B,1,29.0,2026-08-15,Closed Lost,Negotiation,2026-08-14,2026-08-14,Closed Lost,Budget constraints,2026-07-11,34,,90.0,90,0,2,5,2026,1,1,2,0,0,True,0.0,0.0,Excluded,0,Closed,Closed opportunity,No open-deal action,,,,,,,,,,Closed,0.0
217,1541,Pune,Maharashtra,West,Manufacturing,Mid-market,219,False,71,1541,20,2,2023-07-30,1,Cloud Enablement,Services,Inbound,Project,New business,New,467197.77,10.95,416039.61,False,None,2,69.6,2023-11-12,Closed Won,Negotiation,2023-11-08,2023-11-08,Closed Won,,2023-11-07,1,,101.0,101,0,3,7,2023,0,2,1,0,0,True,1.0,0.0,Closed Won,0,Closed,Closed opportunity,No open-deal action,,,,,,,,,,Closed,0.0
218,15640,Pune,Maharashtra,West,Manufacturing,Mid-market,387,False,92,15640,19,2,2025-05-14,3,Data Advisory,Services,Inbound,Annual,New business,New,1895590.71,19.57,1524623.61,True,Competitor B,1,51.7,2025-09-16,Closed Lost,Negotiation,2025-08-10,2025-08-10,Closed Lost,Timing,2025-08-06,4,,88.0,88,0,2,5,2025,0,1,1,0,0,True,0.0,0.0,Excluded,0,Closed,Closed opportunity,No open-deal action,,,,,,,,,,Closed,0.0
219,2833,Mumbai,Maharashtra,West,Retail,SMB,86,False,74,2833,19,2,2023-10-10,4,Security Services,Services,Event,Annual,New business,New,298417.39,4.21,285854.02,True,Competitor A,4,67.0,2024-02-09,Closed Lost,Qualified,2023-11-04,2023-11-04,Closed Lost,Procurement delay,2023-11-04,0,,25.0,25,0,4,10,2023,1,0,2,0,2,False,0.0,0.0,Excluded,0,Closed,Closed opportunity,No open-deal action,,,,,,,,,,Closed,0.0
220,16058,Bhubaneswar,Odisha,East,Manufacturing,Mid-market,366,False,45,16058,41,4,2023-06-15,4,Security Services,Services,Referral,Annual,New business,New,685196.87,4.91,651553.7,True,Competitor B,3,25.9,2023-10-16,Closed Lost,Lead,2023-06-25,2023-06-25,Closed Lost,Procurement delay,2023-06-24,1,,10.0,10,0,2,6,2023,0,1,0,0,0,False,0.0,0.0,Excluded,0,Closed,Closed opportunity,No open-deal action,,,,,,,,,,Closed,0.0
221,9294,Bhubaneswar,Odisha,East,BFSI,SMB,70,True,62,9294,45,4,2026-07-23,1,Cloud Enablement,Services,Outbound,Annual,Expansion,Existing,523459.74,2.98,507860.64,True,Competitor A,1,52.5,2026-09-21,Closed Lost,Lead,2026-08-02,2026-08-02,Closed Lost,Pricing,2026-08-01,1,,10.0,10,0,3,7,2026,1,2,1,0,0,False,0.0,0.0,Excluded,0,Closed,Closed opportunity,No open-deal action,,,,,,,,,,Closed,0.0
222,15071,Jaipur,Rajasthan,North,Retail,SMB,94,True,79,15071,35,3,2023-06-15,2,Workflow Suite,Software,Referral,Project,Expansion,Existing,154748.25,18.57,126011.5,True,Competitor B,4,40.5,2023-09-11,Closed Won,Negotiation,2023-10-31,2023-10-31,Closed Won,,2023-10-29,2,,138.0,138,0,2,6,2023,0,3,0,1,0,True,1.0,0.0,Closed Won,0,Closed,Closed opportunity,No open-deal action,,,,,,,,,,Closed,0.0
223,7616,Jaipur,Rajasthan,North,Manufacturing,SMB,27,True,49,7616,30,3,2025-03-03,2,Workflow Suite,Software,Partner,Project,Renewal,Existing,119296.83,2.81,115944.59,True,Competitor A,4,31.7,2025-06-14,Closed Won,Negotiation,2025-07-04,2025-07-04,Closed Won,,2025-04-01,94,,123.0,123,0,1,3,2025,0,1,0,0,0,True,1.0,0.0,Closed Won,0,Closed,Closed opportunity,No open-deal action,,,,,,,,,,Closed,0.0
224,4441,Mumbai,Maharashtra,West,IT Services,Enterprise,1251,True,65,4441,17,2,2025-10-10,1,Cloud Enablement,Services,Inbound,Multi-year,Expansion,Existing,6466314.8,7.97,5950949.51,True,Competitor A,3,46.2,2026-01-31,Closed Won,Negotiation,2026-01-31,2026-01-31,Closed Won,,2026-01-05,26,,113.0,113,0,4,10,2025,0,2,0,0,0,True,1.0,0.0,Closed Won,0,Closed,Closed opportunity,No open-deal action,,,,,,,,,,Closed,0.0
225,1835,Pune,Maharashtra,West,Manufacturing,SMB,111,False,88,1835,14,2,2023-01-16,4,Security Services,Services,Outbound,Annual,New business,New,245784.11,9.02,223614.38,False,None,4,48.7,2023-04-18,Closed Lost,Negotiation,2023-06-08,2023-06-08,Closed Lost,Competitor selected,2023-05-28,11,,143.0,143,0,1,1,2023,0,1,0,0,1,True,0.0,0.0,Excluded,0,Closed,Closed opportunity,No open-deal action,,,,,,,,,,Closed,0.0
226,8444,Bengaluru,Karnataka,South,BFSI,SMB,145,False,72,8444,9,1,2024-05-15,4,Security Services,Services,Event,Annual,New business,New,452761.45,7.44,419076.0,True,Competitor C,1,55.8,2024-08-25,Closed Lost,Proposal,2024-09-12,2024-09-12,Closed Lost,No decision,2024-08-14,29,,120.0,120,0,2,5,2024,1,1,2,1,0,True,0.0,0.0,Excluded,0,Closed,Closed opportunity,No open-deal action,,,,,,,,,,Closed,0.0
227,10114,Delhi,Delhi,North,BFSI,SMB,92,False,60,10114,32,3,2025-03-31,1,Cloud Enablement,Services,Outbound,Multi-year,New business,New,794979.24,5.43,751811.87,False,None,1,57.6,2025-06-24,Closed Lost,Negotiation,2025-07-30,2025-07-30,Closed Lost,Budget constraints,2025-07-12,18,,121.0,121,0,1,3,2025,0,3,0,0,0,True,0.0,0.0,Excluded,0,Closed,Closed opportunity,No open-deal action,,,,,,,,,,Closed,0.0
228,3892,Bhubaneswar,Odisha,East,IT Services,Mid-market,180,True,50,3892,44,4,2023-08-08,3,Data Advisory,Services,Outbound,Project,Expansion,Existing,1140845.28,3.39,1102170.63,True,Competitor A,3,55.1,2023-10-14,Closed Lost,Demo,2023-10-04,2023-10-04,Closed Lost,Competitor selected,2023-09-03,31,,57.0,57,0,3,8,2023,0,1,0,0,1,False,0.0,0.0,Excluded,0,Closed,Closed opportunity,No open-deal action,,,,,,,,,,Closed,0.0
229,5438,Bengaluru,Karnataka,South,Manufacturing,Mid-market,207,False,46,5438,6,1,2025-03-14,2,Workflow Suite,Software,Event,Annual,New business,New,479932.48,4.42,458719.46,True,Competitor A,3,24.6,2025-06-03,Closed Lost,Lead,2025-03-24,2025-03-24,Closed Lost,Other,2025-03-23,1,,10.0,10,0,1,3,2025,1,3,1,0,1,False,0.0,0.0,Excluded,0,Closed,Closed opportunity,No open-deal action,,,,,,,,,,Closed,0.0
230,7174,Pune,Maharashtra,West,Healthcare,SMB,112,True,53,7174,22,2,2024-02-21,3,Data Advisory,Services,Referral,Annual,Renewal,Existing,247584.6,7.29,229535.68,False,None,1,56.8,2024-05-11,Closed Lost,Proposal,2024-06-23,2024-06-23,Closed Lost,Budget constraints,2024-05-19,35,,123.0,123,0,1,2,2024,1,3,1,0,2,True,0.0,0.0,Excluded,0,Closed,Closed opportunity,No open-deal action,,,,,,,,,,Closed,0.0
231,2095,Chennai,Tamil Nadu,South,BFSI,Mid-market,393,True,54,2095,11,1,2024-12-20,3,Data Advisory,Services,Inbound,Annual,Expansion,Existing,1912493.83,13.02,1663487.13,True,Competitor B,3,68.7,2025-04-23,Closed Won,Negotiation,2025-03-04,2025-03-04,Closed Won,,2025-03-03,1,,74.0,74,0,4,12,2024,1,0,3,0,2,True,1.0,0.0,Closed Won,0,Closed,Closed opportunity,No open-deal action,,,,,,,,,,Closed,0.0
232,7100,Kolkata,West Bengal,East,Healthcare,Mid-market,438,False,95,7100,38,4,2024-03-06,4,Security Services,Services,Event,Project,New business,New,829689.95,8.47,759415.21,True,Competitor B,4,35.2,2024-06-14,Closed Won,Negotiation,2024-08-07,2024-08-07,Closed Won,,2024-07-26,12,,154.0,154,0,1,3,2024,0,0,0,0,0,True,1.0,0.0,Closed Won,0,Closed,Closed opportunity,No open-deal action,,,,,,,,,,Closed,0.0
233,5684,Pune,Maharashtra,West,Healthcare,Mid-market,120,False,69,5684,20,2,2026-03-15,1,Cloud Enablement,Services,Outbound,Annual,New business,New,504373.46,4.39,482231.47,False,None,2,23.2,2026-06-18,Closed Lost,Discovery,2026-04-13,2026-04-13,Closed Lost,Pricing,2026-04-04,9,,29.0,29,0,1,3,2026,1,0,2,0,0,False,0.0,0.0,Excluded,0,Closed,Closed opportunity,No open-deal action,,,,,,,,,,Closed,0.0
234,15234,Mumbai,Maharashtra,West,Retail,Mid-market,171,False,47,15234,19,2,2025-10-27,1,Cloud Enablement,Services,Inbound,Annual,New business,New,880600.33,12.68,768940.21,True,Competitor A,3,75.0,2026-01-27,Closed Lost,Qualified,2025-11-25,2025-11-25,Closed Lost,Timing,2025-11-24,1,,29.0,29,0,4,10,2025,2,3,2,0,0,False,0.0,0.0,Excluded,0,Closed,Closed opportunity,No open-deal action,,,,,,,,,,Closed,0.0
235,4778,Jaipur,Rajasthan,North,Manufacturing,Mid-market,90,True,60,4778,29,3,2026-06-30,3,Data Advisory,Services,Partner,Project,Expansion,Existing,1062805.23,10.88,947172.02,True,Competitor A,4,52.1,2026-11-02,Closed Lost,Lead,2026-07-06,2026-07-06,Closed Lost,Competitor selected,2026-07-05,1,,6.0,6,0,2,6,2026,1,4,1,0,0,False,0.0,0.0,Excluded,0,Closed,Closed opportunity,No open-deal action,,,,,,,,,,Closed,0.0
236,11582,Kolkata,West Bengal,East,Healthcare,SMB,50,False,73,11582,42,4,2026-08-13,2,Workflow Suite,Software,Partner,Annual,New business,New,134150.83,4.24,128462.83,False,None,2,43.6,2026-11-05,Closed Lost,Lead,2026-08-16,2026-08-16,Closed Lost,Pricing,2026-08-16,0,,3.0,3,0,3,8,2026,0,3,0,0,1,False,0.0,0.0,Excluded,0,Closed,Closed opportunity,No open-deal action,,,,,,,,,,Closed,0.0
237,12881,Jaipur,Rajasthan,North,IT Services,Mid-market,105,False,67,12881,34,3,2026-02-13,2,Workflow Suite,Software,Event,Multi-year,New business,New,492024.67,6.75,458813.0,True,Competitor B,3,49.3,2026-04-15,Closed Lost,Demo,2026-04-17,2026-04-17,Closed Lost,Competitor selected,2026-04-15,2,,63.0,63,0,1,2,2026,0,0,3,0,1,False,0.0,0.0,Excluded,0,Closed,Closed opportunity,No open-deal action,,,,,,,,,,Closed,0.0
238,12361,Bengaluru,Karnataka,South,Retail,Enterprise,612,True,84,12361,11,1,2023-07-23,2,Workflow Suite,Software,Event,Annual,Renewal,Existing,2493156.05,9.18,2264284.32,True,Competitor B,6,87.9,2023-12-30,Closed Lost,Qualified,2023-08-17,2023-08-17,Closed Lost,Procurement delay,2023-08-17,0,,25.0,25,0,3,7,2023,1,0,1,0,3,False,0.0,0.0,Excluded,0,Closed,Closed opportunity,No open-deal action,,,,,,,,,,Closed,0.0
239,7395,Delhi,Delhi,North,Healthcare,SMB,39,True,61,7395,31,3,2025-10-22,4,Security Services,Services,Referral,Project,Renewal,Existing,200292.59,11.99,176277.51,False,None,3,50.5,2026-01-28,Closed Lost,Negotiation,2026-02-20,2026-02-20,Closed Lost,Competitor selected,2026-02-20,0,,121.0,121,0,4,10,2025,2,2,0,0,0,True,0.0,0.0,Excluded,0,Closed,Closed opportunity,No open-deal action,,,,,,,,,,Closed,0.0
240,12333,Jaipur,Rajasthan,North,IT Services,Mid-market,210,False,77,12333,29,3,2024-11-30,1,Cloud Enablement,Services,Event,Multi-year,New business,New,1380281.97,1.71,1356679.15,False,None,4,93.8,2025-03-08,Closed Lost,Negotiation,2025-04-02,2025-04-02,Closed Lost,Budget constraints,2025-04-01,1,,123.0,123,0,4,11,2024,0,2,0,0,2,True,0.0,0.0,Excluded,0,Closed,Closed opportunity,No open-deal action,,,,,,,,,,Closed,0.0
241,7776,Kolkata,West Bengal,East,Retail,SMB,66,True,51,7776,44,4,2025-09-03,3,Data Advisory,Services,Event,Annual,Renewal,Existing,394751.43,4.28,377856.07,False,None,4,62.6,2025-12-03,Closed Won,Negotiation,2025-12-07,2025-12-07,Closed Won,,2025-11-19,18,,95.0,95,0,3,9,2025,1,2,1,0,0,True,1.0,0.0,Closed Won,0,Closed,Closed opportunity,No open-deal action,,,,,,,,,,Closed,0.0
242,9111,Chennai,Tamil Nadu,South,BFSI,Mid-market,405,False,91,9111,9,1,2025-05-06,1,Cloud Enablement,Services,Outbound,Annual,New business,New,1113664.79,7.28,1032589.99,False,None,3,71.3,2025-08-31,Closed Lost,Lead,2025-06-17,2025-06-17,Closed Lost,Budget constraints,2025-06-11,6,,42.0,42,0,2,5,2025,0,4,1,0,1,False,0.0,0.0,Excluded,0,Closed,Closed opportunity,No open-deal action,,,,,,,,,,Closed,0.0
243,8807,Delhi,Delhi,North,Retail,SMB,124,False,47,8807,28,3,2026-02-23,1,Cloud Enablement,Services,Event,Annual,New business,New,234958.64,2.25,229672.07,False,None,2,26.7,2026-05-22,Closed Lost,Lead,2026-03-01,2026-03-01,Closed Lost,Product mismatch,2026-02-26,3,,6.0,6,0,1,2,2026,2,0,0,0,1,False,0.0,0.0,Excluded,0,Closed,Closed opportunity,No open-deal action,,,,,,,,,,Closed,0.0
244,5755,Chennai,Tamil Nadu,South,Manufacturing,Mid-market,399,False,60,5755,6,1,2025-11-25,3,Data Advisory,Services,Partner,Multi-year,New business,New,2527318.78,14.61,2158077.51,True,Competitor B,1,53.3,2026-03-06,Closed Lost,Demo,2026-04-02,2026-04-02,Closed Lost,Timing,2026-03-29,4,,128.0,128,0,4,11,2025,1,1,2,0,1,False,0.0,0.0,Excluded,0,Closed,Closed opportunity,No open-deal action,,,,,,,,,,Closed,0.0
245,5601,Mumbai,Maharashtra,West,Manufacturing,Mid-market,357,False,44,5601,19,2,2025-06-28,2,Workflow Suite,Software,Partner,Annual,New business,New,516287.62,2.72,502244.6,False,None,3,76.4,2025-09-21,Closed Won,Negotiation,2025-09-22,2025-09-22,Closed Won,,2025-09-14,8,,86.0,86,0,2,6,2025,2,0,1,0,1,True,1.0,0.0,Closed Won,0,Closed,Closed opportunity,No open-deal action,,,,,,,,,,Closed,0.0
246,13979,Delhi,Delhi,North,Healthcare,SMB,99,True,46,13979,25,3,2026-08-14,2,Workflow Suite,Software,Inbound,Project,Renewal,Existing,270543.82,7.32,250740.01,False,None,3,27.9,2026-11-24,Lead,None,2026-08-14,,Open,,2026-08-30,1,2026-09-16,,17,17,3,8,2026,0,1,1,0,2,False,0.24256673698675726,60821.18605772689,Pipeline,10,Low,Low engagement,Re-engage the decision maker,2.083333333333333,12.083333333333334,11.319444444444445,3.4875,12.5,3.032084212334466,12.5,12.5,69.5,Watch,6082.118605772689
247,1883,Chennai,Tamil Nadu,South,Retail,SMB,94,True,88,1883,7,1,2023-03-31,1,Cloud Enablement,Services,Event,Annual,Expansion,Existing,212801.57,17.33,175923.06,False,None,2,65.4,2023-06-15,Closed Won,Negotiation,2023-08-15,2023-08-15,Closed Won,,2023-08-15,0,,137.0,137,0,1,3,2023,0,1,2,0,0,True,1.0,0.0,Closed Won,0,Closed,Closed opportunity,No open-deal action,,,,,,,,,,Closed,0.0
248,5786,Delhi,Delhi,North,Manufacturing,SMB,75,True,90,5786,35,3,2026-08-06,1,Cloud Enablement,Services,Event,Multi-year,Renewal,Existing,684694.95,6.02,643476.31,True,Competitor B,4,40.7,2026-11-27,Discovery,Qualified,2026-08-21,,Open,,2026-08-29,2,2026-09-09,,25,10,3,8,2026,0,1,1,0,0,False,0.4055827312300857,260982.87929165733,Best Case,5,Low,Competitor present,Clarify differentiation and buying criteria,6.25,11.666666666666666,10.76388888888889,5.0875,12.5,5.069784140376071,12.5,12.5,76.3,Healthy,13049.143964582865
249,7781,Delhi,Delhi,North,IT Services,Mid-market,330,False,71,7781,26,3,2026-08-14,3,Data Advisory,Services,Outbound,Annual,New business,New,686250.99,3.7,660859.7,True,Competitor B,3,52.2,2026-12-08,Qualified,Lead,2026-08-22,,Open,,2026-08-30,1,2026-09-12,,17,9,3,8,2026,0,4,2,0,1,False,0.3235641607653036,213830.5142141103,Pipeline,5,Low,Competitor present,Clarify differentiation and buying criteria,4.166666666666666,12.083333333333334,11.319444444444445,6.525,12.5,4.044552009566295,12.5,12.5,75.6,Healthy,10691.525710705515
250,8682,Chennai,Tamil Nadu,South,Retail,Enterprise,765,True,95,8682,8,1,2026-04-10,1,Cloud Enablement,Services,Referral,Project,Expansion,Existing,2568341.51,10.21,2306113.84,False,None,5,64.0,2026-07-24,Closed Lost,Qualified,2026-05-17,2026-05-17,Closed Lost,Timing,2026-05-04,13,,37.0,37,0,2,4,2026,1,1,1,0,0,False,0.0,0.0,Excluded,0,Closed,Closed opportunity,No open-deal action,,,,,,,,,,Closed,0.0
251,2811,Delhi,Delhi,North,Manufacturing,Mid-market,423,False,78,2811,36,3,2023-10-27,3,Data Advisory,Services,Referral,Multi-year,New business,New,1861317.53,14.19,1597196.57,False,None,1,74.7,2024-01-20,Closed Lost,Demo,2024-01-02,2024-01-02,Closed Lost,Pricing,2023-12-26,7,,67.0,67,0,4,10,2023,0,0,0,1,1,False,0.0,0.0,Excluded,0,Closed,Closed opportunity,No open-deal action,,,,,,,,,,Closed,0.0
252,2528,Bhubaneswar,Odisha,East,IT Services,Mid-market,249,True,94,2528,41,4,2023-10-21,3,Data Advisory,Services,Outbound,Annual,Expansion,Existing,1302020.76,9.49,1178458.99,False,None,3,40.7,2024-02-26,Closed Lost,Negotiation,2024-02-25,2024-02-25,Closed Lost,Competitor selected,2024-01-23,33,,127.0,127,0,4,10,2023,1,1,1,0,0,True,0.0,0.0,Excluded,0,Closed,Closed opportunity,No open-deal action,,,,,,,,,,Closed,0.0
253,10764,Jaipur,Rajasthan,North,Retail,Mid-market,423,True,64,10764,26,3,2024-01-15,2,Workflow Suite,Software,Event,Project,Expansion,Existing,614843.31,7.69,567561.86,False,None,2,17.2,2024-04-09,Closed Lost,Lead,2024-01-25,2024-01-25,Closed Lost,Pricing,2024-01-23,2,,10.0,10,0,1,1,2024,1,1,3,0,1,False,0.0,0.0,Excluded,0,Closed,Closed opportunity,No open-deal action,,,,,,,,,,Closed,0.0
254,9872,Chennai,Tamil Nadu,South,Healthcare,Mid-market,141,True,85,9872,6,1,2025-09-10,1,Cloud Enablement,Services,Inbound,Multi-year,Expansion,Existing,972225.35,7.58,898530.67,True,Competitor A,4,59.8,2025-12-25,Closed Won,Negotiation,2025-11-26,2025-11-26,Closed Won,,2025-10-11,46,,77.0,77,0,3,9,2025,0,1,2,0,1,True,1.0,0.0,Closed Won,0,Closed,Closed opportunity,No open-deal action,,,,,,,,,,Closed,0.0
255,3106,Mumbai,Maharashtra,West,BFSI,SMB,112,False,55,3106,18,2,2026-01-09,3,Data Advisory,Services,Inbound,Project,New business,New,916872.61,4.2,878363.96,False,None,4,53.3,2026-05-09,Closed Won,Negotiation,2026-05-26,2026-05-26,Closed Won,,2026-04-30,26,,137.0,137,0,1,1,2026,1,0,0,1,0,True,1.0,0.0,Closed Won,0,Closed,Closed opportunity,No open-deal action,,,,,,,,,,Closed,0.0
256,7835,Bhubaneswar,Odisha,East,Healthcare,Mid-market,297,False,68,7835,38,4,2023-08-06,4,Security Services,Services,Inbound,Project,New business,New,1338350.33,9.24,1214686.76,True,Competitor C,4,49.0,2023-11-20,Closed Lost,Discovery,2023-11-02,2023-11-02,Closed Lost,Internal approval delay,2023-10-09,24,,88.0,88,0,3,8,2023,0,0,3,0,1,False,0.0,0.0,Excluded,0,Closed,Closed opportunity,No open-deal action,,,,,,,,,,Closed,0.0
257,11435,Chennai,Tamil Nadu,South,Retail,Mid-market,96,False,76,11435,9,1,2025-11-26,3,Data Advisory,Services,Referral,Multi-year,New business,New,1644468.07,5.59,1552542.3,False,None,1,51.6,2026-05-01,Closed Lost,Lead,2025-12-04,2025-12-04,Closed Lost,Competitor selected,2025-12-03,1,,8.0,8,0,4,11,2025,1,1,1,0,1,False,0.0,0.0,Excluded,0,Closed,Closed opportunity,No open-deal action,,,,,,,,,,Closed,0.0
258,14642,Bengaluru,Karnataka,South,Manufacturing,SMB,91,False,40,14642,7,1,2026-04-09,1,Cloud Enablement,Services,Partner,Project,New business,New,195216.38,2.01,191292.53,True,Competitor C,2,73.1,2026-08-03,Closed Lost,Qualified,2026-04-29,2026-04-29,Closed Lost,Budget constraints,2026-04-27,2,,20.0,20,0,2,4,2026,2,1,0,0,1,False,0.0,0.0,Excluded,0,Closed,Closed opportunity,No open-deal action,,,,,,,,,,Closed,0.0
259,421,Bhubaneswar,Odisha,East,BFSI,Mid-market,120,False,45,421,48,4,2025-11-08,2,Workflow Suite,Software,Outbound,Project,New business,New,846904.19,16.63,706064.02,True,Competitor B,1,38.9,2026-02-13,Closed Lost,Qualified,2025-12-04,2025-12-04,Closed Lost,Procurement delay,2025-11-19,15,,26.0,26,0,4,11,2025,1,2,0,0,1,False,0.0,0.0,Excluded,0,Closed,Closed opportunity,No open-deal action,,,,,,,,,,Closed,0.0
260,5048,Jaipur,Rajasthan,North,Retail,SMB,44,True,47,5048,31,3,2025-11-30,4,Security Services,Services,Event,Annual,Expansion,Existing,152442.76,8.31,139774.77,False,None,3,67.8,2026-05-25,Closed Lost,Discovery,2026-01-12,2026-01-12,Closed Lost,Poor engagement,2026-01-04,8,,43.0,43,0,4,11,2025,0,3,0,0,0,False,0.0,0.0,Excluded,0,Closed,Closed opportunity,No open-deal action,,,,,,,,,,Closed,0.0
261,12535,Chennai,Tamil Nadu,South,BFSI,SMB,46,True,50,12535,11,1,2024-11-15,2,Workflow Suite,Software,Referral,Annual,Expansion,Existing,130808.95,6.36,122489.5,False,None,3,40.2,2025-02-17,Closed Won,Negotiation,2025-03-19,2025-03-19,Closed Won,,2025-01-26,52,,124.0,124,0,4,11,2024,1,3,0,0,0,True,1.0,0.0,Closed Won,0,Closed,Closed opportunity,No open-deal action,,,,,,,,,,Closed,0.0
262,5069,Bengaluru,Karnataka,South,IT Services,Enterprise,396,False,84,5069,3,1,2023-07-31,2,Workflow Suite,Software,Inbound,Project,New business,New,818098.69,5.24,775230.32,True,Competitor A,3,39.1,2023-11-02,Closed Lost,Qualified,2023-09-12,2023-09-12,Closed Lost,Competitor selected,2023-09-10,2,,43.0,43,0,3,7,2023,1,1,1,0,0,False,0.0,0.0,Excluded,0,Closed,Closed opportunity,No open-deal action,,,,,,,,,,Closed,0.0
263,2351,Delhi,Delhi,North,Healthcare,Mid-market,102,False,76,2351,29,3,2025-10-05,1,Cloud Enablement,Services,Partner,Annual,New business,New,529567.97,16.64,441447.86,True,Competitor A,4,42.9,2026-02-06,Closed Lost,Proposal,2026-02-26,2026-02-26,Closed Lost,Competitor selected,2026-01-15,42,,144.0,144,0,4,10,2025,0,1,3,0,0,True,0.0,0.0,Excluded,0,Closed,Closed opportunity,No open-deal action,,,,,,,,,,Closed,0.0
264,2071,Chennai,Tamil Nadu,South,BFSI,SMB,115,False,79,2071,10,1,2023-09-04,3,Data Advisory,Services,Referral,Annual,New business,New,441861.11,16.28,369926.12,False,None,2,71.4,2023-11-22,Closed Lost,Negotiation,2023-12-06,2023-12-06,Closed Lost,Pricing,2023-11-12,24,,93.0,93,0,3,9,2023,0,2,0,0,0,True,0.0,0.0,Excluded,0,Closed,Closed opportunity,No open-deal action,,,,,,,,,,Closed,0.0
265,10244,Mumbai,Maharashtra,West,Manufacturing,Mid-market,426,False,91,10244,20,2,2024-05-16,3,Data Advisory,Services,Referral,Multi-year,New business,New,3848407.6,3.04,3731416.01,False,None,2,88.9,2024-08-14,Closed Won,Negotiation,2024-09-04,2024-09-04,Closed Won,,2024-08-20,15,,111.0,111,0,2,5,2024,1,1,2,0,1,True,1.0,0.0,Closed Won,0,Closed,Closed opportunity,No open-deal action,,,,,,,,,,Closed,0.0
266,8034,Mumbai,Maharashtra,West,Manufacturing,Mid-market,300,False,67,8034,17,2,2026-04-02,3,Data Advisory,Services,Partner,Annual,New business,New,692411.23,5.67,653151.51,False,None,3,69.7,2026-07-27,Closed Lost,Proposal,2026-06-10,2026-06-10,Closed Lost,Timing,2026-06-09,1,,69.0,69,0,2,4,2026,0,2,2,0,1,True,0.0,0.0,Excluded,0,Closed,Closed opportunity,No open-deal action,,,,,,,,,,Closed,0.0
267,4297,Pune,Maharashtra,West,Manufacturing,Mid-market,318,False,39,4297,19,2,2025-08-13,4,Security Services,Services,Referral,Annual,New business,New,508290.09,3.85,488720.92,True,Competitor A,2,24.9,2025-11-26,Closed Won,Negotiation,2025-12-17,2025-12-17,Closed Won,,2025-12-13,4,,126.0,126,0,3,8,2025,0,1,2,1,0,True,1.0,0.0,Closed Won,0,Closed,Closed opportunity,No open-deal action,,,,,,,,,,Closed,0.0
268,12773,Delhi,Delhi,North,Retail,Enterprise,900,True,43,12773,35,3,2024-03-16,3,Data Advisory,Services,Referral,Annual,Renewal,Existing,2470242.58,4.92,2348706.65,False,None,6,60.8,2024-06-03,Closed Lost,Negotiation,2024-07-28,2024-07-28,Closed Lost,Product mismatch,2024-06-11,47,,134.0,134,0,1,3,2024,0,0,1,0,0,True,0.0,0.0,Excluded,0,Closed,Closed opportunity,No open-deal action,,,,,,,,,,Closed,0.0
269,3143,Pune,Maharashtra,West,Retail,SMB,32,False,66,3143,19,2,2023-06-24,2,Workflow Suite,Software,Outbound,Multi-year,New business,New,216707.55,16.39,181189.18,False,None,2,41.3,2023-09-18,Closed Lost,Lead,2023-07-30,2023-07-30,Closed Lost,Other,2023-07-22,8,,36.0,36,0,2,6,2023,0,2,0,0,2,False,0.0,0.0,Excluded,0,Closed,Closed opportunity,No open-deal action,,,,,,,,,,Closed,0.0
270,10786,Bhubaneswar,Odisha,East,BFSI,Mid-market,282,False,44,10786,41,4,2024-12-27,1,Cloud Enablement,Services,Event,Project,New business,New,860715.81,7.89,792805.33,True,Competitor B,1,33.5,2025-04-30,Closed Lost,Lead,2025-01-06,2025-01-06,Closed Lost,Competitor selected,2025-01-01,5,,10.0,10,0,4,12,2024,0,2,0,0,2,False,0.0,0.0,Excluded,0,Closed,Closed opportunity,No open-deal action,,,,,,,,,,Closed,0.0
271,15081,Pune,Maharashtra,West,Retail,SMB,139,True,42,15081,19,2,2024-05-21,4,Security Services,Services,Outbound,Project,Renewal,Existing,487229.09,12.8,424863.77,True,Competitor B,1,42.9,2024-08-14,Closed Lost,Qualified,2024-06-22,2024-06-22,Closed Lost,Procurement delay,2024-06-12,10,,32.0,32,0,2,5,2024,0,2,2,0,0,False,0.0,0.0,Excluded,0,Closed,Closed opportunity,No open-deal action,,,,,,,,,,Closed,0.0
272,1481,Chennai,Tamil Nadu,South,IT Services,Mid-market,231,False,40,1481,5,1,2023-06-13,1,Cloud Enablement,Services,Inbound,Annual,New business,New,378329.83,2.05,370574.07,False,None,3,52.6,2023-09-08,Closed Lost,Lead,2023-07-21,2023-07-21,Closed Lost,Pricing,2023-07-09,12,,38.0,38,0,2,6,2023,0,4,0,0,0,False,0.0,0.0,Excluded,0,Closed,Closed opportunity,No open-deal action,,,,,,,,,,Closed,0.0
273,7806,Jaipur,Rajasthan,North,BFSI,Enterprise,1296,True,65,7806,30,3,2024-02-22,3,Data Advisory,Services,Partner,Project,Renewal,Existing,4185391.59,14.9,3561768.24,True,Competitor C,6,86.5,2024-05-31,Closed Lost,Qualified,2024-04-24,2024-04-24,Closed Lost,Other,2024-04-06,18,,62.0,62,0,1,2,2024,0,2,1,0,2,False,0.0,0.0,Excluded,0,Closed,Closed opportunity,No open-deal action,,,,,,,,,,Closed,0.0
274,5005,Kolkata,West Bengal,East,IT Services,SMB,94,False,54,5005,44,4,2025-09-20,2,Workflow Suite,Software,Inbound,Annual,New business,New,242504.07,5.77,228511.59,False,None,1,45.3,2025-12-08,Closed Lost,Lead,2025-10-06,2025-10-06,Closed Lost,Customer priorities changed,2025-10-05,1,,16.0,16,0,3,9,2025,1,2,2,0,0,False,0.0,0.0,Excluded,0,Closed,Closed opportunity,No open-deal action,,,,,,,,,,Closed,0.0
275,13126,Bengaluru,Karnataka,South,BFSI,SMB,135,True,93,13126,9,1,2023-09-02,4,Security Services,Services,Partner,Annual,Renewal,Existing,520616.42,3.91,500260.32,True,Competitor C,1,73.6,2023-11-20,Closed Lost,Lead,2023-09-21,2023-09-21,Closed Lost,Competitor selected,2023-09-19,2,,19.0,19,0,3,9,2023,0,0,0,0,3,False,0.0,0.0,Excluded,0,Closed,Closed opportunity,No open-deal action,,,,,,,,,,Closed,0.0
276,5418,Chennai,Tamil Nadu,South,Manufacturing,SMB,114,True,72,5418,12,1,2026-07-03,3,Data Advisory,Services,Inbound,Project,Renewal,Existing,195303.25,13.13,169659.93,False,None,3,60.6,2026-10-07,Demo,Discovery,2026-07-31,,Open,,2026-08-26,5,2026-09-07,,59,31,3,7,2026,1,1,0,1,3,False,0.49543899657924745,84056.14547890535,Best Case,15,Low,Stage stagnation,Review the stage exit criteria,8.333333333333332,10.416666666666668,8.402777777777779,7.575,12.5,6.192987457240593,12.5,12.5,78.4,Healthy,12608.421821835802
277,12795,Pune,Maharashtra,West,Manufacturing,Mid-market,303,False,77,12795,24,2,2025-01-29,4,Security Services,Services,Inbound,Annual,New business,New,641061.68,6.92,596700.21,False,None,4,29.1,2025-05-27,Closed Lost,Negotiation,2025-07-17,2025-07-17,Closed Lost,Budget constraints,2025-05-26,52,,169.0,169,0,1,1,2025,0,1,2,0,1,True,0.0,0.0,Excluded,0,Closed,Closed opportunity,No open-deal action,,,,,,,,,,Closed,0.0
278,10012,Pune,Maharashtra,West,Retail,Mid-market,315,False,77,10012,24,2,2024-07-28,1,Cloud Enablement,Services,Inbound,Project,New business,New,884290.37,10.64,790201.87,True,Competitor C,4,77.9,2024-11-04,Closed Won,Negotiation,2024-10-22,2024-10-22,Closed Won,,2024-08-15,68,,86.0,86,0,3,7,2024,0,2,0,0,1,True,1.0,0.0,Closed Won,0,Closed,Closed opportunity,No open-deal action,,,,,,,,,,Closed,0.0
279,13298,Bhubaneswar,Odisha,East,Retail,SMB,102,False,37,13298,37,4,2023-07-17,2,Workflow Suite,Software,Inbound,Project,New business,New,214091.67,8.95,194930.47,False,None,4,21.2,2023-10-15,Closed Lost,Qualified,2023-08-15,2023-08-15,Closed Lost,Product mismatch,2023-08-14,1,,29.0,29,0,3,7,2023,2,0,1,0,0,False,0.0,0.0,Excluded,0,Closed,Closed opportunity,No open-deal action,,,,,,,,,,Closed,0.0
280,13140,Bhubaneswar,Odisha,East,IT Services,SMB,134,False,84,13140,44,4,2024-10-22,3,Data Advisory,Services,Inbound,Project,New business,New,373636.71,10.63,333919.13,True,Competitor B,3,66.4,2024-12-06,Closed Lost,Qualified,2024-11-07,2024-11-07,Closed Lost,Timing,2024-11-05,2,,16.0,16,0,4,10,2024,4,3,1,0,0,False,0.0,0.0,Excluded,0,Closed,Closed opportunity,No open-deal action,,,,,,,,,,Closed,0.0
281,11750,Chennai,Tamil Nadu,South,BFSI,SMB,49,False,59,11750,12,1,2024-03-20,2,Workflow Suite,Software,Inbound,Project,New business,New,234371.47,8.04,215528.0,True,Competitor A,4,41.3,2024-05-28,Closed Lost,Discovery,2024-05-08,2024-05-08,Closed Lost,Product mismatch,2024-04-25,13,,49.0,49,0,1,3,2024,0,2,3,0,0,False,0.0,0.0,Excluded,0,Closed,Closed opportunity,No open-deal action,,,,,,,,,,Closed,0.0
282,16557,Kolkata,West Bengal,East,IT Services,SMB,116,False,65,16557,41,4,2023-01-10,3,Data Advisory,Services,Referral,Project,New business,New,298372.57,3.31,288496.44,False,None,4,39.9,2023-03-29,Closed Lost,Negotiation,2023-05-28,2023-05-28,Closed Lost,Customer priorities changed,2023-05-20,8,,138.0,138,0,1,1,2023,1,1,0,0,1,True,0.0,0.0,Excluded,0,Closed,Closed opportunity,No open-deal action,,,,,,,,,,Closed,0.0
283,13754,Bengaluru,Karnataka,South,Retail,SMB,54,False,75,13754,8,1,2025-10-02,2,Workflow Suite,Software,Inbound,Annual,New business,New,53212.23,7.06,49455.45,True,Competitor C,1,33.0,2025-12-20,Closed Lost,Qualified,2025-10-18,2025-10-18,Closed Lost,Pricing,2025-10-04,14,,16.0,16,0,4,10,2025,0,0,0,0,1,False,0.0,0.0,Excluded,0,Closed,Closed opportunity,No open-deal action,,,,,,,,,,Closed,0.0
284,4250,Pune,Maharashtra,West,IT Services,SMB,78,False,78,4250,19,2,2023-08-06,4,Security Services,Services,Outbound,Annual,New business,New,132552.69,1.76,130219.76,False,None,4,35.0,2023-11-14,Closed Lost,Lead,2023-08-23,2023-08-23,Closed Lost,Customer priorities changed,2023-08-23,0,,17.0,17,0,3,8,2023,0,0,0,0,1,False,0.0,0.0,Excluded,0,Closed,Closed opportunity,No open-deal action,,,,,,,,,,Closed,0.0
285,1793,Mumbai,Maharashtra,West,Manufacturing,Mid-market,261,False,74,1793,16,2,2026-05-27,2,Workflow Suite,Software,Referral,Multi-year,New business,New,1396105.32,1.63,1373348.8,True,Competitor C,4,28.2,2026-08-29,Closed Lost,Lead,2026-06-03,2026-06-03,Closed Lost,Customer priorities changed,2026-06-03,0,,7.0,7,0,2,5,2026,3,0,1,0,0,False,0.0,0.0,Excluded,0,Closed,Closed opportunity,No open-deal action,,,,,,,,,,Closed,0.0
286,3225,Delhi,Delhi,North,IT Services,Mid-market,198,True,46,3225,26,3,2025-09-02,4,Security Services,Services,Inbound,Multi-year,Expansion,Existing,1243610.91,10.22,1116513.87,True,Competitor B,4,74.0,2025-12-08,Closed Lost,Lead,2025-09-09,2025-09-09,Closed Lost,Competitor selected,2025-09-06,3,,7.0,7,0,3,9,2025,0,0,0,0,2,False,0.0,0.0,Excluded,0,Closed,Closed opportunity,No open-deal action,,,,,,,,,,Closed,0.0
287,7215,Chennai,Tamil Nadu,South,Manufacturing,SMB,91,False,50,7215,2,1,2023-03-20,3,Data Advisory,Services,Partner,Annual,New business,New,214183.98,4.72,204074.5,True,Competitor B,4,38.6,2023-06-30,Closed Lost,Lead,2023-03-26,2023-03-26,Closed Lost,Product mismatch,2023-03-24,2,,6.0,6,0,1,3,2023,1,1,1,0,0,False,0.0,0.0,Excluded,0,Closed,Closed opportunity,No open-deal action,,,,,,,,,,Closed,0.0
288,7049,Kolkata,West Bengal,East,Healthcare,SMB,118,False,89,7049,43,4,2025-09-18,4,Security Services,Services,Inbound,Project,New business,New,209692.74,4.88,199459.73,False,None,3,59.4,2025-12-30,Closed Lost,Lead,2025-10-01,2025-10-01,Closed Lost,Budget constraints,2025-09-27,4,,13.0,13,0,3,9,2025,0,2,3,0,0,False,0.0,0.0,Excluded,0,Closed,Closed opportunity,No open-deal action,,,,,,,,,,Closed,0.0
289,12433,Jaipur,Rajasthan,North,Healthcare,Enterprise,936,False,82,12433,26,3,2023-10-14,4,Security Services,Services,Referral,Annual,New business,New,4277430.3,10.03,3848404.04,False,None,5,54.3,2024-03-01,Closed Won,Negotiation,2024-02-28,2024-02-28,Closed Won,,2024-02-08,20,,137.0,137,0,4,10,2023,0,1,1,0,0,True,1.0,0.0,Closed Won,0,Closed,Closed opportunity,No open-deal action,,,,,,,,,,Closed,0.0
290,11269,Kolkata,West Bengal,East,Healthcare,Mid-market,339,True,95,11269,43,4,2025-05-09,3,Data Advisory,Services,Partner,Project,Renewal,Existing,1720436.78,9.58,1555618.94,True,Competitor A,2,33.9,2025-09-09,Closed Won,Negotiation,2025-09-17,2025-09-17,Closed Won,,2025-08-26,22,,131.0,131,0,2,5,2025,0,1,0,0,0,True,1.0,0.0,Closed Won,0,Closed,Closed opportunity,No open-deal action,,,,,,,,,,Closed,0.0
291,2419,Mumbai,Maharashtra,West,Manufacturing,Enterprise,1116,False,49,2419,13,2,2024-12-12,4,Security Services,Services,Inbound,Annual,New business,New,1531972.29,6.67,1429789.74,True,Competitor B,6,26.0,2025-05-06,Closed Lost,Lead,2024-12-20,2024-12-20,Closed Lost,Pricing,2024-12-15,5,,8.0,8,0,4,12,2024,0,1,1,0,0,False,0.0,0.0,Excluded,0,Closed,Closed opportunity,No open-deal action,,,,,,,,,,Closed,0.0
292,11971,Jaipur,Rajasthan,North,BFSI,Enterprise,1197,False,62,11971,34,3,2024-01-19,3,Data Advisory,Services,Event,Annual,New business,New,6531633.17,1.61,6426473.88,False,None,5,27.4,2024-04-19,Closed Lost,Discovery,2024-03-07,2024-03-07,Closed Lost,Competitor selected,2024-03-05,2,,48.0,48,0,1,1,2024,1,1,3,0,1,False,0.0,0.0,Excluded,0,Closed,Closed opportunity,No open-deal action,,,,,,,,,,Closed,0.0
293,10176,Pune,Maharashtra,West,Manufacturing,SMB,32,False,45,10176,14,2,2024-07-05,4,Security Services,Services,Partner,Project,New business,New,143613.99,6.59,134149.83,True,Competitor C,4,65.7,2024-09-27,Closed Lost,Proposal,2024-09-23,2024-09-23,Closed Lost,No decision,2024-09-07,16,,80.0,80,0,3,7,2024,0,0,0,0,1,True,0.0,0.0,Excluded,0,Closed,Closed opportunity,No open-deal action,,,,,,,,,,Closed,0.0
294,13833,Bhubaneswar,Odisha,East,Retail,Mid-market,270,False,68,13833,47,4,2026-05-07,4,Security Services,Services,Inbound,Multi-year,New business,New,1185025.59,5.67,1117834.64,False,None,2,49.2,2026-08-15,Closed Won,Negotiation,2026-07-16,2026-07-16,Closed Won,,2026-06-26,20,,70.0,70,0,2,5,2026,0,1,0,0,0,True,1.0,0.0,Closed Won,0,Closed,Closed opportunity,No open-deal action,,,,,,,,,,Closed,0.0
295,7234,Mumbai,Maharashtra,West,Healthcare,SMB,26,False,69,7234,20,2,2023-07-17,1,Cloud Enablement,Services,Inbound,Project,New business,New,119114.52,9.16,108203.63,False,None,2,78.6,2023-11-03,Closed Lost,Qualified,2023-07-29,2023-07-29,Closed Lost,Competitor selected,2023-07-26,3,,12.0,12,0,3,7,2023,0,4,1,0,0,False,0.0,0.0,Excluded,0,Closed,Closed opportunity,No open-deal action,,,,,,,,,,Closed,0.0
296,5203,Kolkata,West Bengal,East,BFSI,SMB,100,True,37,5203,42,4,2024-05-06,4,Security Services,Services,Inbound,Multi-year,Expansion,Existing,515271.55,8.87,469566.96,False,None,4,63.9,2024-08-30,Closed Lost,Demo,2024-06-23,2024-06-23,Closed Lost,Customer priorities changed,2024-06-19,4,,48.0,48,0,2,5,2024,2,3,1,0,2,False,0.0,0.0,Excluded,0,Closed,Closed opportunity,No open-deal action,,,,,,,,,,Closed,0.0
297,4621,Delhi,Delhi,North,Healthcare,Mid-market,414,True,84,4621,35,3,2024-03-09,1,Cloud Enablement,Services,Partner,Annual,Renewal,Existing,547929.98,7.88,504753.1,True,Competitor C,1,60.6,2024-06-22,Closed Lost,Discovery,2024-07-03,2024-07-03,Closed Lost,No decision,2024-06-08,25,,116.0,116,0,1,3,2024,1,1,0,0,1,False,0.0,0.0,Excluded,0,Closed,Closed opportunity,No open-deal action,,,,,,,,,,Closed,0.0
298,14016,Bengaluru,Karnataka,South,Manufacturing,SMB,35,False,50,14016,1,1,2024-09-11,1,Cloud Enablement,Services,Inbound,Multi-year,New business,New,247602.11,3.53,238861.76,False,None,1,64.3,2024-12-17,Closed Lost,Discovery,2024-10-28,2024-10-28,Closed Lost,Competitor selected,2024-10-16,12,,47.0,47,0,3,9,2024,0,0,1,0,3,False,0.0,0.0,Excluded,0,Closed,Closed opportunity,No open-deal action,,,,,,,,,,Closed,0.0
299,4193,Jaipur,Rajasthan,North,BFSI,SMB,144,False,58,4193,32,3,2026-06-30,3,Data Advisory,Services,Outbound,Annual,New business,New,568585.17,8.67,519288.84,False,None,1,32.2,2026-09-06,Closed Lost,Qualified,2026-08-06,2026-08-06,Closed Lost,Duplicate opportunity,2026-07-21,16,,37.0,37,0,2,6,2026,0,1,2,0,0,False,0.0,0.0,Excluded,0,Closed,Closed opportunity,No open-deal action,,,,,,,,,,Closed,0.0
300,11167,Bhubaneswar,Odisha,East,Retail,Enterprise,1026,False,58,11167,38,4,2026-01-08,1,Cloud Enablement,Services,Event,Annual,New business,New,3594950.51,4.61,3429223.29,True,Competitor B,6,48.0,2026-05-22,Closed Lost,Lead,2026-01-15,2026-01-15,Closed Lost,Competitor selected,2026-01-14,1,,7.0,7,0,1,1,2026,0,2,0,0,4,False,0.0,0.0,Excluded,0,Closed,Closed opportunity,No open-deal action,,,,,,,,,,Closed,0.0
301,7640,Kolkata,West Bengal,East,BFSI,SMB,86,False,68,7640,42,4,2025-08-22,4,Security Services,Services,Inbound,Multi-year,New business,New,641441.54,6.12,602185.32,True,Competitor A,2,77.9,2025-11-24,Closed Lost,Lead,2025-08-30,2025-08-30,Closed Lost,Timing,2025-08-30,0,,8.0,8,0,3,8,2025,0,3,1,0,1,False,0.0,0.0,Excluded,0,Closed,Closed opportunity,No open-deal action,,,,,,,,,,Closed,0.0
302,321,Mumbai,Maharashtra,West,IT Services,SMB,61,True,35,321,20,2,2024-07-07,2,Workflow Suite,Software,Outbound,Multi-year,Expansion,Existing,329710.41,21.29,259515.06,True,Competitor C,2,49.0,2024-09-29,Closed Won,Negotiation,2024-10-18,2024-10-18,Closed Won,,2024-09-17,31,,103.0,103,0,3,7,2024,0,3,0,1,0,True,1.0,0.0,Closed Won,0,Closed,Closed opportunity,No open-deal action,,,,,,,,,,Closed,0.0
303,8432,Chennai,Tamil Nadu,South,IT Services,SMB,132,False,52,8432,5,1,2026-07-11,1,Cloud Enablement,Services,Referral,Project,New business,New,305606.16,8.08,280913.18,False,None,3,50.8,2026-10-21,Demo,Discovery,2026-08-26,,Open,,2026-08-26,5,2026-09-01,,51,5,3,7,2026,2,2,3,1,1,False,0.49543899657924745,139175.3440250855,Best Case,0,Low,,,8.333333333333332,10.416666666666668,8.958333333333334,6.35,12.5,6.192987457240593,12.5,12.5,77.8,Healthy,0.0
304,16213,Kolkata,West Bengal,East,Healthcare,Mid-market,93,True,35,16213,42,4,2024-11-12,1,Cloud Enablement,Services,Event,Project,Renewal,Existing,395748.46,19.49,318617.09,True,Competitor A,4,53.0,2025-02-22,Closed Lost,Demo,2025-02-10,2025-02-10,Closed Lost,Competitor selected,2025-02-01,9,,90.0,90,0,4,11,2024,2,1,2,0,3,False,0.0,0.0,Excluded,0,Closed,Closed opportunity,No open-deal action,,,,,,,,,,Closed,0.0
305,5546,Bhubaneswar,Odisha,East,IT Services,Enterprise,504,True,66,5546,37,4,2026-05-03,3,Data Advisory,Services,Outbound,Project,Expansion,Existing,2603053.65,11.45,2305004.01,False,None,5,55.2,2026-08-30,Closed Lost,Lead,2026-05-23,2026-05-23,Closed Lost,Budget constraints,2026-05-13,10,,20.0,20,0,2,5,2026,1,1,0,0,0,False,0.0,0.0,Excluded,0,Closed,Closed opportunity,No open-deal action,,,,,,,,,,Closed,0.0
306,4217,Pune,Maharashtra,West,Healthcare,Mid-market,147,False,57,4217,13,2,2024-04-16,1,Cloud Enablement,Services,Outbound,Project,New business,New,792539.2,3.04,768446.01,True,Competitor C,2,64.9,2024-07-05,Closed Lost,Lead,2024-04-22,2024-04-22,Closed Lost,Competitor selected,2024-04-22,0,,6.0,6,0,2,4,2024,1,0,1,0,2,False,0.0,0.0,Excluded,0,Closed,Closed opportunity,No open-deal action,,,,,,,,,,Closed,0.0
307,8463,Jaipur,Rajasthan,North,Retail,Mid-market,81,False,94,8463,31,3,2026-03-22,3,Data Advisory,Services,Referral,Project,New business,New,530444.12,4.57,506202.82,False,None,4,61.6,2026-07-30,Proposal,Demo,2026-08-04,,Open,,2026-08-09,22,2026-08-24,,162,27,1,3,2026,2,0,5,0,3,True,0.5816749478670545,294445.498933656,Best Case,55,High,Old opportunity; No recent activity; Close date pressure; No future follow-up; Long cycle,Review qualification and realistic close date; Contact the customer and log the response; Confirm procurement milestones; Schedule a dated next action; Reassess the mutual close plan,10.416666666666668,3.333333333333334,1.2499999999999998,7.7,0.0,7.270936848338182,12.5,0.0,42.5,At risk,161945.0244135108
308,1260,Kolkata,West Bengal,East,Retail,SMB,56,False,53,1260,45,4,2024-07-14,2,Workflow Suite,Software,Event,Annual,New business,New,164562.15,3.4,158967.04,False,None,1,86.6,2024-09-20,Closed Lost,Negotiation,2024-09-16,2024-09-16,Closed Lost,Poor engagement,2024-09-10,6,,64.0,64,0,3,7,2024,0,1,3,0,2,True,0.0,0.0,Excluded,0,Closed,Closed opportunity,No open-deal action,,,,,,,,,,Closed,0.0
309,6341,Mumbai,Maharashtra,West,Retail,Mid-market,336,True,91,6341,18,2,2024-07-06,4,Security Services,Services,Referral,Annual,Expansion,Existing,1038940.29,6.64,969954.65,False,None,2,69.2,2024-09-27,Closed Won,Negotiation,2024-10-14,2024-10-14,Closed Won,,2024-10-14,0,,100.0,100,0,3,7,2024,1,1,1,0,0,True,1.0,0.0,Closed Won,0,Closed,Closed opportunity,No open-deal action,,,,,,,,,,Closed,0.0
310,7387,Kolkata,West Bengal,East,Retail,SMB,79,True,46,7387,48,4,2026-05-05,2,Workflow Suite,Software,Event,Project,Expansion,Existing,155692.66,4.57,148577.51,False,None,4,44.0,2026-07-24,Closed Won,Negotiation,2026-08-26,2026-08-26,Closed Won,,2026-08-15,11,,113.0,113,0,2,5,2026,0,1,0,0,0,True,1.0,0.0,Closed Won,0,Closed,Closed opportunity,No open-deal action,,,,,,,,,,Closed,0.0
311,6792,Bhubaneswar,Odisha,East,Retail,Mid-market,396,False,88,6792,45,4,2024-08-12,3,Data Advisory,Services,Inbound,Annual,New business,New,1264990.41,9.59,1143677.83,False,None,2,71.9,2024-12-02,Closed Won,Negotiation,2024-11-10,2024-11-10,Closed Won,,2024-10-26,15,,90.0,90,0,3,8,2024,0,2,2,0,0,True,1.0,0.0,Closed Won,0,Closed,Closed opportunity,No open-deal action,,,,,,,,,,Closed,0.0
312,8911,Chennai,Tamil Nadu,South,Retail,Mid-market,204,True,83,8911,11,1,2026-01-22,3,Data Advisory,Services,Partner,Annual,Renewal,Existing,997326.89,11.41,883531.89,False,None,3,96.2,2026-04-04,Closed Lost,Discovery,2026-03-04,2026-03-04,Closed Lost,Customer priorities changed,2026-02-17,15,,41.0,41,0,1,1,2026,0,1,1,0,4,False,0.0,0.0,Excluded,0,Closed,Closed opportunity,No open-deal action,,,,,,,,,,Closed,0.0
313,8092,Mumbai,Maharashtra,West,Retail,SMB,52,True,71,8092,20,2,2023-10-20,1,Cloud Enablement,Services,Inbound,Annual,Renewal,Existing,197453.73,10.22,177273.96,True,Competitor A,1,83.7,2024-02-08,Closed Lost,Demo,2023-11-24,2023-11-24,Closed Lost,Duplicate opportunity,2023-11-10,14,,35.0,35,0,4,10,2023,2,2,0,0,1,False,0.0,0.0,Excluded,0,Closed,Closed opportunity,No open-deal action,,,,,,,,,,Closed,0.0
314,7795,Bengaluru,Karnataka,South,IT Services,Mid-market,198,False,85,7795,7,1,2023-07-11,4,Security Services,Services,Inbound,Project,New business,New,664214.94,2.28,649070.84,True,Competitor A,2,63.4,2023-10-20,Closed Lost,Qualified,2023-07-31,2023-07-31,Closed Lost,Poor engagement,2023-07-31,0,,20.0,20,0,3,7,2023,2,2,1,0,0,False,0.0,0.0,Excluded,0,Closed,Closed opportunity,No open-deal action,,,,,,,,,,Closed,0.0
315,5356,Kolkata,West Bengal,East,Healthcare,SMB,116,False,84,5356,44,4,2026-01-12,3,Data Advisory,Services,Event,Project,New business,New,477640.64,15.19,405087.03,False,None,4,73.7,2026-04-05,Closed Lost,Discovery,2026-04-10,2026-04-10,Closed Lost,Budget constraints,2026-03-25,16,,88.0,88,0,1,1,2026,1,1,1,0,2,False,0.0,0.0,Excluded,0,Closed,Closed opportunity,No open-deal action,,,,,,,,,,Closed,0.0
316,12799,Delhi,Delhi,North,BFSI,Mid-market,441,False,78,12799,29,3,2026-08-18,4,Security Services,Services,Event,Annual,New business,New,1614549.97,1.83,1585003.71,False,None,3,58.6,2026-11-30,Lead,None,2026-08-18,,Open,,2026-08-23,8,2026-09-01,,13,13,3,8,2026,0,1,0,0,0,False,0.24256673698675726,384469.1780466045,Pipeline,0,Low,,,2.083333333333333,9.166666666666668,11.597222222222223,7.324999999999999,12.5,3.032084212334466,12.5,12.5,70.7,Healthy,0.0
317,5652,Jaipur,Rajasthan,North,IT Services,Mid-market,417,True,38,5652,33,3,2026-06-24,3,Data Advisory,Services,Referral,Project,Renewal,Existing,2497647.78,7.53,2309574.9,True,Competitor C,1,57.3,2026-11-30,Closed Lost,Qualified,2026-07-27,2026-07-27,Closed Lost,Pricing,2026-07-03,24,,33.0,33,0,2,6,2026,0,1,0,0,1,False,0.0,0.0,Excluded,0,Closed,Closed opportunity,No open-deal action,,,,,,,,,,Closed,0.0
319,11273,Delhi,Delhi,North,Manufacturing,SMB,97,False,57,11273,31,3,2023-08-27,3,Data Advisory,Services,Event,Annual,New business,New,389036.77,3.88,373942.14,False,None,1,71.6,2023-11-26,Closed Lost,Qualified,2023-09-27,2023-09-27,Closed Lost,Pricing,2023-09-27,0,,31.0,31,0,3,8,2023,1,2,0,0,2,False,0.0,0.0,Excluded,0,Closed,Closed opportunity,No open-deal action,,,,,,,,,,Closed,0.0
320,13534,Kolkata,West Bengal,East,Manufacturing,SMB,57,False,89,13534,37,4,2025-11-27,2,Workflow Suite,Software,Inbound,Annual,New business,New,208233.99,7.53,192553.97,True,Competitor B,3,68.7,2026-04-16,Closed Lost,Lead,2025-12-03,2025-12-03,Closed Lost,Competitor selected,2025-12-03,0,,6.0,6,0,4,11,2025,0,3,1,0,2,False,0.0,0.0,Excluded,0,Closed,Closed opportunity,No open-deal action,,,,,,,,,,Closed,0.0
322,8083,Delhi,Delhi,North,Retail,Mid-market,270,True,83,8083,30,3,2024-07-02,3,Data Advisory,Services,Inbound,Project,Expansion,Existing,1153678.64,8.33,1057577.21,False,None,3,14.2,2024-10-23,Closed Lost,Lead,2024-07-16,2024-07-16,Closed Lost,Product mismatch,2024-07-15,1,,14.0,14,0,3,7,2024,1,0,0,0,1,False,0.0,0.0,Excluded,0,Closed,Closed opportunity,No open-deal action,,,,,,,,,,Closed,0.0
323,1597,Jaipur,Rajasthan,North,IT Services,Mid-market,198,False,91,1597,36,3,2024-01-24,1,Cloud Enablement,Services,Outbound,Project,New business,New,671888.51,4.43,642123.85,True,Competitor B,2,47.3,2024-04-15,Closed Lost,Negotiation,2024-05-30,2024-05-30,Closed Lost,No decision,2024-05-01,29,,127.0,127,0,1,1,2024,0,1,0,0,0,True,0.0,0.0,Excluded,0,Closed,Closed opportunity,No open-deal action,,,,,,,,,,Closed,0.0
324,1288,Chennai,Tamil Nadu,South,IT Services,SMB,126,False,82,1288,4,1,2024-08-13,3,Data Advisory,Services,Inbound,Annual,New business,New,423805.35,12.06,372694.42,True,Competitor C,1,69.4,2024-11-02,Closed Lost,Demo,2024-09-27,2024-09-27,Closed Lost,Competitor selected,2024-09-23,4,,45.0,45,0,3,8,2024,0,1,2,0,0,False,0.0,0.0,Excluded,0,Closed,Closed opportunity,No open-deal action,,,,,,,,,,Closed,0.0
325,12854,Bengaluru,Karnataka,South,Healthcare,Enterprise,819,False,84,12854,9,1,2024-09-03,2,Workflow Suite,Software,Inbound,Multi-year,New business,New,4596967.31,2.97,4460437.38,False,None,6,28.5,2024-12-19,Closed Lost,Negotiation,2024-12-23,2024-12-23,Closed Lost,Competitor selected,2024-12-17,6,,111.0,111,0,3,9,2024,3,2,0,1,1,True,0.0,0.0,Excluded,0,Closed,Closed opportunity,No open-deal action,,,,,,,,,,Closed,0.0
326,16253,Pune,Maharashtra,West,Retail,Mid-market,126,True,80,16253,14,2,2023-05-23,1,Cloud Enablement,Services,Partner,Multi-year,Renewal,Existing,730282.39,7.23,677482.97,True,Competitor B,4,46.7,2023-08-10,Closed Lost,Lead,2023-06-19,2023-06-19,Closed Lost,Budget constraints,2023-06-19,0,,27.0,27,0,2,5,2023,0,2,2,0,0,False,0.0,0.0,Excluded,0,Closed,Closed opportunity,No open-deal action,,,,,,,,,,Closed,0.0
327,534,Mumbai,Maharashtra,West,Healthcare,Enterprise,963,True,58,534,20,2,2025-08-26,1,Cloud Enablement,Services,Outbound,Annual,Expansion,Existing,1776089.17,9.85,1601144.39,True,Competitor C,4,34.8,2025-12-31,Closed Lost,Discovery,2025-10-04,2025-10-04,Closed Lost,Competitor selected,2025-09-24,10,,39.0,39,0,3,8,2025,0,1,3,0,0,False,0.0,0.0,Excluded,0,Closed,Closed opportunity,No open-deal action,,,,,,,,,,Closed,0.0
328,14902,Chennai,Tamil Nadu,South,Manufacturing,SMB,32,True,61,14902,2,1,2024-03-17,4,Security Services,Services,Inbound,Project,Renewal,Existing,184017.26,8.47,168431.0,False,None,4,44.8,2024-07-15,Closed Lost,Discovery,2024-04-09,2024-04-09,Closed Lost,Customer priorities changed,2024-04-02,7,,23.0,23,0,1,3,2024,0,2,1,0,3,False,0.0,0.0,Excluded,0,Closed,Closed opportunity,No open-deal action,,,,,,,,,,Closed,0.0
329,4329,Bengaluru,Karnataka,South,Manufacturing,SMB,68,False,38,4329,1,1,2025-03-09,2,Workflow Suite,Software,Outbound,Project,New business,New,106393.25,9.03,96785.94,False,None,2,29.4,2025-06-08,Closed Lost,Lead,2025-03-14,2025-03-14,Closed Lost,Budget constraints,2025-03-14,0,,5.0,5,0,1,3,2025,1,2,0,0,1,False,0.0,0.0,Excluded,0,Closed,Closed opportunity,No open-deal action,,,,,,,,,,Closed,0.0
330,5301,Bengaluru,Karnataka,South,Retail,Mid-market,267,False,81,5301,12,1,2025-09-29,2,Workflow Suite,Software,Partner,Annual,New business,New,506513.54,6.3,474603.19,False,None,1,85.2,2025-11-20,Closed Won,Negotiation,2026-01-09,2026-01-09,Closed Won,,2025-12-30,10,,102.0,102,0,3,9,2025,1,2,2,0,1,True,1.0,0.0,Closed Won,0,Closed,Closed opportunity,No open-deal action,,,,,,,,,,Closed,0.0
331,7553,Pune,Maharashtra,West,IT Services,SMB,26,False,57,7553,23,2,2023-02-20,3,Data Advisory,Services,Event,Annual,New business,New,202944.99,7.21,188312.66,True,Competitor B,2,34.8,2023-05-28,Closed Lost,Qualified,2023-03-23,2023-03-23,Closed Lost,No decision,2023-03-14,9,,31.0,31,0,1,2,2023,2,1,1,0,0,False,0.0,0.0,Excluded,0,Closed,Closed opportunity,No open-deal action,,,,,,,,,,Closed,0.0
332,8417,Delhi,Delhi,North,IT Services,Mid-market,351,False,42,8417,31,3,2024-11-12,4,Security Services,Services,Referral,Annual,New business,New,651012.54,8.62,594895.26,False,None,4,37.1,2025-03-05,Closed Won,Negotiation,2025-04-04,2025-04-04,Closed Won,,2025-03-27,8,,143.0,143,0,4,11,2024,0,3,0,0,0,True,1.0,0.0,Closed Won,0,Closed,Closed opportunity,No open-deal action,,,,,,,,,,Closed,0.0
333,2525,Bengaluru,Karnataka,South,Manufacturing,Enterprise,1044,False,45,2525,9,1,2023-05-21,2,Workflow Suite,Software,Referral,Annual,New business,New,1280866.89,7.14,1189412.99,False,None,6,54.1,2023-09-26,Closed Won,Negotiation,2023-08-25,2023-08-25,Closed Won,,2023-08-25,0,,96.0,96,0,2,5,2023,1,2,0,0,1,True,1.0,0.0,Closed Won,0,Closed,Closed opportunity,No open-deal action,,,,,,,,,,Closed,0.0
334,4060,Delhi,Delhi,North,IT Services,Mid-market,246,True,43,4060,36,3,2025-03-19,3,Data Advisory,Services,Partner,Annual,Expansion,Existing,726685.67,8.09,667896.8,True,Competitor B,3,70.0,2025-08-09,Closed Lost,Negotiation,2025-07-08,2025-07-08,Closed Lost,Competitor selected,2025-06-24,14,,111.0,111,0,1,3,2025,0,1,0,1,0,True,0.0,0.0,Excluded,0,Closed,Closed opportunity,No open-deal action,,,,,,,,,,Closed,0.0
335,7752,Pune,Maharashtra,West,Manufacturing,SMB,91,False,62,7752,13,2,2024-12-23,4,Security Services,Services,Outbound,Annual,New business,New,363089.56,9.69,327906.18,False,None,1,75.2,2025-04-08,Closed Lost,Qualified,2025-01-10,2025-01-10,Closed Lost,Budget constraints,2025-01-06,4,,18.0,18,0,4,12,2024,2,0,3,0,1,False,0.0,0.0,Excluded,0,Closed,Closed opportunity,No open-deal action,,,,,,,,,,Closed,0.0
336,8456,Chennai,Tamil Nadu,South,Manufacturing,Mid-market,108,False,79,8456,5,1,2024-07-11,3,Data Advisory,Services,Referral,Project,New business,New,1171072.32,3.32,1132192.72,True,Competitor C,1,42.5,2024-09-20,Closed Lost,Discovery,2024-08-19,2024-08-19,Closed Lost,No decision,2024-08-17,2,,39.0,39,0,3,7,2024,0,2,0,0,1,False,0.0,0.0,Excluded,0,Closed,Closed opportunity,No open-deal action,,,,,,,,,,Closed,0.0
337,7221,Mumbai,Maharashtra,West,Healthcare,Mid-market,117,False,43,7221,21,2,2024-03-25,2,Workflow Suite,Software,Referral,Multi-year,New business,New,528742.72,3.95,507857.38,False,None,1,96.6,2024-06-28,Closed Lost,Proposal,2024-06-15,2024-06-15,Closed Lost,Customer priorities changed,2024-06-12,3,,82.0,82,0,1,3,2024,0,4,1,0,0,True,0.0,0.0,Excluded,0,Closed,Closed opportunity,No open-deal action,,,,,,,,,,Closed,0.0
338,4147,Pune,Maharashtra,West,IT Services,SMB,93,False,36,4147,17,2,2025-04-26,1,Cloud Enablement,Services,Referral,Project,New business,New,227709.96,2.98,220924.2,True,Competitor B,1,81.4,2025-07-07,Closed Lost,Lead,2025-05-07,2025-05-07,Closed Lost,Timing,2025-05-04,3,,11.0,11,0,2,4,2025,1,1,1,0,0,False,0.0,0.0,Excluded,0,Closed,Closed opportunity,No open-deal action,,,,,,,,,,Closed,0.0
339,3953,Jaipur,Rajasthan,North,IT Services,Enterprise,270,False,73,3953,29,3,2025-04-03,1,Cloud Enablement,Services,Outbound,Project,New business,New,1568173.85,13.19,1361331.72,True,Competitor C,5,65.7,2025-08-05,Closed Lost,Qualified,2025-05-02,2025-05-02,Closed Lost,No decision,2025-04-28,4,,29.0,29,0,2,4,2025,0,5,1,0,0,False,0.0,0.0,Excluded,0,Closed,Closed opportunity,No open-deal action,,,,,,,,,,Closed,0.0
340,6171,Delhi,Delhi,North,Retail,Enterprise,450,True,60,6171,30,3,2024-11-24,2,Workflow Suite,Software,Partner,Project,Expansion,Existing,940554.12,4.19,901144.9,False,None,6,76.7,2025-02-17,Closed Lost,Demo,2025-01-07,2025-01-07,Closed Lost,No decision,2025-01-04,3,,44.0,44,0,4,11,2024,1,4,2,1,2,False,0.0,0.0,Excluded,0,Closed,Closed opportunity,No open-deal action,,,,,,,,,,Closed,0.0
341,6225,Pune,Maharashtra,West,Healthcare,Mid-market,171,False,45,6225,21,2,2026-05-14,1,Cloud Enablement,Services,Inbound,Annual,New business,New,752450.1,3.92,722954.06,False,None,1,45.0,2026-07-20,Closed Lost,Negotiation,2026-07-28,2026-07-28,Closed Lost,Product mismatch,2026-07-13,15,,75.0,75,0,2,5,2026,0,0,1,1,0,True,0.0,0.0,Excluded,0,Closed,Closed opportunity,No open-deal action,,,,,,,,,,Closed,0.0
342,4554,Delhi,Delhi,North,Retail,SMB,28,False,81,4554,34,3,2024-02-28,2,Workflow Suite,Software,Partner,Annual,New business,New,84829.89,4.09,81360.35,False,None,3,22.1,2024-05-16,Closed Lost,Negotiation,2024-06-21,2024-06-21,Closed Lost,Timing,2024-05-29,23,,114.0,114,0,1,2,2024,1,0,1,0,0,True,0.0,0.0,Excluded,0,Closed,Closed opportunity,No open-deal action,,,,,,,,,,Closed,0.0
343,3475,Mumbai,Maharashtra,West,Retail,SMB,145,False,74,3475,15,2,2025-11-05,1,Cloud Enablement,Services,Event,Annual,New business,New,277453.43,4.16,265911.37,True,Competitor B,4,50.6,2026-01-27,Closed Lost,Qualified,2025-12-21,2025-12-21,Closed Lost,Competitor selected,2025-12-08,13,,46.0,46,0,4,11,2025,0,0,1,0,2,False,0.0,0.0,Excluded,0,Closed,Closed opportunity,No open-deal action,,,,,,,,,,Closed,0.0
344,7469,Bhubaneswar,Odisha,East,Retail,Mid-market,288,True,86,7469,41,4,2026-02-13,3,Data Advisory,Services,Outbound,Project,Renewal,Existing,1193582.25,6.28,1118625.28,True,Competitor A,4,63.6,2026-05-23,Closed Lost,Proposal,2026-05-12,2026-05-12,Closed Lost,Competitor selected,2026-04-24,18,,88.0,88,0,1,2,2026,1,1,0,1,0,True,0.0,0.0,Excluded,0,Closed,Closed opportunity,No open-deal action,,,,,,,,,,Closed,0.0
345,14432,Bengaluru,Karnataka,South,Retail,Enterprise,396,False,62,14432,10,1,2026-01-29,2,Workflow Suite,Software,Inbound,Annual,New business,New,1878088.29,10.39,1682954.92,True,Competitor B,3,74.4,2026-05-24,Closed Lost,Qualified,2026-03-06,2026-03-06,Closed Lost,Competitor selected,2026-03-05,1,,36.0,36,0,1,1,2026,0,2,1,0,2,False,0.0,0.0,Excluded,0,Closed,Closed opportunity,No open-deal action,,,,,,,,,,Closed,0.0
346,1129,Delhi,Delhi,North,Healthcare,Mid-market,267,True,73,1129,28,3,2023-11-05,1,Cloud Enablement,Services,Partner,Project,Expansion,Existing,405580.05,17.87,333102.9,True,Competitor B,4,76.8,2024-01-26,Closed Lost,Demo,2024-01-24,2024-01-24,Closed Lost,Competitor selected,2024-01-17,7,,80.0,80,0,4,11,2023,1,1,2,0,1,False,0.0,0.0,Excluded,0,Closed,Closed opportunity,No open-deal action,,,,,,,,,,Closed,0.0
347,1937,Mumbai,Maharashtra,West,BFSI,SMB,110,True,41,1937,18,2,2025-07-11,2,Workflow Suite,Software,Referral,Project,Renewal,Existing,139299.93,4.65,132822.48,True,Competitor B,4,23.8,2025-09-30,Closed Won,Negotiation,2025-12-19,2025-12-19,Closed Won,,2025-08-07,134,,161.0,161,0,3,7,2025,0,0,1,0,0,True,1.0,0.0,Closed Won,0,Closed,Closed opportunity,No open-deal action,,,,,,,,,,Closed,0.0
348,8913,Jaipur,Rajasthan,North,IT Services,Enterprise,1215,False,62,8913,26,3,2026-03-30,4,Security Services,Services,Outbound,Project,New business,New,2249985.98,8.76,2052887.21,True,Competitor A,3,36.1,2026-06-26,Closed Lost,Demo,2026-06-07,2026-06-07,Closed Lost,Other,2026-04-24,44,,69.0,69,0,1,3,2026,1,1,0,0,0,False,0.0,0.0,Excluded,0,Closed,Closed opportunity,No open-deal action,,,,,,,,,,Closed,0.0
349,13311,Bhubaneswar,Odisha,East,BFSI,SMB,39,False,52,13311,48,4,2025-07-07,2,Workflow Suite,Software,Referral,Annual,New business,New,140700.97,8.8,128319.28,False,None,2,69.3,2025-09-04,Closed Won,Negotiation,2025-11-16,2025-11-16,Closed Won,,2025-11-08,8,,132.0,132,0,3,7,2025,0,1,3,0,1,True,1.0,0.0,Closed Won,0,Closed,Closed opportunity,No open-deal action,,,,,,,,,,Closed,0.0
350,3664,Bhubaneswar,Odisha,East,IT Services,Mid-market,102,False,85,3664,38,4,2023-03-16,2,Workflow Suite,Software,Inbound,Project,New business,New,398096.89,7.14,369672.77,False,None,4,50.4,2023-08-14,Closed Lost,Negotiation,2023-07-28,2023-07-28,Closed Lost,Poor engagement,2023-07-03,25,,134.0,134,0,1,3,2023,0,0,1,0,0,True,0.0,0.0,Excluded,0,Closed,Closed opportunity,No open-deal action,,,,,,,,,,Closed,0.0
351,5057,Bhubaneswar,Odisha,East,Healthcare,SMB,88,True,90,5057,37,4,2026-01-14,1,Cloud Enablement,Services,Inbound,Annual,Renewal,Existing,270270.38,6.51,252675.78,True,Competitor C,4,51.2,2026-04-13,Closed Won,Negotiation,2026-04-01,2026-04-01,Closed Won,,2026-02-26,34,,77.0,77,0,1,1,2026,0,3,3,1,0,True,1.0,0.0,Closed Won,0,Closed,Closed opportunity,No open-deal action,,,,,,,,,,Closed,0.0
352,2815,Chennai,Tamil Nadu,South,Manufacturing,Mid-market,393,False,51,2815,7,1,2023-09-14,1,Cloud Enablement,Services,Partner,Project,New business,New,1010315.18,4.36,966265.44,True,Competitor C,2,66.0,2024-01-01,Closed Lost,Qualified,2023-10-17,2023-10-17,Closed Lost,Competitor selected,2023-10-10,7,,33.0,33,0,3,9,2023,1,2,0,0,0,False,0.0,0.0,Excluded,0,Closed,Closed opportunity,No open-deal action,,,,,,,,,,Closed,0.0
353,14073,Chennai,Tamil Nadu,South,Healthcare,SMB,62,False,89,14073,3,1,2025-05-18,2,Workflow Suite,Software,Partner,Annual,New business,New,166836.96,3.68,160697.36,False,None,1,49.1,2025-09-01,Closed Lost,Qualified,2025-06-05,2025-06-05,Closed Lost,Budget constraints,2025-06-05,0,,18.0,18,0,2,5,2025,2,2,5,0,1,False,0.0,0.0,Excluded,0,Closed,Closed opportunity,No open-deal action,,,,,,,,,,Closed,0.0
354,5826,Delhi,Delhi,North,Healthcare,SMB,82,False,67,5826,26,3,2025-11-09,1,Cloud Enablement,Services,Outbound,Project,New business,New,130742.4,5.24,123891.5,True,Competitor B,3,58.2,2026-03-13,Closed Lost,Proposal,2026-02-26,2026-02-26,Closed Lost,Budget constraints,2026-02-03,23,,109.0,109,0,4,11,2025,2,0,1,0,0,True,0.0,0.0,Excluded,0,Closed,Closed opportunity,No open-deal action,,,,,,,,,,Closed,0.0
355,5365,Mumbai,Maharashtra,West,Manufacturing,Mid-market,195,True,71,5365,19,2,2023-12-12,1,Cloud Enablement,Services,Inbound,Annual,Expansion,Existing,596547.96,19.62,479505.25,True,Competitor C,3,73.4,2024-02-13,Closed Lost,Lead,2023-12-22,2023-12-22,Closed Lost,Competitor selected,2023-12-22,0,,10.0,10,0,4,12,2023,2,0,1,0,5,False,0.0,0.0,Excluded,0,Closed,Closed opportunity,No open-deal action,,,,,,,,,,Closed,0.0
356,12129,Kolkata,West Bengal,East,Retail,Mid-market,75,True,88,12129,39,4,2023-09-07,1,Cloud Enablement,Services,Event,Annual,Renewal,Existing,441289.6,14.82,375890.48,True,Competitor A,2,59.4,2023-11-18,Closed Lost,Lead,2023-09-16,2023-09-16,Closed Lost,Duplicate opportunity,2023-09-16,0,,9.0,9,0,3,9,2023,0,1,2,0,0,False,0.0,0.0,Excluded,0,Closed,Closed opportunity,No open-deal action,,,,,,,,,,Closed,0.0
358,5932,Delhi,Delhi,North,Retail,Enterprise,756,False,60,5932,36,3,2026-05-16,2,Workflow Suite,Software,Event,Project,New business,New,1461111.06,5.96,1374028.84,True,Competitor B,5,58.4,2026-09-30,Closed Lost,Qualified,2026-06-28,2026-06-28,Closed Lost,Competitor selected,2026-05-29,30,,43.0,43,0,2,5,2026,2,1,2,0,0,False,0.0,0.0,Excluded,0,Closed,Closed opportunity,No open-deal action,,,,,,,,,,Closed,0.0
359,6091,Chennai,Tamil Nadu,South,IT Services,SMB,52,True,62,6091,10,1,2026-05-12,4,Security Services,Services,Inbound,Multi-year,Renewal,Existing,552993.08,9.83,498633.86,True,Competitor B,3,33.6,2026-08-08,Proposal,Demo,2026-08-21,,Open,,2026-08-13,18,2026-08-25,,111,10,2,5,2026,0,0,2,0,1,True,0.5816749478670545,290042.82452024816,Best Case,35,Medium,Close date pressure; Low engagement; Competitor present; No future follow-up,Confirm procurement milestones; Re-engage the decision maker; Clarify differentiation and buying criteria; Schedule a dated next action,10.416666666666668,5.0,4.791666666666666,4.2,0.0,7.270936848338182,12.5,0.0,44.2,At risk,101514.98858208687
360,12567,Pune,Maharashtra,West,Manufacturing,Mid-market,414,True,74,12567,22,2,2023-05-19,4,Security Services,Services,Inbound,Annual,Renewal,Existing,1286725.28,15.42,1088312.24,False,None,1,24.0,2023-09-29,Closed Lost,Negotiation,2023-09-12,2023-09-12,Closed Lost,No decision,2023-07-04,70,,116.0,116,0,2,5,2023,0,2,1,0,0,True,0.0,0.0,Excluded,0,Closed,Closed opportunity,No open-deal action,,,,,,,,,,Closed,0.0
361,3136,Bengaluru,Karnataka,South,Manufacturing,Mid-market,228,True,63,3136,8,1,2025-06-03,2,Workflow Suite,Software,Inbound,Annual,Expansion,Existing,540889.71,7.59,499836.18,True,Competitor B,3,62.0,2025-09-16,Closed Won,Negotiation,2025-09-30,2025-09-30,Closed Won,,2025-09-09,21,,119.0,119,0,2,6,2025,0,0,1,0,0,True,1.0,0.0,Closed Won,0,Closed,Closed opportunity,No open-deal action,,,,,,,,,,Closed,0.0
362,16313,Mumbai,Maharashtra,West,Healthcare,SMB,108,False,66,16313,23,2,2024-08-01,4,Security Services,Services,Event,Annual,New business,New,238238.14,3.5,229899.81,True,Competitor A,3,73.4,2024-10-18,Closed Lost,Demo,2024-09-17,2024-09-17,Closed Lost,Budget constraints,2024-09-13,4,,47.0,47,0,3,8,2024,0,2,2,1,2,False,0.0,0.0,Excluded,0,Closed,Closed opportunity,No open-deal action,,,,,,,,,,Closed,0.0
363,6614,Bengaluru,Karnataka,South,BFSI,SMB,129,True,85,6614,4,1,2023-02-23,3,Data Advisory,Services,Outbound,Multi-year,Renewal,Existing,1170604.54,9.39,1060684.77,False,None,1,54.8,2023-04-19,Closed Lost,Negotiation,2023-07-03,2023-07-03,Closed Lost,Budget constraints,2023-06-17,16,,130.0,130,0,1,2,2023,0,1,0,0,0,True,0.0,0.0,Excluded,0,Closed,Closed opportunity,No open-deal action,,,,,,,,,,Closed,0.0
364,15732,Pune,Maharashtra,West,IT Services,SMB,114,True,62,15732,23,2,2026-06-24,1,Cloud Enablement,Services,Inbound,Annual,Renewal,Existing,329158.78,6.0,309409.25,False,None,4,60.5,2026-10-14,Closed Lost,Demo,2026-08-27,2026-08-27,Closed Lost,Customer priorities changed,2026-07-25,33,,64.0,64,0,2,6,2026,1,2,2,0,0,False,0.0,0.0,Excluded,0,Closed,Closed opportunity,No open-deal action,,,,,,,,,,Closed,0.0
365,2735,Pune,Maharashtra,West,Manufacturing,Mid-market,210,True,61,2735,17,2,2023-04-11,2,Workflow Suite,Software,Referral,Project,Renewal,Existing,295280.0,6.96,274728.51,False,None,3,74.8,2023-07-15,Closed Won,Negotiation,2023-08-03,2023-08-03,Closed Won,,2023-05-17,78,,114.0,114,0,2,4,2023,0,0,2,0,1,True,1.0,0.0,Closed Won,0,Closed,Closed opportunity,No open-deal action,,,,,,,,,,Closed,0.0
366,3683,Chennai,Tamil Nadu,South,Manufacturing,SMB,47,False,67,3683,7,1,2023-10-04,1,Cloud Enablement,Services,Referral,Project,New business,New,252402.79,2.14,247001.37,False,None,1,28.1,2023-12-13,Closed Lost,Qualified,2023-11-04,2023-11-04,Closed Lost,No decision,2023-10-13,22,,31.0,31,0,4,10,2023,0,1,0,0,1,False,0.0,0.0,Excluded,0,Closed,Closed opportunity,No open-deal action,,,,,,,,,,Closed,0.0
367,1257,Chennai,Tamil Nadu,South,BFSI,Enterprise,675,False,93,1257,7,1,2024-05-11,3,Data Advisory,Services,Outbound,Annual,New business,New,2474963.51,7.55,2288103.76,True,Competitor B,4,52.1,2024-09-12,Closed Lost,Proposal,2024-08-19,2024-08-19,Closed Lost,Poor engagement,2024-08-07,12,,100.0,100,0,2,5,2024,1,1,1,0,1,True,0.0,0.0,Excluded,0,Closed,Closed opportunity,No open-deal action,,,,,,,,,,Closed,0.0
368,15509,Bhubaneswar,Odisha,East,Retail,SMB,56,False,82,15509,39,4,2024-04-02,3,Data Advisory,Services,Outbound,Annual,New business,New,234575.42,10.59,209733.88,False,None,4,50.1,2024-07-24,Closed Lost,Qualified,2024-05-01,2024-05-01,Closed Lost,Timing,2024-04-09,22,,29.0,29,0,2,4,2024,0,1,0,0,2,False,0.0,0.0,Excluded,0,Closed,Closed opportunity,No open-deal action,,,,,,,,,,Closed,0.0
369,10644,Jaipur,Rajasthan,North,Manufacturing,SMB,145,False,72,10644,35,3,2025-06-10,1,Cloud Enablement,Services,Outbound,Annual,New business,New,378034.03,5.81,356070.25,True,Competitor C,2,29.3,2025-08-24,Closed Lost,Lead,2025-06-19,2025-06-19,Closed Lost,Internal approval delay,2025-06-17,2,,9.0,9,0,2,6,2025,0,1,0,0,0,False,0.0,0.0,Excluded,0,Closed,Closed opportunity,No open-deal action,,,,,,,,,,Closed,0.0
370,14392,Bhubaneswar,Odisha,East,Healthcare,Enterprise,891,False,59,14392,39,4,2026-03-26,1,Cloud Enablement,Services,Outbound,Annual,New business,New,1829685.05,2.25,1788517.14,False,None,3,80.0,2026-07-31,Closed Lost,Demo,2026-05-12,2026-05-12,Closed Lost,Poor engagement,2026-05-01,11,,47.0,47,0,1,3,2026,2,2,0,0,3,False,0.0,0.0,Excluded,0,Closed,Closed opportunity,No open-deal action,,,,,,,,,,Closed,0.0
371,1190,Bengaluru,Karnataka,South,BFSI,SMB,85,False,59,1190,11,1,2024-10-02,3,Data Advisory,Services,Referral,Annual,New business,New,405095.38,4.6,386460.99,True,Competitor C,4,91.8,2025-01-29,Closed Won,Negotiation,2025-01-07,2025-01-07,Closed Won,,2024-12-14,24,,97.0,97,0,4,10,2024,0,0,3,1,1,True,1.0,0.0,Closed Won,0,Closed,Closed opportunity,No open-deal action,,,,,,,,,,Closed,0.0
372,472,Kolkata,West Bengal,East,Retail,SMB,27,True,93,472,41,4,2023-11-28,1,Cloud Enablement,Services,Inbound,Annual,Renewal,Existing,85904.5,7.04,79856.82,True,Competitor B,4,45.3,2024-03-05,Closed Lost,Lead,2023-12-19,2023-12-19,Closed Lost,Pricing,2023-12-18,1,,21.0,21,0,4,11,2023,2,2,0,0,2,False,0.0,0.0,Excluded,0,Closed,Closed opportunity,No open-deal action,,,,,,,,,,Closed,0.0
373,8603,Mumbai,Maharashtra,West,Manufacturing,Mid-market,357,False,60,8603,19,2,2024-07-10,3,Data Advisory,Services,Outbound,Annual,New business,New,578660.81,3.5,558407.68,True,Competitor C,1,65.7,2024-10-19,Closed Lost,Qualified,2024-08-08,2024-08-08,Closed Lost,Poor engagement,2024-08-05,3,,29.0,29,0,3,7,2024,2,2,0,0,2,False,0.0,0.0,Excluded,0,Closed,Closed opportunity,No open-deal action,,,,,,,,,,Closed,0.0
374,16189,Pune,Maharashtra,West,Manufacturing,SMB,48,False,78,16189,24,2,2023-12-25,1,Cloud Enablement,Services,Outbound,Multi-year,New business,New,586815.85,1.03,580771.65,False,None,4,76.4,2024-04-04,Closed Lost,Discovery,2024-02-20,2024-02-20,Closed Lost,Budget constraints,2024-02-15,5,,57.0,57,0,4,12,2023,1,1,1,0,1,False,0.0,0.0,Excluded,0,Closed,Closed opportunity,No open-deal action,,,,,,,,,,Closed,0.0
375,5785,Delhi,Delhi,North,Manufacturing,SMB,88,False,37,5785,25,3,2023-06-19,2,Workflow Suite,Software,Referral,Annual,New business,New,150795.2,10.72,134629.95,False,None,1,68.3,2023-08-26,Closed Lost,Lead,2023-07-01,2023-07-01,Closed Lost,Poor engagement,2023-06-30,1,,12.0,12,0,2,6,2023,0,1,1,0,4,False,0.0,0.0,Excluded,0,Closed,Closed opportunity,No open-deal action,,,,,,,,,,Closed,0.0
376,15961,Jaipur,Rajasthan,North,Retail,Enterprise,972,True,55,15961,25,3,2026-07-11,3,Data Advisory,Services,Referral,Multi-year,Expansion,Existing,6676214.47,20.8,5287561.86,True,Competitor A,6,57.3,2026-12-28,Demo,Discovery,2026-08-30,,Open,,2026-08-31,0,2026-09-15,,51,1,3,7,2026,0,2,1,0,2,False,0.49543899657924745,2619664.3422690993,Best Case,15,Low,Competitor present; Large deal exposure,Clarify differentiation and buying criteria; Arrange executive sponsorship,8.333333333333332,12.5,8.958333333333334,7.1625,12.5,6.192987457240593,4.597617492459937,12.5,72.7,Healthy,392949.6513403649
377,14283,Mumbai,Maharashtra,West,IT Services,Enterprise,1125,False,51,14283,21,2,2025-07-20,4,Security Services,Services,Outbound,Annual,New business,New,2875067.89,11.99,2530347.25,False,None,3,62.0,2026-01-16,Closed Lost,Lead,2025-08-05,2025-08-05,Closed Lost,Budget constraints,2025-08-04,1,,16.0,16,0,3,7,2025,2,2,0,0,1,False,0.0,0.0,Excluded,0,Closed,Closed opportunity,No open-deal action,,,,,,,,,,Closed,0.0
378,12366,Kolkata,West Bengal,East,Retail,SMB,38,False,46,12366,37,4,2023-03-05,4,Security Services,Services,Referral,Project,New business,New,185102.86,10.58,165518.98,False,None,4,68.7,2023-06-06,Closed Lost,Proposal,2023-05-18,2023-05-18,Closed Lost,Budget constraints,2023-04-27,21,,74.0,74,0,1,3,2023,2,0,2,0,1,True,0.0,0.0,Excluded,0,Closed,Closed opportunity,No open-deal action,,,,,,,,,,Closed,0.0
379,15428,Chennai,Tamil Nadu,South,Healthcare,SMB,34,False,80,15428,7,1,2023-06-21,1,Cloud Enablement,Services,Event,Project,New business,New,93663.62,10.14,84166.13,False,None,3,85.1,2023-09-14,Closed Won,Negotiation,2023-10-02,2023-10-02,Closed Won,,2023-09-27,5,,103.0,103,0,2,6,2023,1,2,2,1,2,True,1.0,0.0,Closed Won,0,Closed,Closed opportunity,No open-deal action,,,,,,,,,,Closed,0.0
380,10058,Delhi,Delhi,North,IT Services,SMB,103,False,81,10058,27,3,2023-05-08,2,Workflow Suite,Software,Outbound,Project,New business,New,169035.99,7.92,155648.34,True,Competitor B,1,42.2,2023-06-24,Closed Lost,Discovery,2023-06-14,2023-06-14,Closed Lost,Competitor selected,2023-05-18,27,,37.0,37,0,2,5,2023,1,0,1,0,1,False,0.0,0.0,Excluded,0,Closed,Closed opportunity,No open-deal action,,,,,,,,,,Closed,0.0
381,10312,Bengaluru,Karnataka,South,Healthcare,Mid-market,96,False,89,10312,2,1,2024-09-29,4,Security Services,Services,Event,Project,New business,New,299622.71,8.92,272896.36,False,None,3,46.1,2025-01-05,Closed Lost,Proposal,2025-01-25,2025-01-25,Closed Lost,Competitor selected,2025-01-04,21,,118.0,118,0,3,9,2024,0,0,1,1,0,True,0.0,0.0,Excluded,0,Closed,Closed opportunity,No open-deal action,,,,,,,,,,Closed,0.0
382,16501,Delhi,Delhi,North,IT Services,SMB,75,True,37,16501,30,3,2026-01-17,4,Security Services,Services,Event,Project,Expansion,Existing,181749.87,4.68,173243.98,True,Competitor A,1,62.2,2026-04-12,Closed Lost,Lead,2026-01-27,2026-01-27,Closed Lost,Timing,2026-01-26,1,,10.0,10,0,1,1,2026,1,2,1,0,1,False,0.0,0.0,Excluded,0,Closed,Closed opportunity,No open-deal action,,,,,,,,,,Closed,0.0
383,6169,Kolkata,West Bengal,East,Retail,Enterprise,999,False,54,6169,42,4,2026-06-23,4,Security Services,Services,Outbound,Project,New business,New,2405994.54,6.16,2257785.28,False,None,4,62.3,2026-10-18,Closed Lost,Qualified,2026-08-01,2026-08-01,Closed Lost,Poor engagement,2026-07-27,5,,39.0,39,0,2,6,2026,0,1,1,0,2,False,0.0,0.0,Excluded,0,Closed,Closed opportunity,No open-deal action,,,,,,,,,,Closed,0.0
384,3256,Chennai,Tamil Nadu,South,Healthcare,Enterprise,684,False,74,3256,10,1,2024-03-14,3,Data Advisory,Services,Referral,Annual,New business,New,2699228.92,2.14,2641465.42,True,Competitor C,3,53.7,2024-07-07,Closed Lost,Lead,2024-03-20,2024-03-20,Closed Lost,Competitor selected,2024-03-19,1,,6.0,6,0,1,3,2024,0,3,0,0,1,False,0.0,0.0,Excluded,0,Closed,Closed opportunity,No open-deal action,,,,,,,,,,Closed,0.0
385,8849,Mumbai,Maharashtra,West,BFSI,SMB,48,True,62,8849,22,2,2025-05-26,3,Data Advisory,Services,Inbound,Project,Expansion,Existing,204666.36,13.08,177896.0,False,None,2,14.0,2025-07-25,Closed Lost,Lead,2025-05-31,2025-05-31,Closed Lost,Customer priorities changed,2025-05-30,1,,5.0,5,0,2,5,2025,0,1,1,0,2,False,0.0,0.0,Excluded,0,Closed,Closed opportunity,No open-deal action,,,,,,,,,,Closed,0.0
386,12914,Pune,Maharashtra,West,Healthcare,Mid-market,201,True,44,12914,19,2,2023-05-29,1,Cloud Enablement,Services,Partner,Annual,Expansion,Existing,571334.81,5.72,538654.46,False,None,1,66.0,2023-09-05,Closed Lost,Negotiation,2023-09-23,2023-09-23,Closed Lost,Timing,2023-09-11,12,,117.0,117,0,2,5,2023,1,1,1,1,0,True,0.0,0.0,Excluded,0,Closed,Closed opportunity,No open-deal action,,,,,,,,,,Closed,0.0
387,2938,Jaipur,Rajasthan,North,Retail,Mid-market,396,False,76,2938,31,3,2025-04-08,4,Security Services,Services,Outbound,Annual,New business,New,619203.37,15.65,522298.04,False,None,3,37.2,2025-08-13,Closed Lost,Discovery,2025-06-06,2025-06-06,Closed Lost,Other,2025-06-05,1,,59.0,59,0,2,4,2025,0,1,3,0,0,False,0.0,0.0,Excluded,0,Closed,Closed opportunity,No open-deal action,,,,,,,,,,Closed,0.0
388,15071,Jaipur,Rajasthan,North,Retail,SMB,94,True,79,15071,35,3,2026-02-21,2,Workflow Suite,Software,Outbound,Annual,Expansion,Existing,201609.56,12.76,175884.18,True,Competitor C,2,40.3,2026-05-15,Closed Lost,Discovery,2026-03-29,2026-03-29,Closed Lost,Competitor selected,2026-03-27,2,,36.0,36,0,1,2,2026,1,3,0,0,1,False,0.0,0.0,Excluded,0,Closed,Closed opportunity,No open-deal action,,,,,,,,,,Closed,0.0
389,14937,Bhubaneswar,Odisha,East,Retail,Mid-market,258,True,44,14937,40,4,2023-08-31,4,Security Services,Services,Partner,Project,Renewal,Existing,961444.48,11.96,846455.72,True,Competitor A,2,29.1,2024-02-11,Closed Lost,Demo,2023-12-17,2023-12-17,Closed Lost,Budget constraints,2023-11-17,30,,108.0,108,0,3,8,2023,0,1,1,0,2,False,0.0,0.0,Excluded,0,Closed,Closed opportunity,No open-deal action,,,,,,,,,,Closed,0.0
390,8331,Bengaluru,Karnataka,South,BFSI,SMB,32,False,93,8331,5,1,2023-12-18,3,Data Advisory,Services,Inbound,Annual,New business,New,247362.0,7.75,228191.44,True,Competitor A,4,39.6,2024-04-12,Closed Lost,Lead,2024-01-01,2024-01-01,Closed Lost,Competitor selected,2024-01-01,0,,14.0,14,0,4,12,2023,1,1,1,0,1,False,0.0,0.0,Excluded,0,Closed,Closed opportunity,No open-deal action,,,,,,,,,,Closed,0.0
391,15142,Jaipur,Rajasthan,North,BFSI,Mid-market,276,True,44,15142,28,3,2023-03-10,1,Cloud Enablement,Services,Outbound,Annual,Expansion,Existing,1039410.32,20.47,826643.03,True,Competitor A,2,83.1,2023-06-13,Closed Lost,Demo,2023-04-18,2023-04-18,Closed Lost,Timing,2023-04-13,5,,39.0,39,0,1,3,2023,0,1,1,1,1,False,0.0,0.0,Excluded,0,Closed,Closed opportunity,No open-deal action,,,,,,,,,,Closed,0.0
392,4969,Bengaluru,Karnataka,South,IT Services,SMB,121,False,57,4969,8,1,2025-09-30,4,Security Services,Services,Partner,Annual,New business,New,501417.67,2.13,490737.47,False,None,2,66.7,2025-12-12,Closed Lost,Demo,2025-12-06,2025-12-06,Closed Lost,Other,2025-11-04,32,,67.0,67,0,3,9,2025,0,2,1,0,0,False,0.0,0.0,Excluded,0,Closed,Closed opportunity,No open-deal action,,,,,,,,,,Closed,0.0
393,13819,Jaipur,Rajasthan,North,IT Services,SMB,82,True,64,13819,32,3,2026-08-15,4,Security Services,Services,Outbound,Project,Renewal,Existing,185243.04,8.41,169664.1,False,None,4,48.9,2026-11-14,Lead,None,2026-08-15,,Open,,2026-08-31,0,,,16,16,3,8,2026,2,0,0,0,2,False,0.24256673698675726,41154.86712079489,Pipeline,10,Low,No future follow-up,Schedule a dated next action,2.083333333333333,12.5,11.38888888888889,6.1125,12.5,3.032084212334466,12.5,0.0,60.1,Watch,4115.486712079489
394,7414,Mumbai,Maharashtra,West,Healthcare,Mid-market,363,True,55,7414,14,2,2024-01-11,4,Security Services,Services,Referral,Project,Expansion,Existing,676497.19,5.79,637328.0,False,None,1,66.6,2024-04-01,Closed Won,Negotiation,2024-05-15,2024-05-15,Closed Won,,2024-02-14,91,,125.0,125,0,1,1,2024,1,0,1,0,0,True,1.0,0.0,Closed Won,0,Closed,Closed opportunity,No open-deal action,,,,,,,,,,Closed,0.0
395,13911,Bengaluru,Karnataka,South,BFSI,Mid-market,75,False,57,13911,9,1,2023-07-12,3,Data Advisory,Services,Event,Multi-year,New business,New,1158048.04,1.19,1144267.27,False,None,4,93.5,2023-12-23,Closed Won,Negotiation,2023-11-06,2023-11-06,Closed Won,,2023-10-28,9,,117.0,117,0,3,7,2023,1,1,1,0,0,True,1.0,0.0,Closed Won,0,Closed,Closed opportunity,No open-deal action,,,,,,,,,,Closed,0.0
396,16200,Bhubaneswar,Odisha,East,BFSI,Mid-market,393,False,57,16200,41,4,2025-04-10,3,Data Advisory,Services,Event,Project,New business,New,2186674.43,4.47,2088930.08,True,Competitor A,1,63.5,2025-06-20,Closed Lost,Lead,2025-04-21,2025-04-21,Closed Lost,Poor engagement,2025-04-11,10,,11.0,11,0,2,4,2025,0,1,0,0,0,False,0.0,0.0,Excluded,0,Closed,Closed opportunity,No open-deal action,,,,,,,,,,Closed,0.0
397,1823,Mumbai,Maharashtra,West,BFSI,Mid-market,144,True,70,1823,14,2,2026-02-27,2,Workflow Suite,Software,Partner,Multi-year,Renewal,Existing,1865142.19,6.48,1744280.98,False,None,4,53.4,2026-06-27,Closed Lost,Negotiation,2026-06-08,2026-06-08,Closed Lost,No decision,2026-05-25,14,,101.0,101,0,1,2,2026,0,2,0,0,1,True,0.0,0.0,Excluded,0,Closed,Closed opportunity,No open-deal action,,,,,,,,,,Closed,0.0
398,12375,Chennai,Tamil Nadu,South,BFSI,Enterprise,1305,False,48,12375,7,1,2025-07-31,4,Security Services,Services,Referral,Multi-year,New business,New,7809228.65,9.54,7064228.24,True,Competitor C,5,60.5,2025-11-23,Closed Lost,Discovery,2025-09-14,2025-09-14,Closed Lost,Competitor selected,2025-09-02,12,,45.0,45,0,3,7,2025,0,1,2,0,2,False,0.0,0.0,Excluded,0,Closed,Closed opportunity,No open-deal action,,,,,,,,,,Closed,0.0
399,5828,Jaipur,Rajasthan,North,Manufacturing,Mid-market,291,False,46,5828,27,3,2025-05-14,3,Data Advisory,Services,Referral,Annual,New business,New,1439389.15,7.16,1336328.89,True,Competitor A,1,32.0,2025-08-21,Closed Won,Negotiation,2025-11-10,2025-11-10,Closed Won,,2025-10-05,36,,180.0,180,0,2,5,2025,0,0,0,0,1,True,1.0,0.0,Closed Won,0,Closed,Closed opportunity,No open-deal action,,,,,,,,,,Closed,0.0
400,9116,Jaipur,Rajasthan,North,Retail,SMB,111,False,80,9116,27,3,2023-02-14,1,Cloud Enablement,Services,Referral,Project,New business,New,183122.66,23.14,140748.08,True,Competitor C,1,26.3,2023-04-06,Closed Won,Negotiation,2023-06-30,2023-06-30,Closed Won,,2023-06-27,3,,136.0,136,0,1,2,2023,0,1,1,0,0,True,1.0,0.0,Closed Won,0,Closed,Closed opportunity,No open-deal action,,,,,,,,,,Closed,0.0
401,11953,Jaipur,Rajasthan,North,BFSI,Enterprise,450,False,58,11953,36,3,2023-08-21,4,Security Services,Services,Partner,Annual,New business,New,1443588.07,2.9,1401724.02,True,Competitor C,5,31.7,2023-11-28,Closed Lost,Lead,2023-09-09,2023-09-09,Closed Lost,Pricing,2023-09-09,0,,19.0,19,0,3,8,2023,0,2,2,0,0,False,0.0,0.0,Excluded,0,Closed,Closed opportunity,No open-deal action,,,,,,,,,,Closed,0.0
402,1838,Mumbai,Maharashtra,West,Manufacturing,SMB,69,False,64,1838,15,2,2025-07-18,3,Data Advisory,Services,Inbound,Annual,New business,New,367249.54,9.68,331699.78,False,None,2,79.9,2025-09-21,Closed Lost,Demo,2025-08-30,2025-08-30,Closed Lost,Procurement delay,2025-08-17,13,,43.0,43,0,3,7,2025,0,2,1,0,1,False,0.0,0.0,Excluded,0,Closed,Closed opportunity,No open-deal action,,,,,,,,,,Closed,0.0
403,12457,Chennai,Tamil Nadu,South,Retail,Enterprise,702,False,67,12457,6,1,2025-12-04,2,Workflow Suite,Software,Outbound,Project,New business,New,766269.82,7.54,708493.08,False,None,3,89.8,2026-02-16,Closed Lost,Demo,2026-01-08,2026-01-08,Closed Lost,Budget constraints,2025-12-19,20,,35.0,35,0,4,12,2025,0,1,2,0,0,False,0.0,0.0,Excluded,0,Closed,Closed opportunity,No open-deal action,,,,,,,,,,Closed,0.0
404,11528,Bhubaneswar,Odisha,East,Retail,SMB,58,True,59,11528,42,4,2026-02-14,1,Cloud Enablement,Services,Inbound,Multi-year,Renewal,Existing,488817.75,15.58,412659.94,True,Competitor C,4,47.9,2026-06-05,Closed Lost,Lead,2026-03-18,2026-03-18,Closed Lost,Customer priorities changed,2026-03-17,1,,32.0,32,0,1,2,2026,1,0,2,0,2,False,0.0,0.0,Excluded,0,Closed,Closed opportunity,No open-deal action,,,,,,,,,,Closed,0.0
405,8613,Pune,Maharashtra,West,IT Services,Enterprise,720,True,59,8613,16,2,2026-03-15,3,Data Advisory,Services,Outbound,Multi-year,Expansion,Existing,7161714.76,10.47,6411883.22,False,None,4,87.8,2026-08-09,Closed Won,Negotiation,2026-08-02,2026-08-02,Closed Won,,2026-08-01,1,,140.0,140,0,1,3,2026,1,0,0,0,0,True,1.0,0.0,Closed Won,0,Closed,Closed opportunity,No open-deal action,,,,,,,,,,Closed,0.0
406,4409,Mumbai,Maharashtra,West,Manufacturing,SMB,31,False,65,4409,19,2,2025-10-19,1,Cloud Enablement,Services,Partner,Annual,New business,New,187288.02,7.58,173091.59,True,Competitor A,2,25.3,2026-01-16,Closed Lost,Qualified,2025-11-10,2025-11-10,Closed Lost,Competitor selected,2025-11-07,3,,22.0,22,0,4,10,2025,1,1,1,0,0,False,0.0,0.0,Excluded,0,Closed,Closed opportunity,No open-deal action,,,,,,,,,,Closed,0.0
407,5003,Jaipur,Rajasthan,North,Retail,SMB,113,False,51,5003,29,3,2026-01-05,3,Data Advisory,Services,Outbound,Annual,New business,New,490930.76,1.47,483714.08,False,None,3,39.6,2026-04-20,Closed Lost,Lead,2026-01-22,2026-01-22,Closed Lost,No decision,2026-01-20,2,,17.0,17,0,1,1,2026,1,2,0,0,2,False,0.0,0.0,Excluded,0,Closed,Closed opportunity,No open-deal action,,,,,,,,,,Closed,0.0
408,16480,Mumbai,Maharashtra,West,Retail,Mid-market,249,True,69,16480,17,2,2024-11-24,4,Security Services,Services,Inbound,Multi-year,Renewal,Existing,1672442.35,5.67,1577614.87,False,None,1,37.1,2025-03-21,Closed Lost,Lead,2024-11-28,2024-11-28,Closed Lost,Competitor selected,2024-11-28,0,,4.0,4,0,4,11,2024,0,2,2,0,1,False,0.0,0.0,Excluded,0,Closed,Closed opportunity,No open-deal action,,,,,,,,,,Closed,0.0
409,14627,Jaipur,Rajasthan,North,Retail,SMB,67,False,82,14627,35,3,2024-01-10,2,Workflow Suite,Software,Partner,Annual,New business,New,116643.29,9.16,105958.76,True,Competitor A,3,60.6,2024-04-08,Closed Won,Negotiation,2024-05-14,2024-05-14,Closed Won,,2024-04-24,20,,125.0,125,0,1,1,2024,0,0,0,0,2,True,1.0,0.0,Closed Won,0,Closed,Closed opportunity,No open-deal action,,,,,,,,,,Closed,0.0
410,8617,Kolkata,West Bengal,East,Healthcare,SMB,53,True,85,8617,37,4,2025-11-25,1,Cloud Enablement,Services,Outbound,Annual,Renewal,Existing,275047.93,4.06,263880.98,False,None,1,66.6,2026-01-15,Closed Won,Negotiation,2026-03-25,2026-03-25,Closed Won,,2026-02-21,32,,120.0,120,0,4,11,2025,0,5,0,0,0,True,1.0,0.0,Closed Won,0,Closed,Closed opportunity,No open-deal action,,,,,,,,,,Closed,0.0
411,13475,Bhubaneswar,Odisha,East,Retail,SMB,102,True,47,13475,42,4,2023-06-27,2,Workflow Suite,Software,Outbound,Annual,Renewal,Existing,172761.7,12.62,150959.17,False,None,4,21.7,2023-09-08,Closed Lost,Lead,2023-07-02,2023-07-02,Closed Lost,Other,2023-07-01,1,,5.0,5,0,2,6,2023,0,1,1,0,0,False,0.0,0.0,Excluded,0,Closed,Closed opportunity,No open-deal action,,,,,,,,,,Closed,0.0
412,10239,Pune,Maharashtra,West,IT Services,SMB,122,True,41,10239,14,2,2023-06-20,2,Workflow Suite,Software,Referral,Multi-year,Renewal,Existing,394907.43,7.27,366197.66,True,Competitor B,3,62.2,2023-11-27,Closed Won,Negotiation,2023-09-20,2023-09-20,Closed Won,,2023-09-08,12,,92.0,92,0,2,6,2023,0,0,0,0,1,True,1.0,0.0,Closed Won,0,Closed,Closed opportunity,No open-deal action,,,,,,,,,,Closed,0.0
413,9564,Bhubaneswar,Odisha,East,IT Services,Enterprise,1242,True,44,9564,38,4,2024-11-30,2,Workflow Suite,Software,Event,Multi-year,Expansion,Existing,2874944.14,5.62,2713372.28,False,None,4,19.4,2025-04-07,Closed Lost,Lead,2024-12-23,2024-12-23,Closed Lost,Internal approval delay,2024-12-16,7,,23.0,23,0,4,11,2024,0,1,2,0,0,False,0.0,0.0,Excluded,0,Closed,Closed opportunity,No open-deal action,,,,,,,,,,Closed,0.0
414,16655,Bengaluru,Karnataka,South,IT Services,Enterprise,1206,True,74,16655,12,1,2025-07-04,2,Workflow Suite,Software,Partner,Multi-year,Expansion,Existing,4320893.79,13.12,3753992.52,False,None,3,43.9,2025-11-26,Closed Lost,Discovery,2025-08-31,2025-08-31,Closed Lost,Budget constraints,2025-08-16,15,,58.0,58,0,3,7,2025,0,2,0,0,1,False,0.0,0.0,Excluded,0,Closed,Closed opportunity,No open-deal action,,,,,,,,,,Closed,0.0
415,775,Kolkata,West Bengal,East,Healthcare,SMB,41,False,69,775,45,4,2026-02-19,1,Cloud Enablement,Services,Partner,Multi-year,New business,New,404062.71,3.13,391415.55,True,Competitor A,1,55.7,2026-05-15,Closed Lost,Qualified,2026-04-03,2026-04-03,Closed Lost,Competitor selected,2026-03-25,9,,43.0,43,0,1,2,2026,2,3,1,0,0,False,0.0,0.0,Excluded,0,Closed,Closed opportunity,No open-deal action,,,,,,,,,,Closed,0.0
416,12546,Delhi,Delhi,North,BFSI,Mid-market,189,False,59,12546,34,3,2024-04-30,4,Security Services,Services,Partner,Annual,New business,New,729567.83,5.53,689222.73,False,None,3,56.9,2024-08-09,Closed Won,Negotiation,2024-07-13,2024-07-13,Closed Won,,2024-06-27,16,,74.0,74,0,2,4,2024,0,3,0,0,1,True,1.0,0.0,Closed Won,0,Closed,Closed opportunity,No open-deal action,,,,,,,,,,Closed,0.0
417,2918,Bhubaneswar,Odisha,East,IT Services,SMB,62,False,52,2918,38,4,2025-08-08,4,Security Services,Services,Partner,Project,New business,New,177425.02,9.75,160126.08,True,Competitor A,2,22.5,2025-11-18,Closed Lost,Discovery,2025-10-04,2025-10-04,Closed Lost,Duplicate opportunity,2025-09-30,4,,57.0,57,0,3,8,2025,1,3,0,0,1,False,0.0,0.0,Excluded,0,Closed,Closed opportunity,No open-deal action,,,,,,,,,,Closed,0.0
418,8107,Pune,Maharashtra,West,Manufacturing,SMB,59,False,35,8107,20,2,2025-04-07,1,Cloud Enablement,Services,Partner,Project,New business,New,149010.24,2.79,144852.85,True,Competitor B,3,88.7,2025-07-15,Closed Lost,Lead,2025-04-13,2025-04-13,Closed Lost,Timing,2025-04-11,2,,6.0,6,0,2,4,2025,1,3,3,0,2,False,0.0,0.0,Excluded,0,Closed,Closed opportunity,No open-deal action,,,,,,,,,,Closed,0.0
419,9061,Jaipur,Rajasthan,North,IT Services,SMB,90,True,92,9061,36,3,2023-05-05,2,Workflow Suite,Software,Outbound,Multi-year,Renewal,Existing,251311.65,7.6,232211.96,False,None,4,37.7,2023-09-30,Closed Won,Negotiation,2023-10-17,2023-10-17,Closed Won,,2023-07-22,87,,165.0,165,0,2,5,2023,1,0,0,1,0,True,1.0,0.0,Closed Won,0,Closed,Closed opportunity,No open-deal action,,,,,,,,,,Closed,0.0
420,9184,Pune,Maharashtra,West,BFSI,Enterprise,414,False,37,9184,18,2,2024-05-30,2,Workflow Suite,Software,Partner,Annual,New business,New,926369.42,10.96,824839.33,True,Competitor A,4,62.1,2024-09-26,Closed Won,Negotiation,2024-10-22,2024-10-22,Closed Won,,2024-10-16,6,,145.0,145,0,2,5,2024,0,3,4,0,1,True,1.0,0.0,Closed Won,0,Closed,Closed opportunity,No open-deal action,,,,,,,,,,Closed,0.0
421,12762,Jaipur,Rajasthan,North,IT Services,Enterprise,540,False,73,12762,25,3,2026-03-28,4,Security Services,Services,Referral,Project,New business,New,2567776.92,4.21,2459673.51,True,Competitor B,4,51.3,2026-07-26,Closed Lost,Demo,2026-06-20,2026-06-20,Closed Lost,Internal approval delay,2026-04-04,77,,84.0,84,0,1,3,2026,0,1,0,0,0,False,0.0,0.0,Excluded,0,Closed,Closed opportunity,No open-deal action,,,,,,,,,,Closed,0.0
422,15080,Mumbai,Maharashtra,West,IT Services,Enterprise,1152,True,91,15080,22,2,2026-03-11,4,Security Services,Services,Referral,Project,Expansion,Existing,1963131.64,5.06,1863797.18,True,Competitor C,5,59.6,2026-07-13,Closed Won,Negotiation,2026-06-24,2026-06-24,Closed Won,,2026-06-21,3,,105.0,105,0,1,3,2026,0,1,1,0,2,True,1.0,0.0,Closed Won,0,Closed,Closed opportunity,No open-deal action,,,,,,,,,,Closed,0.0
423,3219,Bhubaneswar,Odisha,East,Healthcare,SMB,122,False,67,3219,46,4,2026-03-18,1,Cloud Enablement,Services,Event,Project,New business,New,374605.32,7.92,344936.58,True,Competitor A,4,23.1,2026-08-21,Closed Lost,Qualified,2026-04-11,2026-04-11,Closed Lost,Competitor selected,2026-04-11,0,,24.0,24,0,1,3,2026,0,1,0,0,1,False,0.0,0.0,Excluded,0,Closed,Closed opportunity,No open-deal action,,,,,,,,,,Closed,0.0
424,15612,Jaipur,Rajasthan,North,IT Services,Mid-market,285,False,52,15612,35,3,2025-08-03,3,Data Advisory,Services,Event,Annual,New business,New,1040140.89,3.29,1005920.25,False,None,1,54.2,2025-11-19,Closed Lost,Lead,2025-08-25,2025-08-25,Closed Lost,Poor engagement,2025-08-14,11,,22.0,22,0,3,8,2025,0,2,1,0,2,False,0.0,0.0,Excluded,0,Closed,Closed opportunity,No open-deal action,,,,,,,,,,Closed,0.0
425,6488,Mumbai,Maharashtra,West,Manufacturing,Enterprise,648,True,72,6488,20,2,2025-04-24,3,Data Advisory,Services,Outbound,Project,Renewal,Existing,2828743.77,2.54,2756893.68,False,None,3,51.0,2025-08-13,Closed Lost,Qualified,2025-05-15,2025-05-15,Closed Lost,Poor engagement,2025-05-15,0,,21.0,21,0,2,4,2025,1,1,2,0,0,False,0.0,0.0,Excluded,0,Closed,Closed opportunity,No open-deal action,,,,,,,,,,Closed,0.0
426,8069,Kolkata,West Bengal,East,Retail,SMB,63,False,88,8069,47,4,2024-12-09,3,Data Advisory,Services,Inbound,Project,New business,New,222943.94,16.2,186827.02,True,Competitor C,1,84.2,2025-03-04,Closed Won,Negotiation,2025-03-02,2025-03-02,Closed Won,,2025-03-02,0,,83.0,83,0,4,12,2024,2,2,0,1,1,True,1.0,0.0,Closed Won,0,Closed,Closed opportunity,No open-deal action,,,,,,,,,,Closed,0.0
427,7823,Bengaluru,Karnataka,South,Manufacturing,Enterprise,360,False,52,7823,2,1,2024-11-25,4,Security Services,Services,Outbound,Annual,New business,New,3341441.9,5.07,3172030.8,False,None,4,63.6,2025-03-04,Closed Won,Negotiation,2025-02-05,2025-02-05,Closed Won,,2025-01-08,28,,72.0,72,0,4,11,2024,3,2,1,1,0,True,1.0,0.0,Closed Won,0,Closed,Closed opportunity,No open-deal action,,,,,,,,,,Closed,0.0
428,5793,Pune,Maharashtra,West,Healthcare,SMB,148,True,89,5793,20,2,2023-05-09,2,Workflow Suite,Software,Partner,Annual,Expansion,Existing,156181.96,9.46,141407.15,False,None,1,29.4,2023-08-22,Closed Lost,Qualified,2023-06-25,2023-06-25,Closed Lost,Internal approval delay,2023-06-23,2,,47.0,47,0,2,5,2023,0,2,1,0,1,False,0.0,0.0,Excluded,0,Closed,Closed opportunity,No open-deal action,,,,,,,,,,Closed,0.0
429,6868,Chennai,Tamil Nadu,South,Healthcare,Mid-market,303,False,58,6868,12,1,2024-02-18,2,Workflow Suite,Software,Event,Multi-year,New business,New,1772591.87,10.91,1579202.1,True,Competitor B,4,78.9,2024-06-12,Closed Lost,Discovery,2024-03-22,2024-03-22,Closed Lost,Competitor selected,2024-03-19,3,,33.0,33,0,1,2,2024,1,3,2,0,2,False,0.0,0.0,Excluded,0,Closed,Closed opportunity,No open-deal action,,,,,,,,,,Closed,0.0
430,13027,Chennai,Tamil Nadu,South,Retail,SMB,83,False,82,13027,12,1,2026-06-17,4,Security Services,Services,Partner,Project,New business,New,138136.05,13.95,118866.07,False,None,4,67.8,2026-09-04,Proposal,Demo,2026-08-14,,Open,,2026-08-31,0,2026-09-05,,75,17,2,6,2026,1,1,0,0,0,True,0.5816749478670545,69141.41507041166,Best Case,10,Low,Close date pressure,Confirm procurement milestones,10.416666666666668,12.5,7.291666666666666,8.475,12.5,7.270936848338182,12.5,12.5,83.5,Healthy,6914.141507041166
431,398,Chennai,Tamil Nadu,South,IT Services,Mid-market,114,False,68,398,6,1,2024-04-28,2,Workflow Suite,Software,Outbound,Annual,New business,New,330339.32,2.3,322741.52,True,Competitor C,4,37.2,2024-10-04,Closed Lost,Lead,2024-05-06,2024-05-06,Closed Lost,Competitor selected,2024-05-06,0,,8.0,8,0,2,4,2024,0,2,1,0,0,False,0.0,0.0,Excluded,0,Closed,Closed opportunity,No open-deal action,,,,,,,,,,Closed,0.0
432,2655,Kolkata,West Bengal,East,Retail,SMB,119,True,58,2655,45,4,2025-12-09,4,Security Services,Services,Inbound,Annual,Renewal,Existing,513651.14,17.58,423351.27,False,None,3,49.2,2026-03-10,Closed Won,Negotiation,2026-04-24,2026-04-24,Closed Won,,2026-01-28,86,,136.0,136,0,4,12,2025,0,1,0,0,1,True,1.0,0.0,Closed Won,0,Closed,Closed opportunity,No open-deal action,,,,,,,,,,Closed,0.0
433,8463,Jaipur,Rajasthan,North,Retail,Mid-market,81,False,94,8463,31,3,2025-05-06,1,Cloud Enablement,Services,Inbound,Annual,New business,New,342679.35,2.47,334215.17,True,Competitor C,1,57.3,2025-07-16,Closed Lost,Qualified,2025-06-01,2025-06-01,Closed Lost,Competitor selected,2025-05-22,10,,26.0,26,0,2,5,2025,0,0,2,0,1,False,0.0,0.0,Excluded,0,Closed,Closed opportunity,No open-deal action,,,,,,,,,,Closed,0.0
434,6626,Delhi,Delhi,North,IT Services,Mid-market,357,False,60,6626,32,3,2024-07-31,1,Cloud Enablement,Services,Outbound,Project,New business,New,883027.82,6.63,824483.08,False,None,3,41.0,2024-11-22,Closed Lost,Qualified,2024-08-14,2024-08-14,Closed Lost,Competitor selected,2024-08-14,0,,14.0,14,0,3,7,2024,1,0,1,0,3,False,0.0,0.0,Excluded,0,Closed,Closed opportunity,No open-deal action,,,,,,,,,,Closed,0.0
435,11331,Bhubaneswar,Odisha,East,IT Services,SMB,111,True,90,11331,43,4,2023-04-23,1,Cloud Enablement,Services,Event,Annual,Expansion,Existing,334913.35,7.15,310967.05,False,None,2,24.4,2023-07-17,Closed Lost,Discovery,2023-06-22,2023-06-22,Closed Lost,No decision,2023-05-16,37,,60.0,60,0,2,4,2023,0,1,0,0,0,False,0.0,0.0,Excluded,0,Closed,Closed opportunity,No open-deal action,,,,,,,,,,Closed,0.0
436,358,Bhubaneswar,Odisha,East,Healthcare,Mid-market,354,False,82,358,43,4,2023-05-01,2,Workflow Suite,Software,Referral,Project,New business,New,485029.65,3.31,468975.17,True,Competitor B,4,32.0,2023-08-27,Closed Lost,Lead,2023-05-11,2023-05-11,Closed Lost,Competitor selected,2023-05-07,4,,10.0,10,0,2,5,2023,0,1,1,0,2,False,0.0,0.0,Excluded,0,Closed,Closed opportunity,No open-deal action,,,,,,,,,,Closed,0.0
437,5065,Delhi,Delhi,North,Retail,Mid-market,213,False,95,5065,25,3,2025-01-29,4,Security Services,Services,Inbound,Multi-year,New business,New,789916.72,14.04,679012.41,False,None,1,80.2,2025-04-13,Closed Lost,Lead,2025-02-09,2025-02-09,Closed Lost,Timing,2025-02-09,0,,11.0,11,0,1,1,2025,1,1,1,0,0,False,0.0,0.0,Excluded,0,Closed,Closed opportunity,No open-deal action,,,,,,,,,,Closed,0.0
438,13975,Kolkata,West Bengal,East,BFSI,Enterprise,648,False,38,13975,39,4,2024-11-27,4,Security Services,Services,Partner,Project,New business,New,2727111.04,6.62,2546576.29,False,None,6,33.8,2025-05-05,Closed Lost,Lead,2025-01-03,2025-01-03,Closed Lost,Competitor selected,2024-12-05,29,,37.0,37,0,4,11,2024,0,1,1,0,1,False,0.0,0.0,Excluded,0,Closed,Closed opportunity,No open-deal action,,,,,,,,,,Closed,0.0
439,4277,Bengaluru,Karnataka,South,Manufacturing,Enterprise,567,True,76,4277,3,1,2025-03-09,1,Cloud Enablement,Services,Referral,Project,Expansion,Existing,1265922.5,5.19,1200221.12,False,None,6,86.1,2025-08-04,Closed Lost,Proposal,2025-06-01,2025-06-01,Closed Lost,Internal approval delay,2025-04-20,42,,84.0,84,0,1,3,2025,1,2,1,0,1,True,0.0,0.0,Excluded,0,Closed,Closed opportunity,No open-deal action,,,,,,,,,,Closed,0.0
440,812,Bhubaneswar,Odisha,East,Retail,Mid-market,351,True,60,812,47,4,2025-01-16,2,Workflow Suite,Software,Outbound,Project,Expansion,Existing,1168028.2,3.16,1131118.51,True,Competitor B,2,66.7,2025-07-25,Closed Lost,Lead,2025-01-26,2025-01-26,Closed Lost,Competitor selected,2025-01-22,4,,10.0,10,0,1,1,2025,1,1,0,0,1,False,0.0,0.0,Excluded,0,Closed,Closed opportunity,No open-deal action,,,,,,,,,,Closed,0.0
441,4041,Mumbai,Maharashtra,West,BFSI,Mid-market,126,False,52,4041,17,2,2026-02-16,1,Cloud Enablement,Services,Event,Project,New business,New,513359.82,11.84,452578.02,False,None,4,28.1,2026-07-09,Closed Lost,Qualified,2026-03-22,2026-03-22,Closed Lost,Competitor selected,2026-03-13,9,,34.0,34,0,1,2,2026,1,2,2,0,0,False,0.0,0.0,Excluded,0,Closed,Closed opportunity,No open-deal action,,,,,,,,,,Closed,0.0
442,9103,Pune,Maharashtra,West,Retail,Enterprise,630,False,84,9103,21,2,2023-05-24,1,Cloud Enablement,Services,Inbound,Project,New business,New,1726900.69,5.65,1629330.8,True,Competitor B,3,78.5,2023-08-20,Closed Lost,Qualified,2023-06-10,2023-06-10,Closed Lost,Budget constraints,2023-06-09,1,,17.0,17,0,2,5,2023,2,3,0,0,3,False,0.0,0.0,Excluded,0,Closed,Closed opportunity,No open-deal action,,,,,,,,,,Closed,0.0
443,9715,Jaipur,Rajasthan,North,Retail,Mid-market,156,False,58,9715,32,3,2025-12-13,4,Security Services,Services,Inbound,Annual,New business,New,460935.98,3.58,444434.47,False,None,4,67.3,2026-02-23,Closed Lost,Discovery,2026-02-04,2026-02-04,Closed Lost,Budget constraints,2026-02-01,3,,53.0,53,0,4,12,2025,1,0,2,0,0,False,0.0,0.0,Excluded,0,Closed,Closed opportunity,No open-deal action,,,,,,,,,,Closed,0.0
444,16570,Bengaluru,Karnataka,South,BFSI,Mid-market,246,True,40,16570,6,1,2023-03-26,2,Workflow Suite,Software,Partner,Annual,Renewal,Existing,420647.81,7.02,391118.33,False,None,1,47.0,2023-06-03,Closed Lost,Proposal,2023-06-27,2023-06-27,Closed Lost,Competitor selected,2023-05-17,41,,93.0,93,0,1,3,2023,1,2,0,0,2,True,0.0,0.0,Excluded,0,Closed,Closed opportunity,No open-deal action,,,,,,,,,,Closed,0.0
445,16136,Pune,Maharashtra,West,BFSI,SMB,145,False,94,16136,21,2,2025-03-20,4,Security Services,Services,Event,Project,New business,New,678462.26,20.43,539852.42,True,Competitor B,1,32.1,2025-07-19,Closed Lost,Lead,2025-03-28,2025-03-28,Closed Lost,Competitor selected,2025-03-28,0,,8.0,8,0,1,3,2025,0,2,1,0,0,False,0.0,0.0,Excluded,0,Closed,Closed opportunity,No open-deal action,,,,,,,,,,Closed,0.0
446,5443,Bhubaneswar,Odisha,East,Healthcare,Mid-market,96,True,55,5443,48,4,2025-04-16,2,Workflow Suite,Software,Event,Annual,Expansion,Existing,364331.8,7.29,337772.01,True,Competitor C,4,74.1,2025-07-18,Closed Lost,Demo,2025-06-27,2025-06-27,Closed Lost,Pricing,2025-06-23,4,,72.0,72,0,2,4,2025,0,2,1,1,1,False,0.0,0.0,Excluded,0,Closed,Closed opportunity,No open-deal action,,,,,,,,,,Closed,0.0
447,2143,Bhubaneswar,Odisha,East,Retail,Enterprise,288,False,72,2143,48,4,2024-10-03,1,Cloud Enablement,Services,Outbound,Annual,New business,New,910758.0,8.17,836349.07,False,None,6,25.5,2025-01-31,Closed Lost,Discovery,2025-02-14,2025-02-14,Closed Lost,Pricing,2025-02-04,10,,134.0,134,0,4,10,2024,1,0,1,0,3,False,0.0,0.0,Excluded,0,Closed,Closed opportunity,No open-deal action,,,,,,,,,,Closed,0.0
448,13387,Bhubaneswar,Odisha,East,Manufacturing,Mid-market,177,True,81,13387,42,4,2025-02-14,3,Data Advisory,Services,Event,Project,Renewal,Existing,874444.4,4.28,837018.18,False,None,2,38.0,2025-06-12,Closed Lost,Lead,2025-02-19,2025-02-19,Closed Lost,Pricing,2025-02-18,1,,5.0,5,0,1,2,2025,2,0,0,0,0,False,0.0,0.0,Excluded,0,Closed,Closed opportunity,No open-deal action,,,,,,,,,,Closed,0.0
449,14833,Pune,Maharashtra,West,Manufacturing,SMB,32,True,95,14833,18,2,2023-07-20,1,Cloud Enablement,Services,Referral,Annual,Expansion,Existing,176711.32,10.13,158810.46,True,Competitor A,2,41.7,2023-09-24,Closed Lost,Discovery,2023-09-21,2023-09-21,Closed Lost,Competitor selected,2023-09-07,14,,63.0,63,0,3,7,2023,0,1,0,0,0,False,0.0,0.0,Excluded,0,Closed,Closed opportunity,No open-deal action,,,,,,,,,,Closed,0.0
450,2249,Chennai,Tamil Nadu,South,IT Services,Mid-market,159,True,35,2249,8,1,2023-12-26,4,Security Services,Services,Outbound,Annual,Expansion,Existing,628803.13,5.44,594596.24,False,None,1,29.5,2024-04-19,Closed Lost,Discovery,2024-02-10,2024-02-10,Closed Lost,No decision,2024-02-05,5,,46.0,46,0,4,12,2023,1,0,0,0,1,False,0.0,0.0,Excluded,0,Closed,Closed opportunity,No open-deal action,,,,,,,,,,Closed,0.0
451,14645,Pune,Maharashtra,West,Manufacturing,Mid-market,414,True,87,14645,24,2,2026-02-25,4,Security Services,Services,Partner,Annual,Expansion,Existing,1076366.34,7.52,995423.59,True,Competitor A,3,30.1,2026-06-18,Closed Lost,Qualified,2026-04-08,2026-04-08,Closed Lost,Procurement delay,2026-03-31,8,,42.0,42,0,1,2,2026,0,0,1,0,3,False,0.0,0.0,Excluded,0,Closed,Closed opportunity,No open-deal action,,,,,,,,,,Closed,0.0
452,2157,Pune,Maharashtra,West,Retail,Enterprise,711,True,71,2157,19,2,2026-03-25,3,Data Advisory,Services,Referral,Annual,Renewal,Existing,2261374.62,7.93,2082047.61,True,Competitor A,3,63.3,2026-06-30,Closed Lost,Discovery,2026-06-01,2026-06-01,Closed Lost,Internal approval delay,2026-05-11,21,,68.0,68,0,1,3,2026,0,3,0,0,1,False,0.0,0.0,Excluded,0,Closed,Closed opportunity,No open-deal action,,,,,,,,,,Closed,0.0
453,10685,Delhi,Delhi,North,BFSI,Mid-market,369,False,84,10685,36,3,2025-02-06,2,Workflow Suite,Software,Event,Annual,New business,New,1291477.44,19.56,1038864.45,False,None,3,37.3,2025-06-26,Closed Lost,Lead,2025-02-19,2025-02-19,Closed Lost,Competitor selected,2025-02-17,2,,13.0,13,0,1,2,2025,0,1,0,0,0,False,0.0,0.0,Excluded,0,Closed,Closed opportunity,No open-deal action,,,,,,,,,,Closed,0.0
454,3773,Delhi,Delhi,North,IT Services,SMB,36,True,90,3773,27,3,2023-11-04,1,Cloud Enablement,Services,Outbound,Annual,Expansion,Existing,137047.24,10.4,122794.33,True,Competitor B,1,81.3,2024-01-02,Closed Lost,Lead,2023-11-20,2023-11-20,Closed Lost,Competitor selected,2023-11-13,7,,16.0,16,0,4,11,2023,1,3,2,0,0,False,0.0,0.0,Excluded,0,Closed,Closed opportunity,No open-deal action,,,,,,,,,,Closed,0.0
455,12271,Kolkata,West Bengal,East,Retail,SMB,133,True,95,12271,42,4,2026-01-07,1,Cloud Enablement,Services,Partner,Project,Expansion,Existing,189635.42,7.55,175317.95,True,Competitor C,3,20.5,2026-03-16,Closed Lost,Proposal,2026-06-08,2026-06-08,Closed Lost,Product mismatch,2026-03-08,92,,152.0,152,0,1,1,2026,2,0,0,0,0,True,0.0,0.0,Excluded,0,Closed,Closed opportunity,No open-deal action,,,,,,,,,,Closed,0.0
456,13370,Chennai,Tamil Nadu,South,BFSI,Enterprise,774,False,69,13370,2,1,2025-07-29,1,Cloud Enablement,Services,Outbound,Annual,New business,New,3762472.03,6.4,3521673.82,False,None,4,39.8,2025-12-09,Closed Lost,Discovery,2025-09-15,2025-09-15,Closed Lost,Competitor selected,2025-09-04,11,,48.0,48,0,3,7,2025,1,3,1,0,0,False,0.0,0.0,Excluded,0,Closed,Closed opportunity,No open-deal action,,,,,,,,,,Closed,0.0
457,13725,Mumbai,Maharashtra,West,BFSI,SMB,95,False,61,13725,23,2,2025-10-21,2,Workflow Suite,Software,Inbound,Project,New business,New,177262.88,10.73,158242.57,False,None,1,43.6,2026-01-12,Closed Won,Negotiation,2026-05-21,2026-05-21,Closed Won,,2026-03-28,54,,212.0,212,0,4,10,2025,0,2,2,0,1,True,1.0,0.0,Closed Won,0,Closed,Closed opportunity,No open-deal action,,,,,,,,,,Closed,0.0
458,10442,Bengaluru,Karnataka,South,BFSI,SMB,83,False,56,10442,9,1,2024-05-20,4,Security Services,Services,Outbound,Annual,New business,New,240340.74,3.37,232241.26,True,Competitor C,1,46.1,2024-08-18,Closed Lost,Discovery,2024-06-29,2024-06-29,Closed Lost,No decision,2024-06-28,1,,40.0,40,0,2,5,2024,1,2,1,0,0,False,0.0,0.0,Excluded,0,Closed,Closed opportunity,No open-deal action,,,,,,,,,,Closed,0.0
459,8729,Bhubaneswar,Odisha,East,Manufacturing,SMB,68,True,56,8729,40,4,2025-03-21,3,Data Advisory,Services,Inbound,Annual,Expansion,Existing,208643.08,4.08,200130.44,True,Competitor B,3,78.8,2025-06-26,Closed Won,Negotiation,2025-08-08,2025-08-08,Closed Won,,2025-07-14,25,,140.0,140,0,1,3,2025,0,1,1,0,1,True,1.0,0.0,Closed Won,0,Closed,Closed opportunity,No open-deal action,,,,,,,,,,Closed,0.0
460,13858,Mumbai,Maharashtra,West,BFSI,Enterprise,1098,False,78,13858,24,2,2023-07-16,1,Cloud Enablement,Services,Inbound,Annual,New business,New,2159668.72,7.48,1998125.5,True,Competitor B,6,86.6,2023-11-05,Closed Won,Negotiation,2023-10-21,2023-10-21,Closed Won,,2023-07-31,82,,97.0,97,0,3,7,2023,1,0,0,0,0,True,1.0,0.0,Closed Won,0,Closed,Closed opportunity,No open-deal action,,,,,,,,,,Closed,0.0
461,15580,Chennai,Tamil Nadu,South,IT Services,Enterprise,360,True,95,15580,5,1,2024-10-04,1,Cloud Enablement,Services,Outbound,Project,Renewal,Existing,1703598.29,17.39,1407342.55,False,None,3,32.8,2025-01-23,Closed Lost,Demo,2024-12-11,2024-12-11,Closed Lost,Competitor selected,2024-12-10,1,,68.0,68,0,4,10,2024,0,0,1,2,3,False,0.0,0.0,Excluded,0,Closed,Closed opportunity,No open-deal action,,,,,,,,,,Closed,0.0
462,4761,Bhubaneswar,Odisha,East,BFSI,SMB,134,True,46,4761,43,4,2026-08-15,1,Cloud Enablement,Services,Outbound,Annual,Expansion,Existing,372192.33,6.72,347181.01,False,None,2,84.4,2026-10-16,Qualified,Lead,2026-08-22,,Open,,2026-08-30,1,2026-09-10,,16,9,3,8,2026,1,0,2,0,3,False,0.3235641607653036,112335.33213430048,Pipeline,0,Low,,,4.166666666666666,12.083333333333334,11.38888888888889,10.55,12.5,4.044552009566295,12.5,12.5,79.7,Healthy,0.0
463,3142,Pune,Maharashtra,West,Healthcare,Mid-market,111,True,47,3142,24,2,2025-11-22,2,Workflow Suite,Software,Inbound,Annual,Renewal,Existing,593536.62,12.76,517801.35,False,None,2,39.8,2026-02-24,Closed Lost,Discovery,2025-12-30,2025-12-30,Closed Lost,No decision,2025-12-09,21,,38.0,38,0,4,11,2025,1,2,2,0,1,False,0.0,0.0,Excluded,0,Closed,Closed opportunity,No open-deal action,,,,,,,,,,Closed,0.0
464,2913,Pune,Maharashtra,West,Retail,SMB,139,False,86,2913,17,2,2025-12-10,3,Data Advisory,Services,Partner,Project,New business,New,187284.35,11.55,165653.01,False,None,3,62.6,2026-04-22,Closed Won,Negotiation,2026-03-05,2026-03-05,Closed Won,,2026-02-28,5,,85.0,85,0,4,12,2025,1,0,0,0,2,True,1.0,0.0,Closed Won,0,Closed,Closed opportunity,No open-deal action,,,,,,,,,,Closed,0.0
465,11073,Pune,Maharashtra,West,BFSI,Enterprise,1098,True,94,11073,19,2,2025-04-25,1,Cloud Enablement,Services,Partner,Annual,Expansion,Existing,5885661.07,11.37,5216461.41,False,None,5,63.6,2025-08-18,Closed Lost,Proposal,2025-08-14,2025-08-14,Closed Lost,Procurement delay,2025-07-20,25,,111.0,111,0,2,4,2025,2,1,0,0,2,True,0.0,0.0,Excluded,0,Closed,Closed opportunity,No open-deal action,,,,,,,,,,Closed,0.0
466,9122,Bhubaneswar,Odisha,East,IT Services,SMB,35,True,46,9122,44,4,2025-11-22,4,Security Services,Services,Referral,Multi-year,Renewal,Existing,259907.65,14.67,221779.2,False,None,4,58.6,2026-03-11,Closed Won,Negotiation,2026-04-23,2026-04-23,Closed Won,,2026-04-06,17,,152.0,152,0,4,11,2025,2,2,1,1,0,True,1.0,0.0,Closed Won,0,Closed,Closed opportunity,No open-deal action,,,,,,,,,,Closed,0.0
467,7901,Bengaluru,Karnataka,South,Healthcare,Mid-market,441,False,47,7901,2,1,2025-03-07,1,Cloud Enablement,Services,Inbound,Project,New business,New,1566659.03,8.55,1432709.68,True,Competitor B,3,46.2,2025-06-30,Closed Lost,Qualified,2025-04-06,2025-04-06,Closed Lost,Competitor selected,2025-04-06,0,,30.0,30,0,1,3,2025,0,3,1,0,3,False,0.0,0.0,Excluded,0,Closed,Closed opportunity,No open-deal action,,,,,,,,,,Closed,0.0
468,581,Bengaluru,Karnataka,South,Retail,SMB,136,False,51,581,5,1,2025-05-26,1,Cloud Enablement,Services,Outbound,Project,New business,New,431925.62,1.0,427606.36,True,Competitor A,1,61.2,2025-09-05,Closed Lost,Proposal,2025-09-12,2025-09-12,Closed Lost,Competitor selected,2025-09-12,0,,109.0,109,0,2,5,2025,0,1,1,2,1,True,0.0,0.0,Excluded,0,Closed,Closed opportunity,No open-deal action,,,,,,,,,,Closed,0.0
469,3987,Mumbai,Maharashtra,West,Retail,Enterprise,234,True,42,3987,13,2,2024-10-31,1,Cloud Enablement,Services,Event,Annual,Expansion,Existing,1376112.14,5.16,1305104.75,True,Competitor A,4,58.9,2025-01-15,Closed Lost,Lead,2024-11-13,2024-11-13,Closed Lost,No decision,2024-11-13,0,,13.0,13,0,4,10,2024,0,3,1,0,2,False,0.0,0.0,Excluded,0,Closed,Closed opportunity,No open-deal action,,,,,,,,,,Closed,0.0
470,8123,Jaipur,Rajasthan,North,Healthcare,SMB,69,True,82,8123,36,3,2024-12-09,3,Data Advisory,Services,Inbound,Annual,Expansion,Existing,424096.37,6.89,394876.13,False,None,4,52.6,2025-04-14,Closed Won,Negotiation,2025-04-17,2025-04-17,Closed Won,,2025-04-14,3,,129.0,129,0,4,12,2024,0,2,1,1,0,True,1.0,0.0,Closed Won,0,Closed,Closed opportunity,No open-deal action,,,,,,,,,,Closed,0.0
471,5418,Chennai,Tamil Nadu,South,Manufacturing,SMB,114,True,72,5418,12,1,2025-02-21,1,Cloud Enablement,Services,Inbound,Annual,Expansion,Existing,224268.61,8.38,205474.9,True,Competitor B,2,24.9,2025-06-21,Closed Lost,Negotiation,2025-08-01,2025-08-01,Closed Lost,Competitor selected,2025-06-21,41,,161.0,161,0,1,2,2025,1,1,1,0,1,True,0.0,0.0,Excluded,0,Closed,Closed opportunity,No open-deal action,,,,,,,,,,Closed,0.0
472,15979,Pune,Maharashtra,West,Manufacturing,SMB,122,False,65,15979,17,2,2023-01-07,4,Security Services,Services,Referral,Annual,New business,New,250147.04,17.4,206621.46,True,Competitor C,4,39.0,2023-05-15,Closed Lost,Lead,2023-01-18,2023-01-18,Closed Lost,Pricing,2023-01-15,3,,11.0,11,0,1,1,2023,1,0,0,0,0,False,0.0,0.0,Excluded,0,Closed,Closed opportunity,No open-deal action,,,,,,,,,,Closed,0.0
473,8214,Jaipur,Rajasthan,North,Healthcare,SMB,73,False,85,8214,27,3,2023-12-26,1,Cloud Enablement,Services,Inbound,Annual,New business,New,201931.34,2.06,197771.55,True,Competitor C,1,44.7,2024-04-06,Closed Lost,Lead,2024-01-08,2024-01-08,Closed Lost,Budget constraints,2024-01-04,4,,13.0,13,0,4,12,2023,1,4,0,0,0,False,0.0,0.0,Excluded,0,Closed,Closed opportunity,No open-deal action,,,,,,,,,,Closed,0.0
474,10811,Pune,Maharashtra,West,Manufacturing,SMB,73,True,71,10811,17,2,2024-10-12,1,Cloud Enablement,Services,Referral,Annual,Expansion,Existing,311362.14,5.11,295451.53,False,None,1,71.2,2024-12-31,Closed Won,Negotiation,2024-12-25,2024-12-25,Closed Won,,2024-12-13,12,,74.0,74,0,4,10,2024,0,1,0,0,1,True,1.0,0.0,Closed Won,0,Closed,Closed opportunity,No open-deal action,,,,,,,,,,Closed,0.0
475,15058,Pune,Maharashtra,West,BFSI,SMB,135,False,61,15058,21,2,2024-06-04,3,Data Advisory,Services,Event,Annual,New business,New,776885.13,6.03,730038.96,True,Competitor B,2,39.3,2024-09-18,Closed Lost,Lead,2024-06-20,2024-06-20,Closed Lost,Other,2024-06-17,3,,16.0,16,0,2,6,2024,0,1,3,0,0,False,0.0,0.0,Excluded,0,Closed,Closed opportunity,No open-deal action,,,,,,,,,,Closed,0.0
476,8435,Mumbai,Maharashtra,West,Manufacturing,Mid-market,123,False,78,8435,23,2,2023-04-28,4,Security Services,Services,Referral,Annual,New business,New,508655.98,2.75,494667.94,False,None,2,57.3,2023-08-25,Closed Lost,Discovery,2023-05-31,2023-05-31,Closed Lost,No decision,2023-05-31,0,,33.0,33,0,2,4,2023,1,2,5,0,1,False,0.0,0.0,Excluded,0,Closed,Closed opportunity,No open-deal action,,,,,,,,,,Closed,0.0
477,1287,Bhubaneswar,Odisha,East,IT Services,SMB,105,False,43,1287,42,4,2026-04-19,2,Workflow Suite,Software,Partner,Project,New business,New,146842.61,15.78,123670.85,True,Competitor B,2,70.1,2026-06-30,Closed Lost,Lead,2026-05-01,2026-05-01,Closed Lost,Other,2026-04-19,12,,12.0,12,0,2,4,2026,0,1,0,0,0,False,0.0,0.0,Excluded,0,Closed,Closed opportunity,No open-deal action,,,,,,,,,,Closed,0.0
478,3270,Bhubaneswar,Odisha,East,Retail,Enterprise,1260,False,92,3270,45,4,2025-11-29,3,Data Advisory,Services,Partner,Project,New business,New,1799202.43,0.52,1789846.58,True,Competitor B,4,29.9,2026-03-19,Closed Lost,Proposal,2026-05-27,2026-05-27,Closed Lost,Pricing,2026-05-26,1,,179.0,179,0,4,11,2025,1,0,0,0,1,True,0.0,0.0,Excluded,0,Closed,Closed opportunity,No open-deal action,,,,,,,,,,Closed,0.0
479,4432,Bengaluru,Karnataka,South,Healthcare,SMB,126,False,40,4432,3,1,2026-06-15,3,Data Advisory,Services,Inbound,Project,New business,New,514837.13,6.56,481063.81,False,None,2,78.4,2026-10-04,Closed Won,Negotiation,2026-08-28,2026-08-28,Closed Won,,2026-08-17,11,,74.0,74,0,2,6,2026,1,4,2,0,1,True,1.0,0.0,Closed Won,0,Closed,Closed opportunity,No open-deal action,,,,,,,,,,Closed,0.0
480,7658,Bhubaneswar,Odisha,East,Retail,SMB,81,False,38,7658,46,4,2023-06-01,2,Workflow Suite,Software,Event,Multi-year,New business,New,326594.95,6.74,304582.45,False,None,4,39.5,2023-08-31,Closed Lost,Demo,2023-07-27,2023-07-27,Closed Lost,Pricing,2023-07-25,2,,56.0,56,0,2,6,2023,0,2,2,0,0,False,0.0,0.0,Excluded,0,Closed,Closed opportunity,No open-deal action,,,,,,,,,,Closed,0.0
481,258,Bengaluru,Karnataka,South,Retail,Mid-market,405,False,82,258,11,1,2023-07-09,3,Data Advisory,Services,Outbound,Annual,New business,New,957886.14,0.41,953958.81,True,Competitor B,1,81.1,2023-10-03,Closed Lost,Lead,2023-07-22,2023-07-22,Closed Lost,Competitor selected,2023-07-20,2,,13.0,13,0,3,7,2023,0,2,1,0,3,False,0.0,0.0,Excluded,0,Closed,Closed opportunity,No open-deal action,,,,,,,,,,Closed,0.0
482,9170,Jaipur,Rajasthan,North,BFSI,Mid-market,429,False,70,9170,34,3,2025-11-30,1,Cloud Enablement,Services,Outbound,Annual,New business,New,899754.23,7.14,835511.78,True,Competitor B,1,60.3,2026-02-12,Closed Won,Negotiation,2026-03-19,2026-03-19,Closed Won,,2026-03-05,14,,109.0,109,0,4,11,2025,1,2,2,0,0,True,1.0,0.0,Closed Won,0,Closed,Closed opportunity,No open-deal action,,,,,,,,,,Closed,0.0
483,12766,Jaipur,Rajasthan,North,IT Services,Mid-market,309,True,48,12766,29,3,2024-07-05,4,Security Services,Services,Inbound,Project,Expansion,Existing,858952.1,6.58,802433.05,True,Competitor B,4,41.1,2024-09-24,Closed Lost,Lead,2024-07-17,2024-07-17,Closed Lost,Budget constraints,2024-07-07,10,,12.0,12,0,3,7,2024,1,0,1,0,0,False,0.0,0.0,Excluded,0,Closed,Closed opportunity,No open-deal action,,,,,,,,,,Closed,0.0
484,8361,Chennai,Tamil Nadu,South,IT Services,Enterprise,342,True,48,8361,3,1,2025-01-16,3,Data Advisory,Services,Inbound,Annual,Expansion,Existing,2174914.99,15.1,1846502.83,True,Competitor B,5,66.0,2025-05-12,Closed Lost,Negotiation,2025-04-16,2025-04-16,Closed Lost,Budget constraints,2025-03-23,24,,90.0,90,0,1,1,2025,1,1,2,0,2,True,0.0,0.0,Excluded,0,Closed,Closed opportunity,No open-deal action,,,,,,,,,,Closed,0.0
485,13080,Jaipur,Rajasthan,North,BFSI,Mid-market,168,True,60,13080,35,3,2024-09-28,3,Data Advisory,Services,Inbound,Project,Expansion,Existing,994880.54,10.9,886438.56,False,None,4,64.7,2025-01-07,Closed Lost,Negotiation,2024-12-31,2024-12-31,Closed Lost,No decision,2024-12-24,7,,94.0,94,0,3,9,2024,4,5,1,0,0,True,0.0,0.0,Excluded,0,Closed,Closed opportunity,No open-deal action,,,,,,,,,,Closed,0.0
486,9095,Chennai,Tamil Nadu,South,Healthcare,Mid-market,219,False,84,9095,6,1,2023-03-23,1,Cloud Enablement,Services,Partner,Multi-year,New business,New,1077630.12,4.13,1033124.0,False,None,4,46.9,2023-08-25,Closed Lost,Lead,2023-04-01,2023-04-01,Closed Lost,Duplicate opportunity,2023-03-29,3,,9.0,9,0,1,3,2023,1,2,0,0,0,False,0.0,0.0,Excluded,0,Closed,Closed opportunity,No open-deal action,,,,,,,,,,Closed,0.0
487,14330,Bhubaneswar,Odisha,East,Manufacturing,SMB,105,False,61,14330,41,4,2025-12-06,4,Security Services,Services,Outbound,Project,New business,New,280656.74,5.9,264097.99,True,Competitor C,4,34.8,2026-03-16,Closed Lost,Lead,2025-12-19,2025-12-19,Closed Lost,Pricing,2025-12-19,0,,13.0,13,0,4,12,2025,3,0,1,0,0,False,0.0,0.0,Excluded,0,Closed,Closed opportunity,No open-deal action,,,,,,,,,,Closed,0.0
488,16109,Kolkata,West Bengal,East,Retail,Mid-market,366,False,92,16109,39,4,2025-01-13,1,Cloud Enablement,Services,Partner,Annual,New business,New,613748.66,6.2,575696.24,False,None,1,46.5,2025-05-10,Closed Won,Negotiation,2025-05-01,2025-05-01,Closed Won,,2025-03-16,46,,108.0,108,0,1,1,2025,0,2,1,0,0,True,1.0,0.0,Closed Won,0,Closed,Closed opportunity,No open-deal action,,,,,,,,,,Closed,0.0
489,11428,Jaipur,Rajasthan,North,BFSI,SMB,63,False,52,11428,36,3,2025-11-15,1,Cloud Enablement,Services,Referral,Multi-year,New business,New,634692.63,1.49,625235.71,False,None,1,28.5,2026-02-05,Closed Won,Negotiation,2026-03-15,2026-03-15,Closed Won,,2026-03-04,11,,120.0,120,0,4,11,2025,0,0,1,0,1,True,1.0,0.0,Closed Won,0,Closed,Closed opportunity,No open-deal action,,,,,,,,,,Closed,0.0
490,3224,Kolkata,West Bengal,East,Manufacturing,SMB,115,False,47,3224,47,4,2026-03-12,3,Data Advisory,Services,Referral,Multi-year,New business,New,805688.57,3.33,778859.14,False,None,2,27.6,2026-06-10,Closed Lost,Discovery,2026-04-16,2026-04-16,Closed Lost,Pricing,2026-04-07,9,,35.0,35,0,1,3,2026,0,1,1,0,0,False,0.0,0.0,Excluded,0,Closed,Closed opportunity,No open-deal action,,,,,,,,,,Closed,0.0
491,12648,Bengaluru,Karnataka,South,BFSI,SMB,71,False,48,12648,5,1,2025-09-29,4,Security Services,Services,Outbound,Project,New business,New,242974.87,3.3,234956.7,False,None,1,21.9,2025-12-19,Closed Lost,Demo,2025-12-12,2025-12-12,Closed Lost,Pricing,2025-12-12,0,,74.0,74,0,3,9,2025,0,3,0,0,1,False,0.0,0.0,Excluded,0,Closed,Closed opportunity,No open-deal action,,,,,,,,,,Closed,0.0
492,6637,Bengaluru,Karnataka,South,Retail,SMB,140,False,76,6637,3,1,2024-09-16,1,Cloud Enablement,Services,Partner,Multi-year,New business,New,335976.9,2.44,327779.06,True,Competitor B,2,50.6,2024-12-17,Closed Lost,Negotiation,2025-01-20,2025-01-20,Closed Lost,Poor engagement,2024-12-12,39,,126.0,126,0,3,9,2024,2,1,0,0,1,True,0.0,0.0,Excluded,0,Closed,Closed opportunity,No open-deal action,,,,,,,,,,Closed,0.0
493,14771,Chennai,Tamil Nadu,South,IT Services,SMB,38,False,42,14771,12,1,2024-01-09,2,Workflow Suite,Software,Outbound,Annual,New business,New,115427.66,9.13,104889.11,False,None,4,73.7,2024-03-06,Closed Won,Negotiation,2024-05-05,2024-05-05,Closed Won,,2024-04-09,26,,117.0,117,0,1,1,2024,0,4,1,0,0,True,1.0,0.0,Closed Won,0,Closed,Closed opportunity,No open-deal action,,,,,,,,,,Closed,0.0
494,2475,Bengaluru,Karnataka,South,Retail,Mid-market,315,True,82,2475,11,1,2026-01-16,4,Security Services,Services,Referral,Annual,Expansion,Existing,555227.07,5.57,524300.92,False,None,3,71.8,2026-05-30,Closed Won,Negotiation,2026-04-11,2026-04-11,Closed Won,,2026-04-10,1,,85.0,85,0,1,1,2026,0,1,0,1,0,True,1.0,0.0,Closed Won,0,Closed,Closed opportunity,No open-deal action,,,,,,,,,,Closed,0.0
495,9708,Chennai,Tamil Nadu,South,IT Services,Enterprise,630,False,39,9708,9,1,2026-07-15,3,Data Advisory,Services,Inbound,Annual,New business,New,2819140.54,3.19,2729209.96,False,None,4,64.7,2026-12-12,Demo,Discovery,2026-08-20,,Open,,2026-08-21,10,2026-08-31,,47,11,3,7,2026,1,2,3,0,0,False,0.49543899657924745,1352157.044036488,Best Case,10,Low,Large deal exposure,Arrange executive sponsorship,8.333333333333332,8.333333333333334,9.23611111111111,8.0875,12.5,6.192987457240593,8.90740809842274,12.5,74.1,Healthy,135215.7044036488
496,6861,Jaipur,Rajasthan,North,BFSI,Enterprise,1026,False,75,6861,31,3,2026-02-24,4,Security Services,Services,Partner,Annual,New business,New,1635512.28,6.65,1526750.71,True,Competitor A,6,84.4,2026-06-29,Closed Lost,Qualified,2026-03-16,2026-03-16,Closed Lost,Competitor selected,2026-03-02,14,,20.0,20,0,1,2,2026,1,3,0,0,0,False,0.0,0.0,Excluded,0,Closed,Closed opportunity,No open-deal action,,,,,,,,,,Closed,0.0
497,9977,Chennai,Tamil Nadu,South,BFSI,SMB,44,False,48,9977,10,1,2024-09-16,4,Security Services,Services,Inbound,Multi-year,New business,New,355476.06,5.4,336280.35,True,Competitor A,4,71.0,2025-03-07,Closed Lost,Lead,2024-09-27,2024-09-27,Closed Lost,Competitor selected,2024-09-27,0,,11.0,11,0,3,9,2024,2,3,1,0,3,False,0.0,0.0,Excluded,0,Closed,Closed opportunity,No open-deal action,,,,,,,,,,Closed,0.0
498,1599,Kolkata,West Bengal,East,IT Services,SMB,29,True,67,1599,43,4,2026-08-18,2,Workflow Suite,Software,Outbound,Annual,Renewal,Existing,113981.34,11.35,101044.46,True,Competitor B,1,40.7,2026-10-19,Lead,None,2026-08-18,,Open,,2026-08-29,2,,,13,13,3,8,2026,2,1,1,0,0,False,0.24256673698675726,24510.024952788917,Pipeline,15,Low,Competitor present; No future follow-up,Clarify differentiation and buying criteria; Schedule a dated next action,2.083333333333333,11.666666666666666,11.597222222222223,5.0875,12.5,3.032084212334466,12.5,0.0,58.5,Watch,3676.5037429183376
499,15649,Delhi,Delhi,North,IT Services,Mid-market,216,True,70,15649,36,3,2023-12-29,1,Cloud Enablement,Services,Inbound,Project,Renewal,Existing,504880.3,8.53,461814.01,True,Competitor A,4,31.3,2024-04-28,Closed Lost,Qualified,2024-02-08,2024-02-08,Closed Lost,Budget constraints,2024-01-25,14,,41.0,41,0,4,12,2023,0,1,1,0,0,False,0.0,0.0,Excluded,0,Closed,Closed opportunity,No open-deal action,,,,,,,,,,Closed,0.0
500,5911,Chennai,Tamil Nadu,South,BFSI,SMB,78,False,87,5911,7,1,2025-10-23,2,Workflow Suite,Software,Inbound,Project,New business,New,109441.66,2.56,106639.95,True,Competitor A,3,39.9,2026-01-04,Closed Lost,Negotiation,2026-03-16,2026-03-16,Closed Lost,Competitor selected,2026-03-15,1,,144.0,144,0,4,10,2025,0,1,1,0,0,True,0.0,0.0,Excluded,0,Closed,Closed opportunity,No open-deal action,,,,,,,,,,Closed,0.0
501,4576,Kolkata,West Bengal,East,Healthcare,Mid-market,234,False,95,4576,39,4,2026-03-07,3,Data Advisory,Services,Event,Annual,New business,New,932946.38,15.84,785167.67,False,None,3,54.4,2026-06-18,Closed Won,Negotiation,2026-07-27,2026-07-27,Closed Won,,2026-07-23,4,,142.0,142,0,1,3,2026,0,4,1,1,2,True,1.0,0.0,Closed Won,0,Closed,Closed opportunity,No open-deal action,,,,,,,,,,Closed,0.0
502,6451,Kolkata,West Bengal,East,Manufacturing,Enterprise,531,True,79,6451,45,4,2026-06-28,2,Workflow Suite,Software,Partner,Annual,Expansion,Existing,2205237.19,15.02,1874010.56,True,Competitor C,6,76.8,2026-10-14,Demo,Discovery,2026-08-16,,Open,,2026-08-18,13,2026-08-26,,64,15,2,6,2026,0,2,0,0,1,False,0.49543899657924745,928457.9114253137,Best Case,15,Low,Competitor present; No future follow-up,Clarify differentiation and buying criteria; Schedule a dated next action,8.333333333333332,7.083333333333333,8.055555555555555,9.6,12.5,6.192987457240593,12.5,0.0,64.3,Watch,139268.68671379707
503,5447,Jaipur,Rajasthan,North,IT Services,SMB,71,True,49,5447,36,3,2026-07-04,3,Data Advisory,Services,Event,Annual,Expansion,Existing,442587.89,3.65,426433.43,True,Competitor C,1,43.2,2026-09-16,Demo,Discovery,2026-08-27,,Stalled,,2026-07-20,42,2026-07-30,,58,4,3,7,2026,0,0,1,0,1,False,0.49543899657924745,211271.75066704676,Best Case,30,Medium,No recent activity; Competitor present; No future follow-up,Contact the customer and log the response; Clarify differentiation and buying criteria; Schedule a dated next action,8.333333333333332,0.0,8.472222222222223,5.4,12.5,6.192987457240593,12.5,0.0,53.4,Watch,63381.525200114025
504,12121,Jaipur,Rajasthan,North,Healthcare,SMB,90,True,58,12121,35,3,2023-12-15,1,Cloud Enablement,Services,Inbound,Annual,Expansion,Existing,265660.22,8.61,242786.88,False,None,2,42.3,2024-03-19,Closed Lost,Discovery,2024-01-19,2024-01-19,Closed Lost,Customer priorities changed,2024-01-05,14,,35.0,35,0,4,12,2023,0,0,2,0,2,False,0.0,0.0,Excluded,0,Closed,Closed opportunity,No open-deal action,,,,,,,,,,Closed,0.0
505,6615,Chennai,Tamil Nadu,South,Manufacturing,Mid-market,240,False,57,6615,10,1,2026-06-30,2,Workflow Suite,Software,Outbound,Annual,New business,New,423777.58,8.15,389239.71,True,Competitor C,4,29.8,2026-10-12,Demo,Discovery,2026-08-16,,Open,,2026-08-12,19,2026-08-16,,62,15,2,6,2026,2,3,0,0,1,False,0.49543899657924745,192844.53135119728,Best Case,25,Medium,Low engagement; Competitor present; No future follow-up,Re-engage the decision maker; Clarify differentiation and buying criteria; Schedule a dated next action,8.333333333333332,4.583333333333334,8.194444444444445,3.7249999999999996,12.5,6.192987457240593,12.5,0.0,56.0,Watch,48211.13283779932
506,15232,Kolkata,West Bengal,East,Manufacturing,SMB,145,False,54,15232,38,4,2023-11-29,2,Workflow Suite,Software,Referral,Project,New business,New,189049.85,12.83,164794.75,False,None,1,53.8,2024-03-08,Closed Lost,Demo,2024-01-16,2024-01-16,Closed Lost,Procurement delay,2023-12-23,24,,48.0,48,0,4,11,2023,1,1,0,0,0,False,0.0,0.0,Excluded,0,Closed,Closed opportunity,No open-deal action,,,,,,,,,,Closed,0.0
507,4511,Mumbai,Maharashtra,West,Retail,SMB,78,True,76,4511,22,2,2026-06-13,1,Cloud Enablement,Services,Inbound,Project,Renewal,Existing,210986.75,10.71,188390.07,True,Competitor C,4,69.8,2026-09-02,Proposal,Demo,2026-08-30,,Open,,2026-08-29,2,2026-09-13,,79,1,2,6,2026,1,3,0,0,2,True,0.5816749478670545,109581.78414592076,Best Case,15,Low,Close date pressure; Competitor present,Confirm procurement milestones; Clarify differentiation and buying criteria,10.416666666666668,11.666666666666666,7.013888888888889,8.725,12.5,7.270936848338182,12.5,12.5,82.6,Healthy,16437.267621888113
508,8437,Chennai,Tamil Nadu,South,IT Services,SMB,117,False,94,8437,9,1,2025-02-07,4,Security Services,Services,Outbound,Annual,New business,New,252047.89,2.56,245595.46,True,Competitor A,2,73.5,2025-06-09,Closed Won,Negotiation,2025-05-24,2025-05-24,Closed Won,,2025-03-07,78,,106.0,106,0,1,2,2025,2,1,1,0,0,True,1.0,0.0,Closed Won,0,Closed,Closed opportunity,No open-deal action,,,,,,,,,,Closed,0.0
509,13484,Mumbai,Maharashtra,West,Healthcare,Mid-market,141,False,74,13484,19,2,2024-07-19,1,Cloud Enablement,Services,Inbound,Annual,New business,New,1172665.9,3.54,1131153.53,True,Competitor A,2,44.9,2024-11-02,Closed Lost,Lead,2024-07-29,2024-07-29,Closed Lost,Competitor selected,2024-07-25,4,,10.0,10,0,3,7,2024,0,3,0,0,0,False,0.0,0.0,Excluded,0,Closed,Closed opportunity,No open-deal action,,,,,,,,,,Closed,0.0
510,12936,Jaipur,Rajasthan,North,IT Services,SMB,48,True,63,12936,30,3,2024-11-05,1,Cloud Enablement,Services,Referral,Annual,Renewal,Existing,293560.49,9.12,266787.77,True,Competitor A,3,33.1,2025-02-17,Closed Lost,Demo,2025-01-31,2025-01-31,Closed Lost,Timing,2024-11-15,77,,87.0,87,0,4,11,2024,0,1,0,0,0,False,0.0,0.0,Excluded,0,Closed,Closed opportunity,No open-deal action,,,,,,,,,,Closed,0.0
511,12759,Kolkata,West Bengal,East,Manufacturing,Enterprise,243,False,64,12759,47,4,2023-05-05,3,Data Advisory,Services,Outbound,Annual,New business,New,2307936.48,9.27,2093990.77,False,None,4,19.1,2023-07-21,Closed Lost,Lead,2023-05-18,2023-05-18,Closed Lost,Procurement delay,2023-05-16,2,,13.0,13,0,2,5,2023,1,1,0,0,1,False,0.0,0.0,Excluded,0,Closed,Closed opportunity,No open-deal action,,,,,,,,,,Closed,0.0
512,6768,Delhi,Delhi,North,Manufacturing,Mid-market,285,True,41,6768,29,3,2025-09-29,4,Security Services,Services,Inbound,Annual,Renewal,Existing,555852.53,5.26,526614.69,True,Competitor B,1,53.4,2025-12-14,Closed Lost,Demo,2025-11-21,2025-11-21,Closed Lost,Budget constraints,2025-10-27,25,,53.0,53,0,3,9,2025,0,2,0,0,2,False,0.0,0.0,Excluded,0,Closed,Closed opportunity,No open-deal action,,,,,,,,,,Closed,0.0
513,16342,Bhubaneswar,Odisha,East,Retail,SMB,93,True,42,16342,38,4,2026-01-16,3,Data Advisory,Services,Partner,Project,Expansion,Existing,257750.36,5.57,243393.66,False,None,1,76.6,2026-03-17,Closed Lost,Demo,2026-03-18,2026-03-18,Closed Lost,Competitor selected,2026-02-21,25,,61.0,61,0,1,1,2026,2,4,0,0,0,False,0.0,0.0,Excluded,0,Closed,Closed opportunity,No open-deal action,,,,,,,,,,Closed,0.0
514,4711,Mumbai,Maharashtra,West,Retail,Enterprise,225,False,69,4711,15,2,2026-07-02,1,Cloud Enablement,Services,Outbound,Annual,New business,New,1060940.07,4.62,1011924.64,False,None,4,87.1,2026-10-29,Demo,Discovery,2026-08-11,,Open,,2026-08-27,4,2026-08-31,,60,20,3,7,2026,1,1,2,0,0,False,0.49543899657924745,501346.9282554162,Best Case,0,Low,,,8.333333333333332,10.833333333333334,8.333333333333334,10.8875,12.5,6.192987457240593,12.5,12.5,82.1,Healthy,0.0
515,14022,Bengaluru,Karnataka,South,IT Services,Mid-market,99,False,75,14022,7,1,2024-09-27,3,Data Advisory,Services,Referral,Annual,New business,New,866978.33,6.88,807330.22,False,None,4,79.8,2025-01-01,Closed Won,Negotiation,2025-01-10,2025-01-10,Closed Won,,2024-11-05,66,,105.0,105,0,3,9,2024,0,1,0,0,1,True,1.0,0.0,Closed Won,0,Closed,Closed opportunity,No open-deal action,,,,,,,,,,Closed,0.0
516,2501,Jaipur,Rajasthan,North,Healthcare,Enterprise,828,False,81,2501,30,3,2026-05-22,1,Cloud Enablement,Services,Inbound,Annual,New business,New,2254984.6,9.96,2030388.13,False,None,5,60.3,2026-08-31,Closed Lost,Proposal,2026-07-29,2026-07-29,Closed Lost,Other,2026-07-29,0,,68.0,68,0,2,5,2026,0,2,1,1,1,True,0.0,0.0,Excluded,0,Closed,Closed opportunity,No open-deal action,,,,,,,,,,Closed,0.0
517,8837,Mumbai,Maharashtra,West,IT Services,SMB,94,False,72,8837,23,2,2024-06-08,4,Security Services,Services,Partner,Annual,New business,New,341655.79,4.5,326281.28,False,None,2,55.0,2024-08-26,Closed Won,Negotiation,2024-08-26,2024-08-26,Closed Won,,2024-07-19,38,,79.0,79,0,2,6,2024,1,1,2,0,2,True,1.0,0.0,Closed Won,0,Closed,Closed opportunity,No open-deal action,,,,,,,,,,Closed,0.0
518,6570,Chennai,Tamil Nadu,South,IT Services,SMB,112,False,61,6570,11,1,2026-02-03,4,Security Services,Services,Referral,Annual,New business,New,246479.64,7.63,227673.24,True,Competitor B,4,41.8,2026-05-21,Closed Won,Negotiation,2026-08-02,2026-08-02,Closed Won,,2026-05-15,79,,180.0,180,0,1,2,2026,1,2,0,0,0,True,1.0,0.0,Closed Won,0,Closed,Closed opportunity,No open-deal action,,,,,,,,,,Closed,0.0
519,12161,Bengaluru,Karnataka,South,BFSI,Mid-market,219,False,41,12161,2,1,2026-01-27,4,Security Services,Services,Outbound,Annual,New business,New,390655.62,3.26,377920.25,True,Competitor B,4,69.4,2026-04-08,Closed Lost,Qualified,2026-03-04,2026-03-04,Closed Lost,Competitor selected,2026-03-04,0,,36.0,36,0,1,1,2026,2,2,2,0,1,False,0.0,0.0,Excluded,0,Closed,Closed opportunity,No open-deal action,,,,,,,,,,Closed,0.0
520,12634,Delhi,Delhi,North,Retail,Mid-market,348,False,40,12634,29,3,2025-12-23,2,Workflow Suite,Software,Event,Annual,New business,New,415627.29,3.16,402493.47,True,Competitor B,4,48.5,2026-03-30,Closed Lost,Qualified,2026-01-27,2026-01-27,Closed Lost,No decision,2026-01-22,5,,35.0,35,0,4,12,2025,2,1,2,0,2,False,0.0,0.0,Excluded,0,Closed,Closed opportunity,No open-deal action,,,,,,,,,,Closed,0.0
521,440,Pune,Maharashtra,West,Retail,Mid-market,300,False,85,440,23,2,2026-03-20,4,Security Services,Services,Outbound,Project,New business,New,778692.29,18.27,636425.21,False,None,2,73.5,2026-06-15,Closed Lost,Discovery,2026-06-19,2026-06-19,Closed Lost,Other,2026-05-31,19,,91.0,91,0,1,3,2026,0,2,2,0,2,False,0.0,0.0,Excluded,0,Closed,Closed opportunity,No open-deal action,,,,,,,,,,Closed,0.0
522,10008,Chennai,Tamil Nadu,South,IT Services,Mid-market,315,False,59,10008,10,1,2023-02-22,3,Data Advisory,Services,Referral,Project,New business,New,925358.55,4.36,885012.92,False,None,3,15.7,2023-06-15,Closed Lost,Lead,2023-03-25,2023-03-25,Closed Lost,Pricing,2023-02-28,25,,31.0,31,0,1,2,2023,0,0,2,0,0,False,0.0,0.0,Excluded,0,Closed,Closed opportunity,No open-deal action,,,,,,,,,,Closed,0.0
523,15417,Delhi,Delhi,North,Healthcare,SMB,149,True,79,15417,34,3,2025-11-23,1,Cloud Enablement,Services,Partner,Annual,Renewal,Existing,302681.63,12.76,264059.45,False,None,1,59.8,2026-02-27,Closed Won,Negotiation,2026-04-06,2026-04-06,Closed Won,,2026-03-12,25,,134.0,134,0,4,11,2025,0,0,3,1,1,True,1.0,0.0,Closed Won,0,Closed,Closed opportunity,No open-deal action,,,,,,,,,,Closed,0.0
524,3638,Pune,Maharashtra,West,BFSI,Enterprise,711,True,39,3638,20,2,2024-03-19,1,Cloud Enablement,Services,Event,Project,Renewal,Existing,2309874.09,18.9,1873307.89,False,None,4,65.6,2024-07-30,Closed Lost,Discovery,2024-05-18,2024-05-18,Closed Lost,Internal approval delay,2024-05-02,16,,60.0,60,0,1,3,2024,1,1,1,0,1,False,0.0,0.0,Excluded,0,Closed,Closed opportunity,No open-deal action,,,,,,,,,,Closed,0.0
525,13029,Chennai,Tamil Nadu,South,BFSI,SMB,94,True,81,13029,12,1,2025-06-29,3,Data Advisory,Services,Inbound,Project,Expansion,Existing,186789.71,9.77,168540.36,False,None,2,60.5,2025-11-20,Closed Lost,Demo,2025-09-15,2025-09-15,Closed Lost,Other,2025-09-07,8,,78.0,78,0,2,6,2025,0,1,2,0,1,False,0.0,0.0,Excluded,0,Closed,Closed opportunity,No open-deal action,,,,,,,,,,Closed,0.0
526,12463,Bhubaneswar,Odisha,East,Healthcare,Enterprise,927,True,88,12463,40,4,2024-01-13,4,Security Services,Services,Inbound,Multi-year,Renewal,Existing,2586797.52,9.71,2335619.48,True,Competitor B,5,48.0,2024-05-14,Closed Lost,Lead,2024-01-30,2024-01-30,Closed Lost,No decision,2024-01-25,5,,17.0,17,0,1,1,2024,2,0,1,0,0,False,0.0,0.0,Excluded,0,Closed,Closed opportunity,No open-deal action,,,,,,,,,,Closed,0.0
527,444,Pune,Maharashtra,West,Retail,Mid-market,111,False,36,444,15,2,2025-09-03,1,Cloud Enablement,Services,Referral,Annual,New business,New,532872.67,7.47,493067.08,False,None,2,89.9,2026-01-20,Closed Lost,Discovery,2025-09-29,2025-09-29,Closed Lost,Product mismatch,2025-09-22,7,,26.0,26,0,3,9,2025,3,1,2,0,0,False,0.0,0.0,Excluded,0,Closed,Closed opportunity,No open-deal action,,,,,,,,,,Closed,0.0
528,1478,Pune,Maharashtra,West,Manufacturing,SMB,91,False,81,1478,16,2,2025-08-10,3,Data Advisory,Services,Partner,Multi-year,New business,New,632598.6,18.0,518730.85,True,Competitor A,4,10.9,2025-11-16,Closed Lost,Lead,2025-09-04,2025-09-04,Closed Lost,Timing,2025-08-24,11,,25.0,25,0,3,8,2025,0,1,0,0,0,False,0.0,0.0,Excluded,0,Closed,Closed opportunity,No open-deal action,,,,,,,,,,Closed,0.0
529,6142,Bengaluru,Karnataka,South,IT Services,Enterprise,270,False,94,6142,11,1,2026-07-27,3,Data Advisory,Services,Inbound,Project,New business,New,1181863.17,5.63,1115324.27,False,None,6,53.0,2026-12-13,Qualified,Lead,2026-08-09,,Open,,2026-08-21,10,2026-09-05,,35,22,3,7,2026,0,2,0,0,2,False,0.3235641607653036,360878.96140372485,Pipeline,0,Low,,,4.166666666666666,8.333333333333334,10.069444444444445,6.625,12.5,4.044552009566295,12.5,12.5,70.7,Healthy,0.0
530,2600,Pune,Maharashtra,West,Manufacturing,Enterprise,477,False,35,2600,24,2,2024-10-14,2,Workflow Suite,Software,Outbound,Annual,New business,New,1297193.47,2.34,1266839.14,False,None,4,45.5,2025-01-09,Closed Lost,Proposal,2025-03-03,2025-03-03,Closed Lost,Internal approval delay,2025-02-10,21,,140.0,140,0,4,10,2024,0,0,1,0,3,True,0.0,0.0,Excluded,0,Closed,Closed opportunity,No open-deal action,,,,,,,,,,Closed,0.0
531,5024,Pune,Maharashtra,West,Manufacturing,SMB,52,False,66,5024,21,2,2026-03-10,4,Security Services,Services,Referral,Annual,New business,New,317371.79,7.36,294013.23,False,None,3,28.3,2026-07-21,Closed Won,Negotiation,2026-08-28,2026-08-28,Closed Won,,2026-05-18,102,,171.0,171,0,1,3,2026,0,1,0,0,1,True,1.0,0.0,Closed Won,0,Closed,Closed opportunity,No open-deal action,,,,,,,,,,Closed,0.0
532,3025,Mumbai,Maharashtra,West,Healthcare,Mid-market,189,True,85,3025,16,2,2026-05-01,2,Workflow Suite,Software,Outbound,Project,Renewal,Existing,496264.24,8.19,455620.2,False,None,4,59.8,2026-08-22,Closed Lost,Discovery,2026-06-05,2026-06-05,Closed Lost,Budget constraints,2026-06-04,1,,35.0,35,0,2,5,2026,0,0,2,0,0,False,0.0,0.0,Excluded,0,Closed,Closed opportunity,No open-deal action,,,,,,,,,,Closed,0.0
533,13871,Bengaluru,Karnataka,South,BFSI,SMB,126,False,46,13871,7,1,2025-09-02,2,Workflow Suite,Software,Inbound,Multi-year,New business,New,353706.95,6.04,332343.05,True,Competitor A,2,69.4,2025-12-01,Closed Won,Negotiation,2025-12-11,2025-12-11,Closed Won,,2025-10-23,49,,100.0,100,0,3,9,2025,0,0,1,0,0,True,1.0,0.0,Closed Won,0,Closed,Closed opportunity,No open-deal action,,,,,,,,,,Closed,0.0
534,11392,Mumbai,Maharashtra,West,Retail,Mid-market,102,True,95,11392,13,2,2023-06-16,2,Workflow Suite,Software,Referral,Annual,Expansion,Existing,174159.9,6.48,162874.34,False,None,1,40.4,2023-09-01,Closed Won,Negotiation,2023-11-17,2023-11-17,Closed Won,,2023-08-05,104,,154.0,154,0,2,6,2023,1,0,0,0,1,True,1.0,0.0,Closed Won,0,Closed,Closed opportunity,No open-deal action,,,,,,,,,,Closed,0.0
535,3072,Pune,Maharashtra,West,IT Services,Enterprise,1152,True,90,3072,24,2,2024-08-26,1,Cloud Enablement,Services,Outbound,Annual,Expansion,Existing,2438154.29,10.96,2170932.58,False,None,3,46.6,2024-11-08,Closed Won,Negotiation,2024-12-08,2024-12-08,Closed Won,,2024-12-07,1,,104.0,104,0,3,8,2024,1,1,2,0,2,True,1.0,0.0,Closed Won,0,Closed,Closed opportunity,No open-deal action,,,,,,,,,,Closed,0.0
536,4733,Kolkata,West Bengal,East,IT Services,Enterprise,810,True,95,4733,43,4,2026-05-20,2,Workflow Suite,Software,Outbound,Annual,Expansion,Existing,1517726.33,4.97,1442295.33,False,None,4,67.0,2026-08-15,Proposal,Demo,2026-08-11,,Open,,2026-08-12,19,2026-08-20,,103,20,2,5,2026,0,1,2,0,0,True,0.5816749478670545,838947.0608866463,Best Case,20,Low,Close date pressure; No future follow-up,Confirm procurement milestones; Schedule a dated next action,10.416666666666668,4.583333333333334,5.347222222222222,8.375,0.0,7.270936848338182,12.5,0.0,48.5,Watch,167789.41217732924
537,11550,Chennai,Tamil Nadu,South,Manufacturing,SMB,58,False,55,11550,3,1,2024-03-15,4,Security Services,Services,Inbound,Project,New business,New,98760.43,7.81,91047.24,False,None,4,45.8,2024-07-22,Closed Lost,Negotiation,2024-07-21,2024-07-21,Closed Lost,Duplicate opportunity,2024-04-22,90,,128.0,128,0,1,3,2024,0,2,0,0,0,True,0.0,0.0,Excluded,0,Closed,Closed opportunity,No open-deal action,,,,,,,,,,Closed,0.0
538,14701,Bengaluru,Karnataka,South,IT Services,SMB,55,True,56,14701,8,1,2023-04-20,4,Security Services,Services,Outbound,Annual,Expansion,Existing,139057.52,7.19,129059.28,False,None,3,56.8,2023-07-19,Closed Won,Negotiation,2023-12-04,2023-12-04,Closed Won,,2023-11-22,12,,228.0,228,0,2,4,2023,0,1,1,0,2,True,1.0,0.0,Closed Won,0,Closed,Closed opportunity,No open-deal action,,,,,,,,,,Closed,0.0
539,16565,Pune,Maharashtra,West,Manufacturing,SMB,51,False,37,16565,19,2,2024-01-22,3,Data Advisory,Services,Inbound,Annual,New business,New,220935.49,14.55,188789.38,True,Competitor C,3,61.4,2024-03-25,Closed Won,Negotiation,2024-04-11,2024-04-11,Closed Won,,2024-04-11,0,,80.0,80,0,1,1,2024,1,4,0,0,1,True,1.0,0.0,Closed Won,0,Closed,Closed opportunity,No open-deal action,,,,,,,,,,Closed,0.0
540,1533,Bhubaneswar,Odisha,East,Manufacturing,Mid-market,300,False,47,1533,47,4,2026-04-10,3,Data Advisory,Services,Outbound,Project,New business,New,1637645.12,14.61,1398385.17,True,Competitor A,4,35.4,2026-07-13,Closed Lost,Lead,2026-05-14,2026-05-14,Closed Lost,No decision,2026-05-10,4,,34.0,34,0,2,4,2026,1,3,1,0,0,False,0.0,0.0,Excluded,0,Closed,Closed opportunity,No open-deal action,,,,,,,,,,Closed,0.0
541,10415,Mumbai,Maharashtra,West,IT Services,SMB,74,False,66,10415,15,2,2024-12-04,3,Data Advisory,Services,Inbound,Annual,New business,New,210722.66,2.07,206360.7,False,None,2,87.9,2025-03-09,Closed Lost,Negotiation,2025-03-02,2025-03-02,Closed Lost,Other,2025-02-21,9,,88.0,88,0,4,12,2024,1,4,1,0,3,True,0.0,0.0,Excluded,0,Closed,Closed opportunity,No open-deal action,,,,,,,,,,Closed,0.0
542,15611,Jaipur,Rajasthan,North,Manufacturing,SMB,42,True,95,15611,27,3,2025-11-01,3,Data Advisory,Services,Referral,Multi-year,Expansion,Existing,609577.7,10.72,544230.97,True,Competitor B,4,79.6,2026-03-06,Closed Won,Negotiation,2026-03-09,2026-03-09,Closed Won,,2026-02-09,28,,128.0,128,0,4,11,2025,1,4,3,1,1,True,1.0,0.0,Closed Won,0,Closed,Closed opportunity,No open-deal action,,,,,,,,,,Closed,0.0
543,14869,Bhubaneswar,Odisha,East,Healthcare,SMB,55,True,72,14869,40,4,2024-05-02,4,Security Services,Services,Referral,Project,Renewal,Existing,286485.88,7.16,265973.49,True,Competitor B,2,51.2,2024-08-12,Closed Won,Negotiation,2024-09-21,2024-09-21,Closed Won,,2024-07-10,73,,142.0,142,0,2,5,2024,0,0,2,1,1,True,1.0,0.0,Closed Won,0,Closed,Closed opportunity,No open-deal action,,,,,,,,,,Closed,0.0
544,84,Kolkata,West Bengal,East,Retail,Mid-market,234,False,36,84,42,4,2025-06-16,1,Cloud Enablement,Services,Inbound,Annual,New business,New,1155648.24,0.94,1144785.15,False,None,2,61.7,2025-09-06,Closed Lost,Proposal,2025-08-28,2025-08-28,Closed Lost,No decision,2025-08-03,25,,73.0,73,0,2,6,2025,0,1,1,0,0,True,0.0,0.0,Excluded,0,Closed,Closed opportunity,No open-deal action,,,,,,,,,,Closed,0.0
545,797,Bhubaneswar,Odisha,East,IT Services,Enterprise,918,False,43,797,48,4,2024-11-17,1,Cloud Enablement,Services,Outbound,Annual,New business,New,3104429.64,7.93,2858248.37,False,None,4,49.9,2025-02-24,Closed Lost,Proposal,2025-02-16,2025-02-16,Closed Lost,Budget constraints,2024-12-24,54,,91.0,91,0,4,11,2024,0,1,1,0,0,True,0.0,0.0,Excluded,0,Closed,Closed opportunity,No open-deal action,,,,,,,,,,Closed,0.0
546,15289,Jaipur,Rajasthan,North,IT Services,Enterprise,909,False,91,15289,29,3,2024-12-12,3,Data Advisory,Services,Referral,Annual,New business,New,6235837.56,7.72,5754430.9,False,None,3,42.6,2025-04-29,Closed Lost,Demo,2025-04-07,2025-04-07,Closed Lost,Other,2025-02-27,39,,116.0,116,0,4,12,2024,1,1,1,0,2,False,0.0,0.0,Excluded,0,Closed,Closed opportunity,No open-deal action,,,,,,,,,,Closed,0.0
547,3889,Chennai,Tamil Nadu,South,IT Services,SMB,61,False,59,3889,9,1,2026-03-13,3,Data Advisory,Services,Inbound,Annual,New business,New,284162.92,4.87,270324.19,True,Competitor C,2,36.1,2026-07-04,Closed Lost,Demo,2026-07-01,2026-07-01,Closed Lost,No decision,2026-06-15,16,,110.0,110,0,1,3,2026,2,1,1,0,0,False,0.0,0.0,Excluded,0,Closed,Closed opportunity,No open-deal action,,,,,,,,,,Closed,0.0
548,2177,Bengaluru,Karnataka,South,Healthcare,SMB,97,False,44,2177,6,1,2025-11-24,1,Cloud Enablement,Services,Event,Project,New business,New,347032.31,3.05,336447.82,True,Competitor B,4,33.9,2026-02-11,Closed Lost,Qualified,2025-12-20,2025-12-20,Closed Lost,Internal approval delay,2025-12-13,7,,26.0,26,0,4,11,2025,0,2,0,0,0,False,0.0,0.0,Excluded,0,Closed,Closed opportunity,No open-deal action,,,,,,,,,,Closed,0.0
549,2438,Jaipur,Rajasthan,North,IT Services,Mid-market,426,False,38,2438,28,3,2025-08-07,3,Data Advisory,Services,Inbound,Annual,New business,New,1905512.78,3.43,1840153.69,True,Competitor A,2,57.7,2025-12-08,Closed Lost,Lead,2025-08-26,2025-08-26,Closed Lost,Competitor selected,2025-08-18,8,,19.0,19,0,3,8,2025,1,0,2,0,1,False,0.0,0.0,Excluded,0,Closed,Closed opportunity,No open-deal action,,,,,,,,,,Closed,0.0
550,390,Chennai,Tamil Nadu,South,Retail,SMB,60,False,50,390,12,1,2023-10-02,3,Data Advisory,Services,Event,Annual,New business,New,252404.33,5.46,238623.05,False,None,3,77.4,2023-12-30,Closed Lost,Discovery,2024-01-10,2024-01-10,Closed Lost,Customer priorities changed,2023-12-02,39,,100.0,100,0,4,10,2023,3,1,0,0,1,False,0.0,0.0,Excluded,0,Closed,Closed opportunity,No open-deal action,,,,,,,,,,Closed,0.0
551,7024,Jaipur,Rajasthan,North,Healthcare,Mid-market,276,False,71,7024,28,3,2024-12-29,2,Workflow Suite,Software,Inbound,Project,New business,New,599520.56,1.22,592206.41,False,None,1,41.9,2025-04-10,Closed Lost,Demo,2025-02-05,2025-02-05,Closed Lost,Product mismatch,2025-01-29,7,,38.0,38,0,4,12,2024,1,2,0,0,1,False,0.0,0.0,Excluded,0,Closed,Closed opportunity,No open-deal action,,,,,,,,,,Closed,0.0
552,4478,Mumbai,Maharashtra,West,Healthcare,SMB,134,True,71,4478,16,2,2023-10-07,4,Security Services,Services,Partner,Multi-year,Renewal,Existing,1494347.03,8.63,1365384.88,True,Competitor B,4,16.4,2024-01-22,Closed Lost,Discovery,2024-03-03,2024-03-03,Closed Lost,Competitor selected,2023-12-01,93,,148.0,148,0,4,10,2023,1,1,0,0,1,False,0.0,0.0,Excluded,0,Closed,Closed opportunity,No open-deal action,,,,,,,,,,Closed,0.0
553,1152,Delhi,Delhi,North,Healthcare,SMB,61,False,70,1152,28,3,2024-11-20,2,Workflow Suite,Software,Outbound,Annual,New business,New,170697.83,4.76,162572.61,True,Competitor A,2,90.3,2025-03-03,Closed Lost,Lead,2024-11-25,2024-11-25,Closed Lost,Budget constraints,2024-11-24,1,,5.0,5,0,4,11,2024,1,2,1,0,1,False,0.0,0.0,Excluded,0,Closed,Closed opportunity,No open-deal action,,,,,,,,,,Closed,0.0
554,5609,Delhi,Delhi,North,Healthcare,SMB,134,False,59,5609,31,3,2026-08-01,4,Security Services,Services,Referral,Annual,New business,New,492875.09,2.64,479863.19,True,Competitor B,1,31.4,2026-11-04,Discovery,Qualified,2026-08-20,,Open,,2026-08-30,1,2026-09-02,,30,11,3,8,2026,0,4,0,0,0,False,0.4055827312300857,194624.22321698154,Best Case,15,Low,Low engagement; Competitor present,Re-engage the decision maker; Clarify differentiation and buying criteria,6.25,12.083333333333334,10.416666666666668,3.925,12.5,5.069784140376071,12.5,12.5,75.2,Healthy,29193.63348254723
555,5002,Bengaluru,Karnataka,South,Retail,Mid-market,357,True,90,5002,1,1,2024-07-20,4,Security Services,Services,Inbound,Project,Expansion,Existing,1657118.52,14.36,1419156.3,True,Competitor B,1,35.0,2024-09-12,Closed Lost,Lead,2024-08-13,2024-08-13,Closed Lost,No decision,2024-08-10,3,,24.0,24,0,3,7,2024,0,1,2,0,1,False,0.0,0.0,Excluded,0,Closed,Closed opportunity,No open-deal action,,,,,,,,,,Closed,0.0
556,12256,Bengaluru,Karnataka,South,Retail,SMB,66,True,40,12256,8,1,2026-04-24,1,Cloud Enablement,Services,Referral,Annual,Renewal,Existing,128920.66,7.14,119715.72,False,None,1,21.7,2026-08-23,Closed Lost,Demo,2026-07-16,2026-07-16,Closed Lost,Internal approval delay,2026-05-09,68,,83.0,83,0,2,4,2026,0,1,1,0,0,False,0.0,0.0,Excluded,0,Closed,Closed opportunity,No open-deal action,,,,,,,,,,Closed,0.0
557,3252,Jaipur,Rajasthan,North,Healthcare,Enterprise,423,False,88,3252,27,3,2023-04-17,2,Workflow Suite,Software,Outbound,Annual,New business,New,1661795.77,5.88,1564082.18,True,Competitor B,6,47.5,2023-10-30,Closed Lost,Demo,2023-06-28,2023-06-28,Closed Lost,Duplicate opportunity,2023-06-19,9,,72.0,72,0,2,4,2023,1,1,4,0,0,False,0.0,0.0,Excluded,0,Closed,Closed opportunity,No open-deal action,,,,,,,,,,Closed,0.0
558,14971,Bengaluru,Karnataka,South,Retail,SMB,65,False,51,14971,9,1,2026-08-08,4,Security Services,Services,Partner,Project,New business,New,94363.67,3.36,91193.05,True,Competitor A,1,55.7,2026-09-26,Discovery,Qualified,2026-08-27,,Open,,2026-08-31,0,2026-09-07,,23,4,3,8,2026,1,1,1,0,0,False,0.4055827312300857,36986.326288201766,Best Case,5,Low,Competitor present,Clarify differentiation and buying criteria,6.25,12.5,10.902777777777779,6.9625,12.5,5.069784140376071,12.5,12.5,79.2,Healthy,1849.3163144100881
559,1709,Chennai,Tamil Nadu,South,Retail,SMB,56,False,80,1709,8,1,2025-02-05,1,Cloud Enablement,Services,Outbound,Annual,New business,New,484290.69,4.88,460657.3,False,None,1,19.2,2025-04-22,Closed Lost,Lead,2025-02-12,2025-02-12,Closed Lost,Competitor selected,2025-02-12,0,,7.0,7,0,1,2,2025,0,1,1,0,0,False,0.0,0.0,Excluded,0,Closed,Closed opportunity,No open-deal action,,,,,,,,,,Closed,0.0
560,6430,Chennai,Tamil Nadu,South,Manufacturing,Enterprise,927,False,84,6430,2,1,2026-01-09,4,Security Services,Services,Outbound,Multi-year,New business,New,3465740.56,3.05,3360035.47,False,None,3,78.1,2026-05-19,Closed Lost,Discovery,2026-02-24,2026-02-24,Closed Lost,No decision,2026-02-24,0,,46.0,46,0,1,1,2026,0,3,1,0,1,False,0.0,0.0,Excluded,0,Closed,Closed opportunity,No open-deal action,,,,,,,,,,Closed,0.0
561,16135,Pune,Maharashtra,West,Retail,Mid-market,84,False,43,16135,16,2,2024-09-03,2,Workflow Suite,Software,Inbound,Project,New business,New,209799.88,8.09,192827.07,False,None,2,36.2,2024-11-18,Closed Lost,Lead,2024-09-10,2024-09-10,Closed Lost,Timing,2024-09-07,3,,7.0,7,0,3,9,2024,0,0,1,0,0,False,0.0,0.0,Excluded,0,Closed,Closed opportunity,No open-deal action,,,,,,,,,,Closed,0.0
562,4189,Bengaluru,Karnataka,South,Retail,Mid-market,117,True,66,4189,7,1,2026-07-26,1,Cloud Enablement,Services,Outbound,Project,Renewal,Existing,414571.35,9.62,374689.59,True,Competitor B,4,86.9,2027-01-17,Qualified,Lead,2026-08-11,,Open,,2026-08-27,4,2026-09-03,,36,20,3,7,2026,1,3,0,0,3,False,0.3235641607653036,121236.1227358457,Pipeline,5,Low,Competitor present,Clarify differentiation and buying criteria,4.166666666666666,10.833333333333334,10.0,10.8625,12.5,4.044552009566295,12.5,12.5,77.4,Healthy,6061.806136792285
563,13877,Jaipur,Rajasthan,North,Healthcare,Mid-market,270,False,53,13877,28,3,2023-08-06,2,Workflow Suite,Software,Inbound,Annual,New business,New,989910.28,6.69,923685.28,False,None,2,82.0,2023-11-19,Closed Won,Negotiation,2023-11-04,2023-11-04,Closed Won,,2023-10-02,33,,90.0,90,0,3,8,2023,0,1,1,0,1,True,1.0,0.0,Closed Won,0,Closed,Closed opportunity,No open-deal action,,,,,,,,,,Closed,0.0
565,1171,Jaipur,Rajasthan,North,IT Services,SMB,130,False,86,1171,31,3,2025-07-09,4,Security Services,Services,Event,Annual,New business,New,209378.93,5.94,196941.82,True,Competitor A,4,64.3,2025-10-20,Closed Lost,Discovery,2025-09-20,2025-09-20,Closed Lost,Poor engagement,2025-09-20,0,,73.0,73,0,3,7,2025,1,4,0,0,4,False,0.0,0.0,Excluded,0,Closed,Closed opportunity,No open-deal action,,,,,,,,,,Closed,0.0
566,14597,Delhi,Delhi,North,Healthcare,SMB,80,False,86,14597,33,3,2025-03-01,1,Cloud Enablement,Services,Outbound,Project,New business,New,257165.99,7.58,237672.81,False,None,2,20.2,2025-05-28,Closed Lost,Lead,2025-03-15,2025-03-15,Closed Lost,Product mismatch,2025-03-13,2,,14.0,14,0,1,3,2025,0,4,0,0,1,False,0.0,0.0,Excluded,0,Closed,Closed opportunity,No open-deal action,,,,,,,,,,Closed,0.0
567,13293,Bengaluru,Karnataka,South,Healthcare,SMB,97,False,67,13293,12,1,2024-06-29,2,Workflow Suite,Software,Referral,Annual,New business,New,158725.69,6.29,148741.84,True,Competitor C,3,69.3,2024-08-20,Closed Won,Negotiation,2025-02-14,2025-02-14,Closed Won,,2024-09-10,157,,230.0,230,0,2,6,2024,1,0,1,0,1,True,1.0,0.0,Closed Won,0,Closed,Closed opportunity,No open-deal action,,,,,,,,,,Closed,0.0
568,901,Bengaluru,Karnataka,South,IT Services,SMB,127,False,92,901,5,1,2025-09-24,2,Workflow Suite,Software,Inbound,Annual,New business,New,132720.64,1.87,130238.76,True,Competitor A,4,48.8,2025-12-19,Closed Lost,Lead,2025-10-11,2025-10-11,Closed Lost,Competitor selected,2025-10-07,4,,17.0,17,0,3,9,2025,1,2,2,0,3,False,0.0,0.0,Excluded,0,Closed,Closed opportunity,No open-deal action,,,,,,,,,,Closed,0.0
569,8356,Bhubaneswar,Odisha,East,IT Services,SMB,82,True,79,8356,41,4,2024-10-20,3,Data Advisory,Services,Outbound,Annual,Renewal,Existing,237112.82,9.71,214089.17,False,None,4,26.2,2025-02-23,Closed Lost,Lead,2024-10-29,2024-10-29,Closed Lost,No decision,2024-10-29,0,,9.0,9,0,4,10,2024,1,1,0,0,0,False,0.0,0.0,Excluded,0,Closed,Closed opportunity,No open-deal action,,,,,,,,,,Closed,0.0
570,7241,Delhi,Delhi,North,Healthcare,Mid-market,102,False,38,7241,36,3,2024-08-05,4,Security Services,Services,Inbound,Annual,New business,New,313601.38,9.61,283464.29,False,None,1,56.1,2024-11-14,Closed Lost,Negotiation,2024-11-28,2024-11-28,Closed Lost,No decision,2024-11-01,27,,115.0,115,0,3,8,2024,0,3,1,0,0,True,0.0,0.0,Excluded,0,Closed,Closed opportunity,No open-deal action,,,,,,,,,,Closed,0.0
571,11732,Mumbai,Maharashtra,West,BFSI,Enterprise,891,False,63,11732,16,2,2023-09-29,3,Data Advisory,Services,Partner,Project,New business,New,2882110.62,1.7,2833114.74,True,Competitor A,3,50.3,2024-01-23,Closed Lost,Qualified,2023-10-29,2023-10-29,Closed Lost,Competitor selected,2023-10-20,9,,30.0,30,0,3,9,2023,2,2,2,0,1,False,0.0,0.0,Excluded,0,Closed,Closed opportunity,No open-deal action,,,,,,,,,,Closed,0.0
572,3678,Kolkata,West Bengal,East,Manufacturing,SMB,69,False,43,3678,40,4,2025-04-09,4,Security Services,Services,Partner,Annual,New business,New,159793.37,6.26,149790.31,False,None,4,82.3,2025-07-16,Closed Won,Negotiation,2025-07-03,2025-07-03,Closed Won,,2025-06-27,6,,85.0,85,0,2,4,2025,2,1,1,0,0,True,1.0,0.0,Closed Won,0,Closed,Closed opportunity,No open-deal action,,,,,,,,,,Closed,0.0
573,5243,Bhubaneswar,Odisha,East,IT Services,Mid-market,270,False,78,5243,43,4,2024-06-02,4,Security Services,Services,Outbound,Project,New business,New,493969.71,3.73,475544.64,True,Competitor A,2,31.0,2024-09-10,Closed Lost,Proposal,2024-09-18,2024-09-18,Closed Lost,Competitor selected,2024-08-10,39,,108.0,108,0,2,6,2024,1,0,0,0,0,True,0.0,0.0,Excluded,0,Closed,Closed opportunity,No open-deal action,,,,,,,,,,Closed,0.0
574,5949,Bhubaneswar,Odisha,East,BFSI,Mid-market,417,True,75,5949,44,4,2024-01-24,4,Security Services,Services,Partner,Multi-year,Expansion,Existing,3215504.52,8.51,2941865.09,False,None,2,10.6,2024-05-23,Closed Won,Negotiation,2024-05-19,2024-05-19,Closed Won,,2024-05-19,0,,116.0,116,0,1,1,2024,0,0,1,0,0,True,1.0,0.0,Closed Won,0,Closed,Closed opportunity,No open-deal action,,,,,,,,,,Closed,0.0
575,13737,Pune,Maharashtra,West,BFSI,SMB,117,False,40,13737,18,2,2025-01-16,1,Cloud Enablement,Services,Partner,Project,New business,New,493816.42,5.27,467792.29,False,None,2,34.2,2025-03-28,Closed Won,Negotiation,2025-05-25,2025-05-25,Closed Won,,2025-05-23,2,,129.0,129,0,1,1,2025,0,0,0,0,1,True,1.0,0.0,Closed Won,0,Closed,Closed opportunity,No open-deal action,,,,,,,,,,Closed,0.0
576,4351,Delhi,Delhi,North,Manufacturing,SMB,60,False,74,4351,34,3,2025-12-05,4,Security Services,Services,Event,Project,New business,New,212591.46,2.19,207935.71,False,None,2,64.1,2026-03-23,Closed Lost,Discovery,2026-02-08,2026-02-08,Closed Lost,Budget constraints,2026-02-02,6,,65.0,65,0,4,12,2025,0,0,1,0,2,False,0.0,0.0,Excluded,0,Closed,Closed opportunity,No open-deal action,,,,,,,,,,Closed,0.0
577,4711,Mumbai,Maharashtra,West,Retail,Enterprise,225,False,69,4711,15,2,2025-05-22,2,Workflow Suite,Software,Outbound,Multi-year,New business,New,1294689.35,9.11,1176743.15,False,None,4,81.1,2025-10-11,Closed Lost,Qualified,2025-06-27,2025-06-27,Closed Lost,Budget constraints,2025-06-26,1,,36.0,36,0,2,5,2025,1,0,0,0,1,False,0.0,0.0,Excluded,0,Closed,Closed opportunity,No open-deal action,,,,,,,,,,Closed,0.0
578,13015,Mumbai,Maharashtra,West,Manufacturing,SMB,122,False,70,13015,22,2,2025-08-19,1,Cloud Enablement,Services,Referral,Project,New business,New,191113.23,1.49,188265.64,True,Competitor C,2,56.8,2025-12-11,Closed Lost,Proposal,2025-11-25,2025-11-25,Closed Lost,Competitor selected,2025-11-08,17,,98.0,98,0,3,8,2025,2,2,1,0,1,True,0.0,0.0,Excluded,0,Closed,Closed opportunity,No open-deal action,,,,,,,,,,Closed,0.0
579,3068,Jaipur,Rajasthan,North,IT Services,Enterprise,243,False,50,3068,35,3,2026-05-13,3,Data Advisory,Services,Referral,Project,New business,New,968897.74,9.02,881503.16,False,None,5,74.3,2026-08-29,Closed Won,Negotiation,2026-08-06,2026-08-06,Closed Won,,2026-08-01,5,,85.0,85,0,2,5,2026,2,0,0,1,0,True,1.0,0.0,Closed Won,0,Closed,Closed opportunity,No open-deal action,,,,,,,,,,Closed,0.0
580,4205,Mumbai,Maharashtra,West,Healthcare,SMB,70,False,45,4205,19,2,2025-01-09,4,Security Services,Services,Referral,Annual,New business,New,238122.33,2.55,232050.21,False,None,4,38.7,2025-04-13,Closed Won,Negotiation,2025-06-23,2025-06-23,Closed Won,,2025-06-20,3,,165.0,165,0,1,1,2025,1,0,0,1,3,True,1.0,0.0,Closed Won,0,Closed,Closed opportunity,No open-deal action,,,,,,,,,,Closed,0.0
581,6854,Bengaluru,Karnataka,South,Healthcare,Mid-market,231,False,42,6854,10,1,2023-05-20,2,Workflow Suite,Software,Referral,Project,New business,New,320190.08,7.52,296111.79,False,None,2,23.9,2023-07-25,Closed Lost,Lead,2023-05-27,2023-05-27,Closed Lost,Competitor selected,2023-05-26,1,,7.0,7,0,2,5,2023,0,1,1,0,1,False,0.0,0.0,Excluded,0,Closed,Closed opportunity,No open-deal action,,,,,,,,,,Closed,0.0
582,15011,Jaipur,Rajasthan,North,Retail,SMB,30,False,90,15011,27,3,2023-10-27,4,Security Services,Services,Partner,Annual,New business,New,168693.58,3.43,162907.39,False,None,2,37.8,2023-12-19,Closed Won,Negotiation,2024-02-23,2024-02-23,Closed Won,,2024-01-28,26,,119.0,119,0,4,10,2023,0,2,0,0,0,True,1.0,0.0,Closed Won,0,Closed,Closed opportunity,No open-deal action,,,,,,,,,,Closed,0.0
583,5806,Chennai,Tamil Nadu,South,Healthcare,SMB,71,False,59,5806,3,1,2024-12-19,3,Data Advisory,Services,Inbound,Annual,New business,New,217751.45,8.21,199874.06,False,None,1,81.3,2025-03-20,Closed Lost,Negotiation,2025-02-17,2025-02-17,Closed Lost,Budget constraints,2025-02-15,2,,60.0,60,0,4,12,2024,1,3,1,1,0,True,0.0,0.0,Excluded,0,Closed,Closed opportunity,No open-deal action,,,,,,,,,,Closed,0.0
584,11775,Pune,Maharashtra,West,Manufacturing,Mid-market,120,True,74,11775,18,2,2025-03-01,3,Data Advisory,Services,Referral,Project,Expansion,Existing,742046.04,3.2,718300.57,True,Competitor C,3,41.5,2025-06-11,Closed Lost,Qualified,2025-04-03,2025-04-03,Closed Lost,Product mismatch,2025-03-16,18,,33.0,33,0,1,3,2025,1,1,0,0,1,False,0.0,0.0,Excluded,0,Closed,Closed opportunity,No open-deal action,,,,,,,,,,Closed,0.0
585,4822,Jaipur,Rajasthan,North,BFSI,Mid-market,303,True,79,4822,36,3,2025-09-12,4,Security Services,Services,Referral,Annual,Renewal,Existing,1112190.22,7.6,1027663.76,True,Competitor C,4,33.0,2026-01-07,Closed Lost,Demo,2025-11-18,2025-11-18,Closed Lost,Other,2025-11-06,12,,67.0,67,0,3,9,2025,0,2,0,0,0,False,0.0,0.0,Excluded,0,Closed,Closed opportunity,No open-deal action,,,,,,,,,,Closed,0.0
586,4878,Pune,Maharashtra,West,Manufacturing,SMB,100,False,45,4878,14,2,2024-11-25,1,Cloud Enablement,Services,Outbound,Project,New business,New,134756.59,19.58,108371.25,False,None,1,45.7,2025-01-24,Closed Lost,Lead,2024-12-13,2024-12-13,Closed Lost,Budget constraints,2024-12-13,0,,18.0,18,0,4,11,2024,0,0,2,0,0,False,0.0,0.0,Excluded,0,Closed,Closed opportunity,No open-deal action,,,,,,,,,,Closed,0.0
587,16129,Pune,Maharashtra,West,Manufacturing,Mid-market,405,True,35,16129,22,2,2023-06-11,1,Cloud Enablement,Services,Referral,Multi-year,Expansion,Existing,2292469.98,3.69,2207877.84,True,Competitor A,4,15.7,2023-09-10,Closed Lost,Discovery,2023-09-14,2023-09-14,Closed Lost,Competitor selected,2023-09-03,11,,95.0,95,0,2,6,2023,0,2,0,0,0,False,0.0,0.0,Excluded,0,Closed,Closed opportunity,No open-deal action,,,,,,,,,,Closed,0.0
588,1091,Delhi,Delhi,North,Retail,SMB,90,False,52,1091,35,3,2025-03-09,1,Cloud Enablement,Services,Partner,Project,New business,New,301617.92,5.36,285451.2,False,None,2,71.2,2025-06-21,Closed Lost,Proposal,2025-06-12,2025-06-12,Closed Lost,Customer priorities changed,2025-06-11,1,,95.0,95,0,1,3,2025,0,5,3,0,0,True,0.0,0.0,Excluded,0,Closed,Closed opportunity,No open-deal action,,,,,,,,,,Closed,0.0
589,2294,Jaipur,Rajasthan,North,Retail,SMB,132,False,74,2294,29,3,2024-01-29,1,Cloud Enablement,Services,Referral,Annual,New business,New,183563.96,7.03,170659.41,True,Competitor B,3,18.7,2024-05-01,Closed Lost,Qualified,2024-02-29,2024-02-29,Closed Lost,Customer priorities changed,2024-02-25,4,,31.0,31,0,1,1,2024,1,1,0,0,1,False,0.0,0.0,Excluded,0,Closed,Closed opportunity,No open-deal action,,,,,,,,,,Closed,0.0
590,2869,Kolkata,West Bengal,East,BFSI,Enterprise,1107,False,49,2869,46,4,2025-08-08,4,Security Services,Services,Event,Project,New business,New,2906879.46,6.17,2727525.0,True,Competitor A,4,89.7,2025-12-15,Closed Lost,Negotiation,2025-09-29,2025-09-29,Closed Lost,Competitor selected,2025-09-15,14,,52.0,52,0,3,8,2025,1,2,3,0,1,True,0.0,0.0,Excluded,0,Closed,Closed opportunity,No open-deal action,,,,,,,,,,Closed,0.0
591,2690,Bhubaneswar,Odisha,East,Retail,SMB,144,True,64,2690,38,4,2024-07-12,2,Workflow Suite,Software,Inbound,Annual,Expansion,Existing,137807.64,7.07,128064.64,False,None,1,68.8,2024-09-20,Closed Lost,Qualified,2024-08-11,2024-08-11,Closed Lost,Other,2024-08-02,9,,30.0,30,0,3,7,2024,0,0,0,0,2,False,0.0,0.0,Excluded,0,Closed,Closed opportunity,No open-deal action,,,,,,,,,,Closed,0.0
592,8679,Delhi,Delhi,North,Manufacturing,Mid-market,381,False,82,8679,34,3,2026-06-15,4,Security Services,Services,Inbound,Multi-year,New business,New,844025.48,10.01,759538.53,False,None,1,36.2,2026-09-01,Closed Lost,Qualified,2026-07-17,2026-07-17,Closed Lost,Timing,2026-06-26,21,,32.0,32,0,2,6,2026,0,0,0,0,1,False,0.0,0.0,Excluded,0,Closed,Closed opportunity,No open-deal action,,,,,,,,,,Closed,0.0
593,2716,Pune,Maharashtra,West,Healthcare,Enterprise,945,False,53,2716,13,2,2023-07-24,1,Cloud Enablement,Services,Event,Annual,New business,New,3208721.8,8.61,2932450.85,False,None,5,47.1,2023-11-22,Closed Lost,Demo,2023-10-17,2023-10-17,Closed Lost,No decision,2023-10-11,6,,85.0,85,0,3,7,2023,0,2,2,0,0,False,0.0,0.0,Excluded,0,Closed,Closed opportunity,No open-deal action,,,,,,,,,,Closed,0.0
594,13765,Pune,Maharashtra,West,Healthcare,Mid-market,291,False,79,13765,18,2,2026-04-04,3,Data Advisory,Services,Partner,Multi-year,New business,New,1306710.96,6.37,1223473.47,False,None,3,69.2,2026-08-24,Closed Lost,Proposal,2026-06-30,2026-06-30,Closed Lost,Budget constraints,2026-06-14,16,,87.0,87,0,2,4,2026,0,3,0,1,0,True,0.0,0.0,Excluded,0,Closed,Closed opportunity,No open-deal action,,,,,,,,,,Closed,0.0
595,11083,Jaipur,Rajasthan,North,Manufacturing,SMB,129,False,65,11083,35,3,2023-08-02,3,Data Advisory,Services,Outbound,Annual,New business,New,286016.48,13.28,248033.49,True,Competitor B,4,77.5,2023-11-22,Closed Lost,Discovery,2023-09-14,2023-09-14,Closed Lost,Competitor selected,2023-09-06,8,,43.0,43,0,3,8,2023,0,2,1,0,0,False,0.0,0.0,Excluded,0,Closed,Closed opportunity,No open-deal action,,,,,,,,,,Closed,0.0
596,6397,Delhi,Delhi,North,Retail,Enterprise,819,False,51,6397,26,3,2024-08-08,4,Security Services,Services,Outbound,Annual,New business,New,1247474.2,7.94,1148424.75,True,Competitor B,5,49.0,2024-10-31,Closed Lost,Proposal,2024-12-16,2024-12-16,Closed Lost,Internal approval delay,2024-12-13,3,,130.0,130,0,3,8,2024,2,3,1,0,0,True,0.0,0.0,Excluded,0,Closed,Closed opportunity,No open-deal action,,,,,,,,,,Closed,0.0
597,7144,Chennai,Tamil Nadu,South,Manufacturing,Enterprise,450,False,82,7144,6,1,2024-08-26,1,Cloud Enablement,Services,Referral,Annual,New business,New,1085016.82,4.39,1037384.58,True,Competitor C,5,50.8,2025-01-19,Closed Lost,Discovery,2024-10-29,2024-10-29,Closed Lost,Poor engagement,2024-09-28,31,,64.0,64,0,3,8,2024,1,1,1,0,0,False,0.0,0.0,Excluded,0,Closed,Closed opportunity,No open-deal action,,,,,,,,,,Closed,0.0
598,6675,Delhi,Delhi,North,Healthcare,Mid-market,129,False,90,6675,32,3,2026-01-20,2,Workflow Suite,Software,Outbound,Multi-year,New business,New,520215.48,1.86,510539.47,True,Competitor C,2,76.6,2026-04-26,Closed Lost,Discovery,2026-02-20,2026-02-20,Closed Lost,Other,2026-02-20,0,,31.0,31,0,1,1,2026,0,2,2,0,2,False,0.0,0.0,Excluded,0,Closed,Closed opportunity,No open-deal action,,,,,,,,,,Closed,0.0
599,8187,Pune,Maharashtra,West,BFSI,SMB,114,False,64,8187,13,2,2024-10-17,1,Cloud Enablement,Services,Event,Project,New business,New,264956.31,5.52,250330.72,False,None,4,43.0,2025-02-20,Closed Lost,Discovery,2024-11-20,2024-11-20,Closed Lost,Internal approval delay,2024-11-04,16,,34.0,34,0,4,10,2024,1,0,1,0,1,False,0.0,0.0,Excluded,0,Closed,Closed opportunity,No open-deal action,,,,,,,,,,Closed,0.0
600,15249,Bhubaneswar,Odisha,East,IT Services,Enterprise,324,False,66,15249,47,4,2024-06-21,3,Data Advisory,Services,Outbound,Project,New business,New,1314418.74,15.54,1110158.07,True,Competitor A,5,23.7,2024-10-19,Closed Lost,Lead,2024-08-01,2024-08-01,Closed Lost,Budget constraints,2024-07-29,3,,41.0,41,0,2,6,2024,1,3,0,0,0,False,0.0,0.0,Excluded,0,Closed,Closed opportunity,No open-deal action,,,,,,,,,,Closed,0.0
601,4460,Jaipur,Rajasthan,North,BFSI,Enterprise,648,True,56,4460,25,3,2024-02-19,4,Security Services,Services,Outbound,Project,Expansion,Existing,2148397.75,5.17,2037325.59,False,None,4,39.4,2024-06-17,Closed Lost,Proposal,2024-04-29,2024-04-29,Closed Lost,Pricing,2024-03-30,30,,70.0,70,0,1,2,2024,0,0,2,0,3,True,0.0,0.0,Excluded,0,Closed,Closed opportunity,No open-deal action,,,,,,,,,,Closed,0.0
602,7113,Bhubaneswar,Odisha,East,IT Services,SMB,121,True,68,7113,46,4,2023-08-12,1,Cloud Enablement,Services,Event,Annual,Expansion,Existing,243654.14,7.14,226257.23,False,None,4,94.2,2023-12-03,Closed Won,Negotiation,2023-11-27,2023-11-27,Closed Won,,2023-11-12,15,,107.0,107,0,3,8,2023,1,1,0,0,1,True,1.0,0.0,Closed Won,0,Closed,Closed opportunity,No open-deal action,,,,,,,,,,Closed,0.0
603,5732,Bengaluru,Karnataka,South,IT Services,Mid-market,414,False,63,5732,5,1,2025-09-27,2,Workflow Suite,Software,Event,Annual,New business,New,384473.26,3.37,371516.51,True,Competitor C,4,63.0,2026-01-03,Closed Won,Negotiation,2026-01-25,2026-01-25,Closed Won,,2026-01-19,6,,120.0,120,0,3,9,2025,1,2,1,0,0,True,1.0,0.0,Closed Won,0,Closed,Closed opportunity,No open-deal action,,,,,,,,,,Closed,0.0
604,2837,Bhubaneswar,Odisha,East,BFSI,Mid-market,306,True,43,2837,44,4,2024-12-23,2,Workflow Suite,Software,Event,Multi-year,Renewal,Existing,1074457.74,4.55,1025569.91,False,None,3,53.4,2025-04-22,Closed Lost,Demo,2025-04-23,2025-04-23,Closed Lost,Competitor selected,2025-03-09,45,,121.0,121,0,4,12,2024,0,1,2,0,0,False,0.0,0.0,Excluded,0,Closed,Closed opportunity,No open-deal action,,,,,,,,,,Closed,0.0
605,10091,Chennai,Tamil Nadu,South,IT Services,SMB,138,False,90,10091,5,1,2023-10-01,4,Security Services,Services,Outbound,Project,New business,New,546145.28,6.71,509498.93,True,Competitor C,3,38.9,2023-12-14,Closed Lost,Qualified,2023-10-31,2023-10-31,Closed Lost,Timing,2023-10-19,12,,30.0,30,0,4,10,2023,1,0,2,0,0,False,0.0,0.0,Excluded,0,Closed,Closed opportunity,No open-deal action,,,,,,,,,,Closed,0.0
606,3045,Chennai,Tamil Nadu,South,Healthcare,SMB,111,False,35,3045,10,1,2026-05-09,4,Security Services,Services,Partner,Annual,New business,New,457834.97,10.04,411868.34,False,None,4,23.2,2026-08-12,Closed Lost,Qualified,2026-07-11,2026-07-11,Closed Lost,No decision,2026-06-12,29,,63.0,63,0,2,5,2026,1,0,0,0,1,False,0.0,0.0,Excluded,0,Closed,Closed opportunity,No open-deal action,,,,,,,,,,Closed,0.0
607,11995,Bhubaneswar,Odisha,East,Healthcare,Enterprise,1134,False,78,11995,38,4,2023-12-10,1,Cloud Enablement,Services,Inbound,Annual,New business,New,1674951.89,6.49,1566247.51,True,Competitor B,3,29.1,2024-04-30,Closed Lost,Discovery,2024-04-15,2024-04-15,Closed Lost,Competitor selected,2024-01-28,78,,127.0,127,0,4,12,2023,0,0,2,0,0,False,0.0,0.0,Excluded,0,Closed,Closed opportunity,No open-deal action,,,,,,,,,,Closed,0.0
608,14168,Chennai,Tamil Nadu,South,Healthcare,Mid-market,258,False,95,14168,7,1,2025-12-18,2,Workflow Suite,Software,Inbound,Project,New business,New,355696.08,2.33,347408.36,True,Competitor B,4,21.4,2026-05-09,Closed Lost,Lead,2026-01-01,2026-01-01,Closed Lost,Competitor selected,2025-12-29,3,,14.0,14,0,4,12,2025,1,0,1,0,1,False,0.0,0.0,Excluded,0,Closed,Closed opportunity,No open-deal action,,,,,,,,,,Closed,0.0
609,10648,Bengaluru,Karnataka,South,BFSI,Enterprise,531,True,44,10648,12,1,2024-05-12,3,Data Advisory,Services,Outbound,Annual,Renewal,Existing,3371722.48,7.63,3114460.05,False,None,5,22.6,2024-08-13,Closed Lost,Qualified,2024-05-31,2024-05-31,Closed Lost,Pricing,2024-05-21,10,,19.0,19,0,2,5,2024,2,0,1,0,0,False,0.0,0.0,Excluded,0,Closed,Closed opportunity,No open-deal action,,,,,,,,,,Closed,0.0
610,7999,Chennai,Tamil Nadu,South,Manufacturing,Mid-market,291,False,82,7999,9,1,2024-06-28,1,Cloud Enablement,Services,Referral,Multi-year,New business,New,951803.54,12.35,834255.8,False,None,4,17.0,2024-10-30,Closed Lost,Qualified,2024-08-25,2024-08-25,Closed Lost,Pricing,2024-08-18,7,,58.0,58,0,2,6,2024,1,1,1,0,0,False,0.0,0.0,Excluded,0,Closed,Closed opportunity,No open-deal action,,,,,,,,,,Closed,0.0
611,11886,Chennai,Tamil Nadu,South,Retail,SMB,99,False,43,11886,5,1,2025-06-09,1,Cloud Enablement,Services,Inbound,Annual,New business,New,317476.29,20.58,252139.67,False,None,1,78.3,2025-09-16,Closed Lost,Discovery,2025-07-26,2025-07-26,Closed Lost,Competitor selected,2025-07-19,7,,47.0,47,0,2,6,2025,0,4,0,0,0,False,0.0,0.0,Excluded,0,Closed,Closed opportunity,No open-deal action,,,,,,,,,,Closed,0.0
612,13061,Mumbai,Maharashtra,West,BFSI,SMB,68,False,67,13061,24,2,2025-02-23,1,Cloud Enablement,Services,Event,Annual,New business,New,191261.06,21.89,149394.01,True,Competitor C,4,95.6,2025-06-09,Closed Won,Negotiation,2025-06-20,2025-06-20,Closed Won,,2025-05-21,30,,117.0,117,0,1,2,2025,0,1,2,0,2,True,1.0,0.0,Closed Won,0,Closed,Closed opportunity,No open-deal action,,,,,,,,,,Closed,0.0
613,8318,Pune,Maharashtra,West,Manufacturing,Mid-market,309,False,78,8318,18,2,2026-07-26,4,Security Services,Services,Inbound,Project,New business,New,760848.66,4.07,729882.12,False,None,4,28.8,2026-10-27,Closed Lost,Lead,2026-08-15,2026-08-15,Closed Lost,Pricing,2026-08-15,0,,20.0,20,0,3,7,2026,0,3,2,0,1,False,0.0,0.0,Excluded,0,Closed,Closed opportunity,No open-deal action,,,,,,,,,,Closed,0.0
614,9541,Bengaluru,Karnataka,South,IT Services,SMB,76,True,51,9541,11,1,2024-01-31,4,Security Services,Services,Partner,Annual,Expansion,Existing,238767.4,9.83,215296.56,False,None,3,55.4,2024-05-01,Closed Lost,Lead,2024-02-10,2024-02-10,Closed Lost,Customer priorities changed,2024-02-07,3,,10.0,10,0,1,1,2024,0,1,0,0,0,False,0.0,0.0,Excluded,0,Closed,Closed opportunity,No open-deal action,,,,,,,,,,Closed,0.0
615,5318,Bengaluru,Karnataka,South,Retail,Mid-market,87,False,84,5318,11,1,2023-03-01,1,Cloud Enablement,Services,Referral,Annual,New business,New,651980.34,11.42,577524.19,True,Competitor C,1,46.5,2023-04-21,Closed Lost,Proposal,2023-05-03,2023-05-03,Closed Lost,Customer priorities changed,2023-05-02,1,,63.0,63,0,1,3,2023,0,0,1,1,0,True,0.0,0.0,Excluded,0,Closed,Closed opportunity,No open-deal action,,,,,,,,,,Closed,0.0
616,3499,Bengaluru,Karnataka,South,Retail,Mid-market,423,False,90,3499,12,1,2024-12-26,4,Security Services,Services,Outbound,Annual,New business,New,1374455.97,9.38,1245532.0,True,Competitor A,1,68.4,2025-03-26,Closed Lost,Proposal,2025-05-04,2025-05-04,Closed Lost,Competitor selected,2025-04-21,13,,129.0,129,0,4,12,2024,2,0,1,0,0,True,0.0,0.0,Excluded,0,Closed,Closed opportunity,No open-deal action,,,,,,,,,,Closed,0.0
617,987,Delhi,Delhi,North,IT Services,SMB,47,False,59,987,29,3,2026-07-23,2,Workflow Suite,Software,Outbound,Annual,New business,New,222982.98,9.25,202357.05,False,None,4,78.7,2026-12-04,Demo,Discovery,2026-08-11,,Open,,2026-08-30,1,2026-09-06,,39,20,3,7,2026,0,1,1,1,0,False,0.49543899657924745,100255.5738027366,Best Case,0,Low,,,8.333333333333332,12.083333333333334,9.791666666666666,9.8375,12.5,6.192987457240593,12.5,12.5,83.7,Healthy,0.0
618,4147,Pune,Maharashtra,West,IT Services,SMB,93,False,36,4147,17,2,2024-07-23,3,Data Advisory,Services,Inbound,Project,New business,New,431974.14,11.58,381951.53,False,None,1,37.2,2024-10-19,Closed Lost,Demo,2024-09-30,2024-09-30,Closed Lost,Competitor selected,2024-09-08,22,,69.0,69,0,3,7,2024,0,1,1,0,1,False,0.0,0.0,Excluded,0,Closed,Closed opportunity,No open-deal action,,,,,,,,,,Closed,0.0
619,5658,Kolkata,West Bengal,East,Retail,SMB,135,False,60,5658,39,4,2025-01-15,2,Workflow Suite,Software,Inbound,Annual,New business,New,282111.92,1.53,277795.61,True,Competitor A,2,27.7,2025-05-24,Closed Lost,Proposal,2025-04-11,2025-04-11,Closed Lost,Customer priorities changed,2025-04-02,9,,86.0,86,0,1,1,2025,0,0,1,1,2,True,0.0,0.0,Excluded,0,Closed,Closed opportunity,No open-deal action,,,,,,,,,,Closed,0.0
620,2283,Mumbai,Maharashtra,West,BFSI,Mid-market,402,False,83,2283,14,2,2024-06-26,2,Workflow Suite,Software,Referral,Annual,New business,New,524080.89,1.16,518001.55,True,Competitor C,3,37.7,2024-10-06,Closed Lost,Proposal,2024-12-04,2024-12-04,Closed Lost,Budget constraints,2024-10-12,53,,161.0,161,0,2,6,2024,0,3,0,0,2,True,0.0,0.0,Excluded,0,Closed,Closed opportunity,No open-deal action,,,,,,,,,,Closed,0.0
621,14550,Jaipur,Rajasthan,North,Healthcare,Enterprise,1089,False,83,14550,35,3,2025-08-17,3,Data Advisory,Services,Inbound,Project,New business,New,4654870.44,11.67,4111647.06,True,Competitor B,5,69.4,2025-11-24,Closed Lost,Lead,2025-08-24,2025-08-24,Closed Lost,Competitor selected,2025-08-23,1,,7.0,7,0,3,8,2025,0,4,0,0,0,False,0.0,0.0,Excluded,0,Closed,Closed opportunity,No open-deal action,,,,,,,,,,Closed,0.0
622,1683,Bengaluru,Karnataka,South,Healthcare,SMB,82,False,44,1683,3,1,2024-05-24,3,Data Advisory,Services,Referral,Annual,New business,New,318910.42,17.65,262622.73,True,Competitor C,3,37.1,2024-08-23,Closed Lost,Negotiation,2024-10-09,2024-10-09,Closed Lost,Competitor selected,2024-08-09,61,,138.0,138,0,2,5,2024,0,2,1,0,0,True,0.0,0.0,Excluded,0,Closed,Closed opportunity,No open-deal action,,,,,,,,,,Closed,0.0
623,5535,Bengaluru,Karnataka,South,Retail,Mid-market,231,True,64,5535,3,1,2025-07-22,4,Security Services,Services,Partner,Annual,Renewal,Existing,549377.89,4.54,524436.13,False,None,3,46.0,2025-11-25,Closed Lost,Discovery,2025-09-08,2025-09-08,Closed Lost,Internal approval delay,2025-09-08,0,,48.0,48,0,3,7,2025,1,1,2,0,1,False,0.0,0.0,Excluded,0,Closed,Closed opportunity,No open-deal action,,,,,,,,,,Closed,0.0
624,10188,Mumbai,Maharashtra,West,BFSI,Enterprise,252,True,91,10188,19,2,2025-08-26,2,Workflow Suite,Software,Referral,Annual,Renewal,Existing,1307720.51,15.33,1107246.96,False,None,5,47.8,2025-12-27,Closed Lost,Discovery,2026-01-13,2026-01-13,Closed Lost,Customer priorities changed,2025-12-04,40,,140.0,140,0,3,8,2025,0,2,0,0,0,False,0.0,0.0,Excluded,0,Closed,Closed opportunity,No open-deal action,,,,,,,,,,Closed,0.0
625,2599,Bhubaneswar,Odisha,East,Retail,SMB,132,False,95,2599,45,4,2023-07-13,2,Workflow Suite,Software,Referral,Annual,New business,New,264827.93,7.54,244859.9,False,None,1,55.5,2023-09-28,Closed Lost,Qualified,2023-08-01,2023-08-01,Closed Lost,Competitor selected,2023-07-29,3,,19.0,19,0,3,7,2023,0,2,3,0,1,False,0.0,0.0,Excluded,0,Closed,Closed opportunity,No open-deal action,,,,,,,,,,Closed,0.0
626,13174,Bengaluru,Karnataka,South,Healthcare,SMB,108,False,65,13174,10,1,2025-11-05,3,Data Advisory,Services,Event,Annual,New business,New,617524.85,2.81,600172.4,True,Competitor C,4,56.3,2026-03-20,Closed Lost,Lead,2025-11-19,2025-11-19,Closed Lost,Internal approval delay,2025-11-18,1,,14.0,14,0,4,11,2025,0,4,0,0,2,False,0.0,0.0,Excluded,0,Closed,Closed opportunity,No open-deal action,,,,,,,,,,Closed,0.0
627,11273,Delhi,Delhi,North,Manufacturing,SMB,97,False,57,11273,31,3,2025-02-25,4,Security Services,Services,Partner,Multi-year,New business,New,500252.42,3.6,482243.33,False,None,1,23.3,2025-05-26,Closed Lost,Lead,2025-03-09,2025-03-09,Closed Lost,Other,2025-03-07,2,,12.0,12,0,1,2,2025,1,1,2,0,2,False,0.0,0.0,Excluded,0,Closed,Closed opportunity,No open-deal action,,,,,,,,,,Closed,0.0
628,11420,Delhi,Delhi,North,Retail,Mid-market,99,True,79,11420,31,3,2025-12-15,1,Cloud Enablement,Services,Partner,Project,Expansion,Existing,280205.04,3.93,269192.98,False,None,4,96.8,2026-02-25,Closed Won,Negotiation,2026-03-28,2026-03-28,Closed Won,,2026-03-24,4,,103.0,103,0,4,12,2025,1,0,0,0,2,True,1.0,0.0,Closed Won,0,Closed,Closed opportunity,No open-deal action,,,,,,,,,,Closed,0.0
629,12836,Chennai,Tamil Nadu,South,IT Services,Mid-market,432,False,53,12836,1,1,2024-07-08,1,Cloud Enablement,Services,Inbound,Multi-year,New business,New,1850761.14,14.14,1589063.51,True,Competitor B,1,55.9,2024-09-10,Closed Lost,Proposal,2024-11-21,2024-11-21,Closed Lost,Poor engagement,2024-10-08,44,,136.0,136,0,3,7,2024,0,1,1,0,1,True,0.0,0.0,Excluded,0,Closed,Closed opportunity,No open-deal action,,,,,,,,,,Closed,0.0
630,15058,Pune,Maharashtra,West,BFSI,SMB,135,False,61,15058,21,2,2024-09-25,4,Security Services,Services,Partner,Project,New business,New,260429.25,1.94,255376.92,False,None,4,52.8,2025-02-25,Closed Lost,Lead,2024-09-28,2024-09-28,Closed Lost,Pricing,2024-09-28,0,,3.0,3,0,3,9,2024,0,2,0,0,1,False,0.0,0.0,Excluded,0,Closed,Closed opportunity,No open-deal action,,,,,,,,,,Closed,0.0
631,8752,Chennai,Tamil Nadu,South,Manufacturing,Mid-market,177,False,81,8752,5,1,2025-02-11,3,Data Advisory,Services,Inbound,Multi-year,New business,New,2225544.65,7.56,2057293.47,False,None,4,30.2,2025-06-24,Closed Lost,Lead,2025-02-20,2025-02-20,Closed Lost,Product mismatch,2025-02-19,1,,9.0,9,0,1,2,2025,1,1,0,0,0,False,0.0,0.0,Excluded,0,Closed,Closed opportunity,No open-deal action,,,,,,,,,,Closed,0.0
632,15108,Chennai,Tamil Nadu,South,BFSI,Mid-market,345,False,59,15108,8,1,2023-06-10,2,Workflow Suite,Software,Outbound,Project,New business,New,1432949.08,11.3,1271025.83,False,None,4,46.3,2023-09-18,Closed Lost,Negotiation,2023-10-02,2023-10-02,Closed Lost,Timing,2023-08-24,39,,114.0,114,0,2,6,2023,0,1,2,0,1,True,0.0,0.0,Excluded,0,Closed,Closed opportunity,No open-deal action,,,,,,,,,,Closed,0.0
633,15657,Pune,Maharashtra,West,IT Services,Mid-market,186,True,72,15657,19,2,2025-06-24,4,Security Services,Services,Event,Multi-year,Renewal,Existing,851121.66,2.87,826694.47,True,Competitor B,2,21.3,2025-10-21,Closed Lost,Negotiation,2026-03-20,2026-03-20,Closed Lost,Competitor selected,2025-09-23,178,,269.0,269,0,2,6,2025,0,0,0,0,1,True,0.0,0.0,Excluded,0,Closed,Closed opportunity,No open-deal action,,,,,,,,,,Closed,0.0
634,15766,Mumbai,Maharashtra,West,Retail,SMB,101,False,69,15766,16,2,2024-07-18,2,Workflow Suite,Software,Partner,Annual,New business,New,107818.83,2.73,104875.38,False,None,2,67.2,2024-10-22,Closed Lost,Proposal,2024-11-27,2024-11-27,Closed Lost,Competitor selected,2024-11-07,20,,132.0,132,0,3,7,2024,1,0,1,0,0,True,0.0,0.0,Excluded,0,Closed,Closed opportunity,No open-deal action,,,,,,,,,,Closed,0.0
635,14581,Chennai,Tamil Nadu,South,Healthcare,Mid-market,132,False,45,14581,10,1,2026-02-11,3,Data Advisory,Services,Partner,Annual,New business,New,522123.21,7.47,483120.61,True,Competitor B,3,63.9,2026-04-23,Closed Lost,Qualified,2026-02-28,2026-02-28,Closed Lost,Customer priorities changed,2026-02-18,10,,17.0,17,0,1,2,2026,0,3,0,0,0,False,0.0,0.0,Excluded,0,Closed,Closed opportunity,No open-deal action,,,,,,,,,,Closed,0.0
636,12824,Kolkata,West Bengal,East,BFSI,SMB,74,True,40,12824,44,4,2023-05-14,2,Workflow Suite,Software,Partner,Project,Renewal,Existing,294522.91,6.38,275732.35,False,None,2,47.9,2023-08-06,Closed Won,Negotiation,2023-08-30,2023-08-30,Closed Won,,2023-08-24,6,,108.0,108,0,2,5,2023,0,1,0,1,0,True,1.0,0.0,Closed Won,0,Closed,Closed opportunity,No open-deal action,,,,,,,,,,Closed,0.0
637,16337,Bhubaneswar,Odisha,East,Retail,Mid-market,438,False,79,16337,40,4,2024-01-16,1,Cloud Enablement,Services,Inbound,Annual,New business,New,769461.68,9.47,696593.66,True,Competitor B,1,92.0,2024-05-08,Closed Won,Negotiation,2024-04-17,2024-04-17,Closed Won,,2024-03-26,22,,92.0,92,0,1,1,2024,1,0,3,0,0,True,1.0,0.0,Closed Won,0,Closed,Closed opportunity,No open-deal action,,,,,,,,,,Closed,0.0
638,7967,Chennai,Tamil Nadu,South,IT Services,Mid-market,285,False,81,7967,5,1,2025-07-24,2,Workflow Suite,Software,Referral,Project,New business,New,587914.72,3.35,568219.58,False,None,1,31.2,2025-11-09,Closed Lost,Demo,2025-10-01,2025-10-01,Closed Lost,Competitor selected,2025-09-20,11,,69.0,69,0,3,7,2025,0,1,0,0,1,False,0.0,0.0,Excluded,0,Closed,Closed opportunity,No open-deal action,,,,,,,,,,Closed,0.0
639,3207,Bhubaneswar,Odisha,East,IT Services,Mid-market,435,False,79,3207,42,4,2023-05-08,4,Security Services,Services,Referral,Annual,New business,New,895795.38,4.38,856559.54,False,None,2,57.7,2023-08-10,Closed Lost,Lead,2023-05-15,2023-05-15,Closed Lost,Procurement delay,2023-05-13,2,,7.0,7,0,2,5,2023,2,1,1,0,1,False,0.0,0.0,Excluded,0,Closed,Closed opportunity,No open-deal action,,,,,,,,,,Closed,0.0
640,5798,Delhi,Delhi,North,BFSI,Enterprise,1224,True,62,5798,31,3,2024-04-15,1,Cloud Enablement,Services,Referral,Annual,Expansion,Existing,4181256.17,4.6,3988918.39,False,None,3,76.6,2024-09-02,Closed Won,Negotiation,2024-08-04,2024-08-04,Closed Won,,2024-07-29,6,,111.0,111,0,2,4,2024,1,2,1,2,0,True,1.0,0.0,Closed Won,0,Closed,Closed opportunity,No open-deal action,,,,,,,,,,Closed,0.0
641,4373,Chennai,Tamil Nadu,South,Healthcare,SMB,148,False,49,4373,8,1,2024-07-12,4,Security Services,Services,Partner,Annual,New business,New,299208.92,9.8,269886.45,True,Competitor C,1,66.1,2024-11-02,Closed Lost,Proposal,2024-10-20,2024-10-20,Closed Lost,Competitor selected,2024-10-20,0,,100.0,100,0,3,7,2024,0,2,2,0,0,True,0.0,0.0,Excluded,0,Closed,Closed opportunity,No open-deal action,,,,,,,,,,Closed,0.0
642,1314,Kolkata,West Bengal,East,Manufacturing,SMB,53,True,73,1314,47,4,2024-09-18,3,Data Advisory,Services,Partner,Multi-year,Expansion,Existing,751246.58,3.07,728183.31,True,Competitor B,4,47.5,2025-01-15,Closed Lost,Proposal,2024-12-29,2024-12-29,Closed Lost,Budget constraints,2024-12-24,5,,102.0,102,0,3,9,2024,1,0,1,0,0,True,0.0,0.0,Excluded,0,Closed,Closed opportunity,No open-deal action,,,,,,,,,,Closed,0.0
643,8584,Bengaluru,Karnataka,South,BFSI,Enterprise,711,False,71,8584,3,1,2024-12-07,1,Cloud Enablement,Services,Outbound,Project,New business,New,2724801.2,1.24,2691013.67,False,None,5,45.5,2025-03-13,Closed Lost,Qualified,2025-01-19,2025-01-19,Closed Lost,Pricing,2025-01-05,14,,43.0,43,0,4,12,2024,0,1,1,0,1,False,0.0,0.0,Excluded,0,Closed,Closed opportunity,No open-deal action,,,,,,,,,,Closed,0.0
644,15599,Bengaluru,Karnataka,South,BFSI,SMB,123,False,87,15599,8,1,2026-05-16,1,Cloud Enablement,Services,Event,Project,New business,New,636601.43,5.67,600506.13,True,Competitor A,4,53.1,2026-08-20,Closed Lost,Qualified,2026-07-15,2026-07-15,Closed Lost,Pricing,2026-07-10,5,,60.0,60,0,2,5,2026,0,2,0,0,0,False,0.0,0.0,Excluded,0,Closed,Closed opportunity,No open-deal action,,,,,,,,,,Closed,0.0
645,14804,Mumbai,Maharashtra,West,BFSI,Mid-market,384,True,95,14804,19,2,2025-10-03,2,Workflow Suite,Software,Event,Multi-year,Renewal,Existing,1847923.82,5.76,1741483.41,True,Competitor C,2,71.9,2026-02-27,Closed Lost,Proposal,2026-01-06,2026-01-06,Closed Lost,Procurement delay,2025-12-25,12,,95.0,95,0,4,10,2025,0,3,2,0,0,True,0.0,0.0,Excluded,0,Closed,Closed opportunity,No open-deal action,,,,,,,,,,Closed,0.0
646,4758,Chennai,Tamil Nadu,South,Healthcare,Mid-market,399,False,81,4758,8,1,2023-04-06,2,Workflow Suite,Software,Event,Project,New business,New,1036865.1,16.79,862775.45,False,None,2,24.0,2023-07-27,Closed Lost,Discovery,2023-05-30,2023-05-30,Closed Lost,Budget constraints,2023-05-28,2,,54.0,54,0,2,4,2023,1,2,2,0,0,False,0.0,0.0,Excluded,0,Closed,Closed opportunity,No open-deal action,,,,,,,,,,Closed,0.0
647,6648,Kolkata,West Bengal,East,Manufacturing,Mid-market,207,False,41,6648,37,4,2026-06-13,3,Data Advisory,Services,Outbound,Multi-year,New business,New,1709025.94,5.29,1618618.47,False,None,2,63.9,2026-09-06,Proposal,Demo,2026-08-19,,Open,,2026-08-22,9,2026-08-25,,79,12,2,6,2026,0,2,1,0,0,True,0.5816749478670545,941509.8141539015,Best Case,20,Low,Close date pressure; No future follow-up,Confirm procurement milestones; Schedule a dated next action,10.416666666666668,8.75,7.013888888888889,7.9875,12.5,7.270936848338182,12.5,0.0,66.4,Watch,188301.9628307803
648,2567,Kolkata,West Bengal,East,IT Services,Mid-market,294,False,40,2567,43,4,2024-09-04,2,Workflow Suite,Software,Event,Multi-year,New business,New,1077362.13,5.58,1017245.32,False,None,4,60.9,2024-12-02,Closed Lost,Negotiation,2024-12-24,2024-12-24,Closed Lost,Procurement delay,2024-12-16,8,,111.0,111,0,3,9,2024,1,1,1,0,0,True,0.0,0.0,Excluded,0,Closed,Closed opportunity,No open-deal action,,,,,,,,,,Closed,0.0
649,7260,Chennai,Tamil Nadu,South,Retail,Mid-market,288,False,64,7260,6,1,2023-01-14,3,Data Advisory,Services,Event,Multi-year,New business,New,1174939.86,7.76,1083764.53,False,None,3,45.4,2023-05-08,Closed Lost,Negotiation,2023-05-12,2023-05-12,Closed Lost,Competitor selected,2023-03-05,68,,118.0,118,0,1,1,2023,1,1,1,0,0,True,0.0,0.0,Excluded,0,Closed,Closed opportunity,No open-deal action,,,,,,,,,,Closed,0.0
650,1415,Delhi,Delhi,North,BFSI,Enterprise,279,False,53,1415,27,3,2024-02-06,1,Cloud Enablement,Services,Event,Annual,New business,New,1028253.68,1.51,1012727.05,False,None,5,86.9,2024-06-06,Closed Lost,Lead,2024-02-20,2024-02-20,Closed Lost,Competitor selected,2024-02-20,0,,14.0,14,0,1,2,2024,1,1,5,0,0,False,0.0,0.0,Excluded,0,Closed,Closed opportunity,No open-deal action,,,,,,,,,,Closed,0.0
651,1723,Jaipur,Rajasthan,North,Retail,Mid-market,240,True,77,1723,31,3,2023-03-03,3,Data Advisory,Services,Partner,Annual,Renewal,Existing,1980338.79,2.35,1933800.83,False,None,1,68.5,2023-06-16,Closed Lost,Negotiation,2023-07-14,2023-07-14,Closed Lost,No decision,2023-07-01,13,,133.0,133,0,1,3,2023,0,2,2,0,0,True,0.0,0.0,Excluded,0,Closed,Closed opportunity,No open-deal action,,,,,,,,,,Closed,0.0
652,4077,Bhubaneswar,Odisha,East,BFSI,SMB,129,False,49,4077,38,4,2024-09-01,3,Data Advisory,Services,Referral,Project,New business,New,469074.03,5.33,444072.38,False,None,2,81.5,2024-11-26,Closed Won,Negotiation,2024-11-11,2024-11-11,Closed Won,,2024-11-04,7,,71.0,71,0,3,9,2024,0,3,1,1,2,True,1.0,0.0,Closed Won,0,Closed,Closed opportunity,No open-deal action,,,,,,,,,,Closed,0.0
653,11991,Bengaluru,Karnataka,South,Retail,Enterprise,252,False,87,11991,1,1,2025-09-09,1,Cloud Enablement,Services,Event,Annual,New business,New,963155.65,3.18,932527.3,True,Competitor A,4,77.2,2026-01-04,Closed Lost,Discovery,2025-11-05,2025-11-05,Closed Lost,Competitor selected,2025-11-02,3,,57.0,57,0,3,9,2025,1,0,2,0,0,False,0.0,0.0,Excluded,0,Closed,Closed opportunity,No open-deal action,,,,,,,,,,Closed,0.0
654,14237,Bhubaneswar,Odisha,East,Healthcare,Enterprise,1071,False,85,14237,44,4,2023-07-24,2,Workflow Suite,Software,Outbound,Annual,New business,New,1016948.11,19.46,819050.01,True,Competitor B,5,43.4,2023-12-06,Closed Lost,Lead,2023-08-12,2023-08-12,Closed Lost,Competitor selected,2023-08-06,6,,19.0,19,0,3,7,2023,0,3,0,0,0,False,0.0,0.0,Excluded,0,Closed,Closed opportunity,No open-deal action,,,,,,,,,,Closed,0.0
655,14224,Delhi,Delhi,North,BFSI,Mid-market,99,False,79,14224,29,3,2024-01-21,3,Data Advisory,Services,Partner,Project,New business,New,890771.09,9.53,805880.61,True,Competitor C,2,36.1,2024-03-30,Closed Lost,Lead,2024-01-27,2024-01-27,Closed Lost,Competitor selected,2024-01-21,6,,6.0,6,0,1,1,2024,0,1,0,0,0,False,0.0,0.0,Excluded,0,Closed,Closed opportunity,No open-deal action,,,,,,,,,,Closed,0.0
656,15818,Delhi,Delhi,North,BFSI,SMB,35,True,54,15818,27,3,2025-05-09,3,Data Advisory,Services,Outbound,Annual,Renewal,Existing,525698.38,9.08,477964.97,False,None,3,47.5,2025-07-10,Closed Won,Negotiation,2025-08-21,2025-08-21,Closed Won,,2025-08-06,15,,104.0,104,0,2,5,2025,1,0,2,1,1,True,1.0,0.0,Closed Won,0,Closed,Closed opportunity,No open-deal action,,,,,,,,,,Closed,0.0
657,1922,Delhi,Delhi,North,IT Services,SMB,103,False,81,1922,30,3,2025-05-01,4,Security Services,Services,Inbound,Project,New business,New,237561.3,3.38,229531.73,False,None,2,62.9,2025-07-06,Closed Lost,Negotiation,2025-08-07,2025-08-07,Closed Lost,Timing,2025-06-27,41,,98.0,98,0,2,5,2025,0,1,0,1,0,True,0.0,0.0,Excluded,0,Closed,Closed opportunity,No open-deal action,,,,,,,,,,Closed,0.0
658,4170,Jaipur,Rajasthan,North,IT Services,Mid-market,87,True,90,4170,30,3,2023-02-10,3,Data Advisory,Services,Outbound,Annual,Expansion,Existing,591093.52,5.26,560002.0,False,None,2,62.0,2023-04-24,Closed Lost,Negotiation,2023-06-21,2023-06-21,Closed Lost,Customer priorities changed,2023-06-11,10,,131.0,131,0,1,2,2023,3,2,1,1,1,True,0.0,0.0,Excluded,0,Closed,Closed opportunity,No open-deal action,,,,,,,,,,Closed,0.0
659,8858,Chennai,Tamil Nadu,South,Healthcare,Mid-market,393,True,35,8858,6,1,2023-02-05,3,Data Advisory,Services,Event,Project,Expansion,Existing,1280953.97,10.13,1151193.33,True,Competitor A,2,58.0,2023-06-20,Closed Won,Negotiation,2023-05-22,2023-05-22,Closed Won,,2023-05-08,14,,106.0,106,0,1,2,2023,0,3,0,0,3,True,1.0,0.0,Closed Won,0,Closed,Closed opportunity,No open-deal action,,,,,,,,,,Closed,0.0
660,13985,Kolkata,West Bengal,East,BFSI,Mid-market,111,False,93,13985,47,4,2023-09-16,4,Security Services,Services,Partner,Annual,New business,New,455382.05,9.88,410390.3,False,None,2,53.8,2023-12-21,Closed Lost,Demo,2023-11-12,2023-11-12,Closed Lost,Product mismatch,2023-11-10,2,,57.0,57,0,3,9,2023,2,0,2,1,2,False,0.0,0.0,Excluded,0,Closed,Closed opportunity,No open-deal action,,,,,,,,,,Closed,0.0
661,1402,Chennai,Tamil Nadu,South,BFSI,Mid-market,219,True,72,1402,10,1,2023-11-30,4,Security Services,Services,Inbound,Multi-year,Renewal,Existing,1581788.91,10.39,1417441.04,True,Competitor C,1,50.1,2024-03-13,Closed Won,Negotiation,2024-04-14,2024-04-14,Closed Won,,2024-04-07,7,,136.0,136,0,4,11,2023,0,1,1,0,0,True,1.0,0.0,Closed Won,0,Closed,Closed opportunity,No open-deal action,,,,,,,,,,Closed,0.0
662,9802,Pune,Maharashtra,West,Retail,Mid-market,372,False,89,9802,17,2,2024-03-12,4,Security Services,Services,Event,Annual,New business,New,681180.29,12.66,594942.87,False,None,3,55.0,2024-05-30,Closed Lost,Discovery,2024-04-22,2024-04-22,Closed Lost,Pricing,2024-03-14,39,,41.0,41,0,1,3,2024,0,0,1,0,0,False,0.0,0.0,Excluded,0,Closed,Closed opportunity,No open-deal action,,,,,,,,,,Closed,0.0
663,2405,Pune,Maharashtra,West,BFSI,Mid-market,177,False,68,2405,15,2,2026-02-12,2,Workflow Suite,Software,Outbound,Multi-year,New business,New,776142.06,14.69,662126.79,True,Competitor B,1,72.2,2026-06-12,Closed Won,Negotiation,2026-05-12,2026-05-12,Closed Won,,2026-04-28,14,,89.0,89,0,1,2,2026,1,1,0,0,2,True,1.0,0.0,Closed Won,0,Closed,Closed opportunity,No open-deal action,,,,,,,,,,Closed,0.0
664,4825,Pune,Maharashtra,West,BFSI,SMB,99,True,36,4825,16,2,2024-04-10,3,Data Advisory,Services,Event,Project,Expansion,Existing,352819.79,7.98,324664.77,False,None,2,73.6,2024-08-05,Closed Won,Negotiation,2024-07-21,2024-07-21,Closed Won,,2024-07-17,4,,102.0,102,0,2,4,2024,0,1,2,0,1,True,1.0,0.0,Closed Won,0,Closed,Closed opportunity,No open-deal action,,,,,,,,,,Closed,0.0
665,11760,Mumbai,Maharashtra,West,IT Services,SMB,81,False,89,11760,15,2,2026-03-03,4,Security Services,Services,Referral,Annual,New business,New,214259.51,9.22,194504.78,False,None,1,25.3,2026-06-10,Closed Won,Negotiation,2026-07-04,2026-07-04,Closed Won,,2026-06-23,11,,123.0,123,0,1,3,2026,0,0,1,1,0,True,1.0,0.0,Closed Won,0,Closed,Closed opportunity,No open-deal action,,,,,,,,,,Closed,0.0
666,4898,Delhi,Delhi,North,Retail,SMB,128,True,60,4898,35,3,2023-01-13,3,Data Advisory,Services,Inbound,Multi-year,Expansion,Existing,1094856.52,6.4,1024785.7,False,None,4,52.3,2023-06-06,Closed Lost,Discovery,2023-04-29,2023-04-29,Closed Lost,Other,2023-04-11,18,,106.0,106,0,1,1,2023,2,0,1,0,0,False,0.0,0.0,Excluded,0,Closed,Closed opportunity,No open-deal action,,,,,,,,,,Closed,0.0
667,12433,Jaipur,Rajasthan,North,Healthcare,Enterprise,936,False,82,12433,26,3,2025-10-28,4,Security Services,Services,Event,Project,New business,New,1976981.67,6.2,1854408.81,True,Competitor A,4,50.7,2026-01-28,Closed Lost,Proposal,2026-03-10,2026-03-10,Closed Lost,Competitor selected,2026-02-04,34,,133.0,133,0,4,10,2025,0,4,1,0,0,True,0.0,0.0,Excluded,0,Closed,Closed opportunity,No open-deal action,,,,,,,,,,Closed,0.0
668,6652,Kolkata,West Bengal,East,IT Services,Mid-market,345,False,56,6652,41,4,2023-12-29,2,Workflow Suite,Software,Outbound,Project,New business,New,936140.76,3.76,900941.87,False,None,4,83.1,2024-03-26,Closed Lost,Proposal,2024-03-30,2024-03-30,Closed Lost,Duplicate opportunity,2024-03-27,3,,92.0,92,0,4,12,2023,3,3,3,2,0,True,0.0,0.0,Excluded,0,Closed,Closed opportunity,No open-deal action,,,,,,,,,,Closed,0.0
670,2384,Pune,Maharashtra,West,IT Services,Mid-market,402,False,61,2384,14,2,2025-12-20,4,Security Services,Services,Inbound,Project,New business,New,1109825.62,3.81,1067541.26,True,Competitor A,4,48.6,2026-03-22,Closed Lost,Negotiation,2026-05-29,2026-05-29,Closed Lost,Competitor selected,2026-05-16,13,,160.0,160,0,4,12,2025,0,1,0,0,0,True,0.0,0.0,Excluded,0,Closed,Closed opportunity,No open-deal action,,,,,,,,,,Closed,0.0
671,3542,Delhi,Delhi,North,BFSI,Mid-market,291,False,86,3542,26,3,2025-07-21,1,Cloud Enablement,Services,Inbound,Multi-year,New business,New,3114947.17,8.39,2853603.1,False,None,1,89.9,2025-10-09,Closed Lost,Lead,2025-08-10,2025-08-10,Closed Lost,No decision,2025-07-26,15,,20.0,20,0,3,7,2025,1,1,1,0,1,False,0.0,0.0,Excluded,0,Closed,Closed opportunity,No open-deal action,,,,,,,,,,Closed,0.0
672,10830,Jaipur,Rajasthan,North,Healthcare,SMB,64,True,35,10830,30,3,2023-12-02,3,Data Advisory,Services,Partner,Annual,Expansion,Existing,307241.87,4.67,292893.67,False,None,1,45.5,2024-02-06,Closed Lost,Discovery,2024-02-09,2024-02-09,Closed Lost,Pricing,2024-02-07,2,,69.0,69,0,4,12,2023,2,0,2,0,1,False,0.0,0.0,Excluded,0,Closed,Closed opportunity,No open-deal action,,,,,,,,,,Closed,0.0
673,16268,Kolkata,West Bengal,East,Retail,Enterprise,504,False,73,16268,48,4,2024-06-05,4,Security Services,Services,Partner,Annual,New business,New,1467492.87,0.86,1454872.43,True,Competitor B,3,49.9,2024-09-02,Closed Won,Negotiation,2024-08-28,2024-08-28,Closed Won,,2024-08-28,0,,84.0,84,0,2,6,2024,1,1,0,0,1,True,1.0,0.0,Closed Won,0,Closed,Closed opportunity,No open-deal action,,,,,,,,,,Closed,0.0
674,564,Chennai,Tamil Nadu,South,IT Services,Mid-market,426,False,43,564,9,1,2023-08-18,3,Data Advisory,Services,Referral,Project,New business,New,2799062.11,3.18,2710051.93,False,None,3,71.2,2023-12-02,Closed Lost,Negotiation,2023-11-04,2023-11-04,Closed Lost,No decision,2023-10-25,10,,78.0,78,0,3,8,2023,0,2,2,0,2,True,0.0,0.0,Excluded,0,Closed,Closed opportunity,No open-deal action,,,,,,,,,,Closed,0.0
675,10045,Delhi,Delhi,North,IT Services,SMB,31,True,71,10045,35,3,2023-08-15,2,Workflow Suite,Software,Inbound,Annual,Expansion,Existing,138794.73,5.51,131147.14,False,None,1,61.5,2023-10-15,Closed Lost,Qualified,2023-09-13,2023-09-13,Closed Lost,Timing,2023-08-25,19,,29.0,29,0,3,8,2023,0,0,0,0,1,False,0.0,0.0,Excluded,0,Closed,Closed opportunity,No open-deal action,,,,,,,,,,Closed,0.0
676,14841,Chennai,Tamil Nadu,South,IT Services,SMB,93,False,40,14841,7,1,2024-08-22,2,Workflow Suite,Software,Inbound,Annual,New business,New,123032.15,6.3,115281.12,False,None,1,64.1,2024-10-27,Closed Lost,Proposal,2024-11-06,2024-11-06,Closed Lost,Other,2024-11-03,3,,76.0,76,0,3,8,2024,0,1,1,1,1,True,0.0,0.0,Excluded,0,Closed,Closed opportunity,No open-deal action,,,,,,,,,,Closed,0.0
677,13983,Bengaluru,Karnataka,South,BFSI,Mid-market,246,False,93,13983,9,1,2024-03-02,1,Cloud Enablement,Services,Partner,Multi-year,New business,New,1942610.05,11.88,1711827.98,False,None,3,37.0,2024-07-06,Closed Won,Negotiation,2024-07-25,2024-07-25,Closed Won,,2024-06-07,48,,145.0,145,0,1,3,2024,0,1,0,1,0,True,1.0,0.0,Closed Won,0,Closed,Closed opportunity,No open-deal action,,,,,,,,,,Closed,0.0
678,12621,Kolkata,West Bengal,East,Healthcare,Mid-market,447,True,87,12621,48,4,2026-05-14,4,Security Services,Services,Inbound,Annual,Expansion,Existing,630040.99,3.84,605847.42,False,None,4,75.0,2026-08-05,Closed Lost,Lead,2026-05-30,2026-05-30,Closed Lost,Customer priorities changed,2026-05-27,3,,16.0,16,0,2,5,2026,0,0,3,0,0,False,0.0,0.0,Excluded,0,Closed,Closed opportunity,No open-deal action,,,,,,,,,,Closed,0.0
679,8368,Pune,Maharashtra,West,Healthcare,SMB,111,True,72,8368,20,2,2025-10-29,1,Cloud Enablement,Services,Inbound,Annual,Renewal,Existing,250464.65,8.32,229625.99,True,Competitor B,3,62.6,2026-01-27,Closed Lost,Proposal,2026-02-03,2026-02-03,Closed Lost,Competitor selected,2026-01-21,13,,97.0,97,0,4,10,2025,0,3,4,0,1,True,0.0,0.0,Excluded,0,Closed,Closed opportunity,No open-deal action,,,,,,,,,,Closed,0.0
680,5728,Bengaluru,Karnataka,South,IT Services,SMB,57,True,35,5728,3,1,2023-05-11,1,Cloud Enablement,Services,Inbound,Project,Renewal,Existing,231165.26,5.1,219375.83,False,None,1,62.5,2023-07-02,Closed Won,Negotiation,2023-08-24,2023-08-24,Closed Won,,2023-07-19,36,,105.0,105,0,2,5,2023,1,0,0,0,1,True,1.0,0.0,Closed Won,0,Closed,Closed opportunity,No open-deal action,,,,,,,,,,Closed,0.0
681,10432,Pune,Maharashtra,West,Manufacturing,Mid-market,435,False,44,10432,16,2,2023-05-24,3,Data Advisory,Services,Outbound,Multi-year,New business,New,2568860.36,4.69,2448380.81,True,Competitor B,3,77.9,2023-10-03,Closed Lost,Qualified,2023-06-27,2023-06-27,Closed Lost,Procurement delay,2023-06-22,5,,34.0,34,0,2,5,2023,2,2,1,0,2,False,0.0,0.0,Excluded,0,Closed,Closed opportunity,No open-deal action,,,,,,,,,,Closed,0.0
682,8248,Pune,Maharashtra,West,Manufacturing,Mid-market,234,False,90,8248,19,2,2023-12-05,2,Workflow Suite,Software,Event,Project,New business,New,676835.62,8.17,621538.15,False,None,4,41.4,2024-04-09,Closed Lost,Qualified,2023-12-16,2023-12-16,Closed Lost,Procurement delay,2023-12-16,0,,11.0,11,0,4,12,2023,1,2,3,0,1,False,0.0,0.0,Excluded,0,Closed,Closed opportunity,No open-deal action,,,,,,,,,,Closed,0.0
683,5327,Delhi,Delhi,North,Healthcare,Mid-market,327,False,82,5327,36,3,2024-06-09,2,Workflow Suite,Software,Referral,Annual,New business,New,302878.25,10.47,271166.9,True,Competitor A,4,64.3,2024-08-30,Closed Won,Negotiation,2024-10-18,2024-10-18,Closed Won,,2024-09-01,47,,131.0,131,0,2,6,2024,0,1,1,1,0,True,1.0,0.0,Closed Won,0,Closed,Closed opportunity,No open-deal action,,,,,,,,,,Closed,0.0
684,6915,Chennai,Tamil Nadu,South,Healthcare,SMB,83,True,50,6915,2,1,2026-07-25,3,Data Advisory,Services,Inbound,Project,Expansion,Existing,536386.59,5.78,505383.45,True,Competitor B,4,45.0,2026-10-28,Closed Lost,Qualified,2026-08-30,2026-08-30,Closed Lost,Procurement delay,2026-08-23,7,,36.0,36,0,3,7,2026,0,1,2,0,0,False,0.0,0.0,Excluded,0,Closed,Closed opportunity,No open-deal action,,,,,,,,,,Closed,0.0
685,2363,Bhubaneswar,Odisha,East,Healthcare,SMB,138,False,83,2363,40,4,2026-01-04,2,Workflow Suite,Software,Referral,Annual,New business,New,218158.96,16.03,183188.08,False,None,3,54.2,2026-04-14,Closed Won,Negotiation,2026-04-27,2026-04-27,Closed Won,,2026-02-25,61,,113.0,113,0,1,1,2026,3,0,0,0,1,True,1.0,0.0,Closed Won,0,Closed,Closed opportunity,No open-deal action,,,,,,,,,,Closed,0.0
686,15865,Kolkata,West Bengal,East,BFSI,Mid-market,189,False,48,15865,38,4,2023-11-26,1,Cloud Enablement,Services,Partner,Annual,New business,New,809634.92,2.53,789151.16,False,None,3,33.8,2024-02-10,Closed Lost,Proposal,2024-03-28,2024-03-28,Closed Lost,Customer priorities changed,2024-03-10,18,,123.0,123,0,4,11,2023,0,0,1,0,1,True,0.0,0.0,Excluded,0,Closed,Closed opportunity,No open-deal action,,,,,,,,,,Closed,0.0
687,2721,Jaipur,Rajasthan,North,Retail,Mid-market,393,False,86,2721,33,3,2025-09-18,3,Data Advisory,Services,Inbound,Annual,New business,New,1524106.91,12.18,1338470.69,True,Competitor A,1,51.5,2025-12-25,Closed Lost,Lead,2025-09-23,2025-09-23,Closed Lost,Competitor selected,2025-09-23,0,,5.0,5,0,3,9,2025,0,2,3,0,1,False,0.0,0.0,Excluded,0,Closed,Closed opportunity,No open-deal action,,,,,,,,,,Closed,0.0
688,8180,Chennai,Tamil Nadu,South,Healthcare,SMB,128,False,74,8180,2,1,2023-03-26,4,Security Services,Services,Referral,Annual,New business,New,277938.02,0.8,275714.52,False,None,3,58.4,2023-07-03,Closed Lost,Lead,2023-04-01,2023-04-01,Closed Lost,Pricing,2023-03-30,2,,6.0,6,0,1,3,2023,1,1,1,0,0,False,0.0,0.0,Excluded,0,Closed,Closed opportunity,No open-deal action,,,,,,,,,,Closed,0.0
689,7219,Mumbai,Maharashtra,West,Manufacturing,Mid-market,252,True,62,7219,13,2,2024-01-17,4,Security Services,Services,Inbound,Annual,Expansion,Existing,505957.26,5.64,477421.27,False,None,3,57.7,2024-05-24,Closed Won,Negotiation,2024-05-08,2024-05-08,Closed Won,,2024-05-07,1,,112.0,112,0,1,1,2024,1,1,2,0,0,True,1.0,0.0,Closed Won,0,Closed,Closed opportunity,No open-deal action,,,,,,,,,,Closed,0.0
690,15786,Bengaluru,Karnataka,South,Healthcare,Mid-market,90,False,59,15786,12,1,2023-03-04,2,Workflow Suite,Software,Outbound,Annual,New business,New,259724.58,9.29,235596.17,False,None,1,66.9,2023-05-26,Closed Lost,Negotiation,2023-06-05,2023-06-05,Closed Lost,Budget constraints,2023-05-31,5,,93.0,93,0,1,3,2023,0,1,3,0,1,True,0.0,0.0,Excluded,0,Closed,Closed opportunity,No open-deal action,,,,,,,,,,Closed,0.0
691,8232,Mumbai,Maharashtra,West,BFSI,Enterprise,864,True,81,8232,15,2,2023-08-27,1,Cloud Enablement,Services,Outbound,Multi-year,Expansion,Existing,6533947.99,4.39,6247107.67,True,Competitor B,5,43.9,2023-12-28,Closed Lost,Proposal,2023-12-20,2023-12-20,Closed Lost,No decision,2023-12-19,1,,115.0,115,0,3,8,2023,0,2,1,1,0,True,0.0,0.0,Excluded,0,Closed,Closed opportunity,No open-deal action,,,,,,,,,,Closed,0.0
692,13013,Bhubaneswar,Odisha,East,IT Services,Mid-market,372,True,46,13013,47,4,2026-08-20,3,Data Advisory,Services,Inbound,Annual,Expansion,Existing,1139144.38,10.09,1024204.71,False,None,4,58.8,2026-12-16,Qualified,Lead,2026-08-30,,Open,,2026-08-28,3,2026-09-11,,11,1,3,8,2026,0,1,1,0,0,False,0.3235641607653036,331395.9374430211,Pipeline,0,Low,,,4.166666666666666,11.25,11.73611111111111,7.35,12.5,4.044552009566295,12.5,12.5,76.0,Healthy,0.0
693,9354,Bengaluru,Karnataka,South,Manufacturing,SMB,30,False,50,9354,11,1,2025-03-16,1,Cloud Enablement,Services,Outbound,Multi-year,New business,New,339068.64,7.22,314587.88,False,None,2,76.4,2025-05-22,Closed Lost,Lead,2025-03-20,2025-03-20,Closed Lost,Customer priorities changed,2025-03-19,1,,4.0,4,0,1,3,2025,2,0,0,0,0,False,0.0,0.0,Excluded,0,Closed,Closed opportunity,No open-deal action,,,,,,,,,,Closed,0.0
694,12932,Kolkata,West Bengal,East,BFSI,Enterprise,252,False,65,12932,40,4,2025-05-05,2,Workflow Suite,Software,Inbound,Annual,New business,New,1023939.97,2.42,999160.62,False,None,5,61.4,2025-09-30,Closed Lost,Qualified,2025-05-30,2025-05-30,Closed Lost,Procurement delay,2025-05-30,0,,25.0,25,0,2,5,2025,1,1,5,0,0,False,0.0,0.0,Excluded,0,Closed,Closed opportunity,No open-deal action,,,,,,,,,,Closed,0.0
695,6581,Pune,Maharashtra,West,BFSI,Mid-market,318,False,55,6581,24,2,2024-12-19,4,Security Services,Services,Inbound,Annual,New business,New,1279857.98,0.38,1274994.52,True,Competitor B,2,82.8,2025-03-26,Closed Lost,Lead,2024-12-30,2024-12-30,Closed Lost,Budget constraints,2024-12-28,2,,11.0,11,0,4,12,2024,1,3,2,0,0,False,0.0,0.0,Excluded,0,Closed,Closed opportunity,No open-deal action,,,,,,,,,,Closed,0.0
696,11819,Kolkata,West Bengal,East,Healthcare,SMB,42,False,89,11819,44,4,2025-05-14,3,Data Advisory,Services,Partner,Annual,New business,New,125437.85,0.98,124208.56,True,Competitor A,2,52.7,2025-08-15,Closed Lost,Demo,2025-06-29,2025-06-29,Closed Lost,No decision,2025-06-24,5,,46.0,46,0,2,5,2025,0,1,2,0,0,False,0.0,0.0,Excluded,0,Closed,Closed opportunity,No open-deal action,,,,,,,,,,Closed,0.0
697,15045,Bengaluru,Karnataka,South,Manufacturing,SMB,140,False,67,15045,11,1,2024-10-07,2,Workflow Suite,Software,Inbound,Annual,New business,New,293024.08,11.05,260644.92,True,Competitor B,2,91.4,2025-01-11,Closed Lost,Negotiation,2025-02-02,2025-02-02,Closed Lost,Internal approval delay,2025-01-25,8,,118.0,118,0,4,10,2024,3,0,1,1,1,True,0.0,0.0,Excluded,0,Closed,Closed opportunity,No open-deal action,,,,,,,,,,Closed,0.0
698,11274,Mumbai,Maharashtra,West,BFSI,SMB,67,False,52,11274,16,2,2023-03-11,4,Security Services,Services,Inbound,Project,New business,New,369707.84,9.43,334844.39,False,None,2,80.1,2023-05-11,Closed Lost,Lead,2023-03-15,2023-03-15,Closed Lost,Competitor selected,2023-03-15,0,,4.0,4,0,1,3,2023,0,2,2,0,0,False,0.0,0.0,Excluded,0,Closed,Closed opportunity,No open-deal action,,,,,,,,,,Closed,0.0
699,6944,Pune,Maharashtra,West,Retail,Mid-market,261,True,51,6944,14,2,2026-01-29,1,Cloud Enablement,Services,Event,Annual,Expansion,Existing,1715931.7,5.29,1625158.91,False,None,4,60.8,2026-04-29,Closed Lost,Negotiation,2026-05-28,2026-05-28,Closed Lost,Poor engagement,2026-03-22,67,,119.0,119,0,1,1,2026,0,1,1,0,0,True,0.0,0.0,Excluded,0,Closed,Closed opportunity,No open-deal action,,,,,,,,,,Closed,0.0
700,6611,Mumbai,Maharashtra,West,Manufacturing,Enterprise,324,False,73,6611,22,2,2025-03-31,3,Data Advisory,Services,Referral,Project,New business,New,1336165.26,3.15,1294076.05,False,None,3,39.8,2025-08-13,Closed Won,Negotiation,2025-09-16,2025-09-16,Closed Won,,2025-08-24,23,,169.0,169,0,1,3,2025,0,2,1,0,2,True,1.0,0.0,Closed Won,0,Closed,Closed opportunity,No open-deal action,,,,,,,,,,Closed,0.0
701,8443,Mumbai,Maharashtra,West,Healthcare,SMB,126,True,55,8443,17,2,2023-06-14,1,Cloud Enablement,Services,Outbound,Project,Expansion,Existing,301968.7,10.14,271349.07,False,None,4,90.1,2023-09-16,Closed Lost,Negotiation,2023-09-15,2023-09-15,Closed Lost,Customer priorities changed,2023-08-21,25,,93.0,93,0,2,6,2023,0,2,2,0,0,True,0.0,0.0,Excluded,0,Closed,Closed opportunity,No open-deal action,,,,,,,,,,Closed,0.0
702,1696,Jaipur,Rajasthan,North,Healthcare,Mid-market,417,False,41,1696,34,3,2025-03-26,3,Data Advisory,Services,Inbound,Project,New business,New,1637205.97,10.25,1469392.36,False,None,3,28.0,2025-07-15,Closed Lost,Negotiation,2025-08-06,2025-08-06,Closed Lost,No decision,2025-06-05,62,,133.0,133,0,1,3,2025,0,2,1,1,0,True,0.0,0.0,Excluded,0,Closed,Closed opportunity,No open-deal action,,,,,,,,,,Closed,0.0
703,2876,Delhi,Delhi,North,Manufacturing,Mid-market,336,False,52,2876,28,3,2025-01-14,3,Data Advisory,Services,Inbound,Project,New business,New,897059.4,11.38,794974.04,True,Competitor C,1,76.2,2025-04-21,Closed Lost,Discovery,2025-03-07,2025-03-07,Closed Lost,Timing,2025-03-03,4,,52.0,52,0,1,1,2025,2,2,1,0,0,False,0.0,0.0,Excluded,0,Closed,Closed opportunity,No open-deal action,,,,,,,,,,Closed,0.0
704,8393,Bhubaneswar,Odisha,East,Retail,SMB,56,True,67,8393,44,4,2024-03-31,3,Data Advisory,Services,Event,Multi-year,Renewal,Existing,695666.68,10.06,625682.61,True,Competitor C,4,44.8,2024-08-07,Closed Won,Negotiation,2024-09-17,2024-09-17,Closed Won,,2024-08-20,28,,170.0,170,0,1,3,2024,1,1,1,0,0,True,1.0,0.0,Closed Won,0,Closed,Closed opportunity,No open-deal action,,,,,,,,,,Closed,0.0
705,4383,Mumbai,Maharashtra,West,Manufacturing,SMB,87,False,56,4383,17,2,2026-07-05,4,Security Services,Services,Referral,Annual,New business,New,374495.81,4.36,358167.79,False,None,4,48.1,2026-10-08,Qualified,Lead,2026-08-22,,Open,,2026-08-27,4,2026-08-30,,57,9,3,7,2026,0,1,0,0,1,False,0.3235641607653036,115890.26038451349,Pipeline,10,Low,No future follow-up,Schedule a dated next action,4.166666666666666,10.833333333333334,8.541666666666666,6.0125,12.5,4.044552009566295,12.5,0.0,58.6,Watch,11589.026038451348
706,13052,Bhubaneswar,Odisha,East,Manufacturing,SMB,105,False,93,13052,48,4,2024-01-11,1,Cloud Enablement,Services,Outbound,Annual,New business,New,648428.64,3.85,623464.14,False,None,4,14.1,2024-04-20,Closed Lost,Discovery,2024-06-02,2024-06-02,Closed Lost,Timing,2024-04-02,61,,143.0,143,0,1,1,2024,0,0,1,0,0,False,0.0,0.0,Excluded,0,Closed,Closed opportunity,No open-deal action,,,,,,,,,,Closed,0.0
707,5873,Jaipur,Rajasthan,North,Manufacturing,Mid-market,135,False,84,5873,25,3,2023-01-19,3,Data Advisory,Services,Inbound,Multi-year,New business,New,1327143.66,11.08,1180096.14,False,None,1,78.5,2023-04-06,Closed Lost,Negotiation,2023-04-24,2023-04-24,Closed Lost,Internal approval delay,2023-03-26,29,,95.0,95,0,1,1,2023,0,2,1,1,0,True,0.0,0.0,Excluded,0,Closed,Closed opportunity,No open-deal action,,,,,,,,,,Closed,0.0
708,2053,Mumbai,Maharashtra,West,Retail,SMB,135,False,80,2053,13,2,2024-04-04,2,Workflow Suite,Software,Outbound,Annual,New business,New,134686.21,8.12,123749.69,True,Competitor B,3,41.7,2024-06-08,Closed Won,Negotiation,2024-07-23,2024-07-23,Closed Won,,2024-06-26,27,,110.0,110,0,2,4,2024,1,0,1,1,1,True,1.0,0.0,Closed Won,0,Closed,Closed opportunity,No open-deal action,,,,,,,,,,Closed,0.0
709,7531,Pune,Maharashtra,West,IT Services,Enterprise,639,False,69,7531,16,2,2023-03-20,1,Cloud Enablement,Services,Referral,Project,New business,New,1732412.08,6.63,1617553.16,False,None,3,88.2,2023-07-17,Closed Lost,Lead,2023-03-28,2023-03-28,Closed Lost,Competitor selected,2023-03-21,7,,8.0,8,0,1,3,2023,0,2,0,0,0,False,0.0,0.0,Excluded,0,Closed,Closed opportunity,No open-deal action,,,,,,,,,,Closed,0.0
710,7886,Chennai,Tamil Nadu,South,Healthcare,SMB,52,False,39,7886,8,1,2025-11-22,4,Security Services,Services,Inbound,Annual,New business,New,310883.95,5.33,294313.84,True,Competitor A,2,67.4,2026-01-07,Closed Lost,Lead,2025-12-10,2025-12-10,Closed Lost,Competitor selected,2025-12-07,3,,18.0,18,0,4,11,2025,1,0,4,0,0,False,0.0,0.0,Excluded,0,Closed,Closed opportunity,No open-deal action,,,,,,,,,,Closed,0.0
711,4700,Bengaluru,Karnataka,South,BFSI,Enterprise,450,True,57,4700,10,1,2024-12-18,1,Cloud Enablement,Services,Outbound,Annual,Renewal,Existing,1840236.48,10.26,1651428.22,False,None,4,60.1,2025-03-16,Closed Lost,Discovery,2025-02-22,2025-02-22,Closed Lost,Timing,2025-02-17,5,,66.0,66,0,4,12,2024,0,1,1,0,0,False,0.0,0.0,Excluded,0,Closed,Closed opportunity,No open-deal action,,,,,,,,,,Closed,0.0
712,4234,Mumbai,Maharashtra,West,Manufacturing,SMB,72,False,62,4234,24,2,2025-09-27,3,Data Advisory,Services,Referral,Annual,New business,New,399708.13,20.91,316129.16,True,Competitor A,1,68.8,2026-01-07,Closed Lost,Demo,2026-01-17,2026-01-17,Closed Lost,Internal approval delay,2026-01-08,9,,112.0,112,0,3,9,2025,1,2,1,0,1,False,0.0,0.0,Excluded,0,Closed,Closed opportunity,No open-deal action,,,,,,,,,,Closed,0.0
713,9516,Bhubaneswar,Odisha,East,Manufacturing,SMB,117,False,41,9516,39,4,2023-05-16,1,Cloud Enablement,Services,Referral,Project,New business,New,191046.17,5.2,181111.77,False,None,4,52.3,2023-07-19,Closed Lost,Discovery,2023-07-14,2023-07-14,Closed Lost,Competitor selected,2023-07-07,7,,59.0,59,0,2,5,2023,0,1,2,0,0,False,0.0,0.0,Excluded,0,Closed,Closed opportunity,No open-deal action,,,,,,,,,,Closed,0.0
714,7543,Mumbai,Maharashtra,West,IT Services,SMB,72,False,57,7543,19,2,2026-01-30,4,Security Services,Services,Outbound,Project,New business,New,317726.01,14.37,272068.78,False,None,2,7.9,2026-04-14,Closed Lost,Lead,2026-02-14,2026-02-14,Closed Lost,Customer priorities changed,2026-02-10,4,,15.0,15,0,1,1,2026,1,1,0,0,0,False,0.0,0.0,Excluded,0,Closed,Closed opportunity,No open-deal action,,,,,,,,,,Closed,0.0
715,12052,Kolkata,West Bengal,East,IT Services,Mid-market,441,False,66,12052,41,4,2026-04-16,2,Workflow Suite,Software,Partner,Project,New business,New,608752.05,3.69,586289.1,True,Competitor A,2,36.9,2026-07-30,Proposal,Demo,2026-07-08,,Open,,2026-08-29,2,2026-09-01,,137,54,2,4,2026,0,2,1,0,0,True,0.5816749478670545,341029.6816775223,Best Case,50,High,Old opportunity; Close date pressure; Low engagement; Stage stagnation; Competitor present,Review qualification and realistic close date; Confirm procurement milestones; Re-engage the decision maker; Review the stage exit criteria; Clarify differentiation and buying criteria,10.416666666666668,11.666666666666666,2.9861111111111116,4.6125,0.0,7.270936848338182,12.5,12.5,62.0,Watch,170514.84083876116
716,3387,Kolkata,West Bengal,East,IT Services,Mid-market,441,False,72,3387,44,4,2025-05-14,2,Workflow Suite,Software,Inbound,Multi-year,New business,New,789722.79,4.29,755843.68,False,None,1,38.3,2025-09-27,Closed Lost,Lead,2025-06-10,2025-06-10,Closed Lost,Pricing,2025-06-04,6,,27.0,27,0,2,5,2025,1,1,0,0,1,False,0.0,0.0,Excluded,0,Closed,Closed opportunity,No open-deal action,,,,,,,,,,Closed,0.0
717,13753,Bhubaneswar,Odisha,East,Retail,SMB,50,False,71,13753,40,4,2024-03-13,1,Cloud Enablement,Services,Inbound,Annual,New business,New,100939.49,10.03,90815.26,False,None,3,48.2,2024-07-07,Closed Lost,Negotiation,2024-06-15,2024-06-15,Closed Lost,Budget constraints,2024-06-09,6,,94.0,94,0,1,3,2024,0,0,1,2,2,True,0.0,0.0,Excluded,0,Closed,Closed opportunity,No open-deal action,,,,,,,,,,Closed,0.0
718,11289,Mumbai,Maharashtra,West,Healthcare,SMB,39,False,88,11289,23,2,2025-01-25,2,Workflow Suite,Software,Inbound,Project,New business,New,68682.96,5.34,65015.29,False,None,3,37.5,2025-05-24,Closed Lost,Lead,2025-02-03,2025-02-03,Closed Lost,Timing,2025-02-02,1,,9.0,9,0,1,1,2025,0,0,0,0,1,False,0.0,0.0,Excluded,0,Closed,Closed opportunity,No open-deal action,,,,,,,,,,Closed,0.0
719,2242,Jaipur,Rajasthan,North,Retail,SMB,25,False,64,2242,34,3,2025-04-17,4,Security Services,Services,Inbound,Project,New business,New,116947.74,12.27,102598.25,False,None,2,45.1,2025-08-04,Closed Lost,Qualified,2025-06-15,2025-06-15,Closed Lost,Timing,2025-05-07,39,,59.0,59,0,2,4,2025,0,1,1,0,0,False,0.0,0.0,Excluded,0,Closed,Closed opportunity,No open-deal action,,,,,,,,,,Closed,0.0
720,10759,Delhi,Delhi,North,Manufacturing,SMB,106,False,58,10759,35,3,2025-09-07,3,Data Advisory,Services,Inbound,Multi-year,New business,New,869085.36,3.16,841622.26,False,None,3,24.2,2026-01-19,Closed Lost,Demo,2025-11-07,2025-11-07,Closed Lost,Product mismatch,2025-10-28,10,,61.0,61,0,3,9,2025,1,3,0,0,0,False,0.0,0.0,Excluded,0,Closed,Closed opportunity,No open-deal action,,,,,,,,,,Closed,0.0
721,7465,Pune,Maharashtra,West,Manufacturing,Enterprise,1170,False,48,7465,21,2,2023-10-29,1,Cloud Enablement,Services,Inbound,Project,New business,New,3041282.42,7.03,2827480.27,False,None,3,29.9,2024-01-07,Closed Lost,Lead,2023-11-11,2023-11-11,Closed Lost,Budget constraints,2023-11-07,4,,13.0,13,0,4,10,2023,0,2,3,0,0,False,0.0,0.0,Excluded,0,Closed,Closed opportunity,No open-deal action,,,,,,,,,,Closed,0.0
722,7158,Jaipur,Rajasthan,North,BFSI,SMB,102,False,72,7158,28,3,2025-04-16,4,Security Services,Services,Referral,Multi-year,New business,New,707064.72,7.01,657499.48,False,None,3,71.4,2025-09-08,Closed Won,Negotiation,2025-06-30,2025-06-30,Closed Won,,2025-06-29,1,,75.0,75,0,2,4,2025,1,2,1,0,0,True,1.0,0.0,Closed Won,0,Closed,Closed opportunity,No open-deal action,,,,,,,,,,Closed,0.0
723,9507,Chennai,Tamil Nadu,South,Healthcare,Enterprise,351,False,60,9507,7,1,2025-01-22,3,Data Advisory,Services,Referral,Project,New business,New,1873303.85,10.54,1675857.62,False,None,4,73.2,2025-04-15,Closed Won,Negotiation,2025-04-17,2025-04-17,Closed Won,,2025-04-15,2,,85.0,85,0,1,1,2025,0,1,0,0,2,True,1.0,0.0,Closed Won,0,Closed,Closed opportunity,No open-deal action,,,,,,,,,,Closed,0.0
724,4194,Bengaluru,Karnataka,South,Retail,SMB,36,False,52,4194,4,1,2026-01-28,2,Workflow Suite,Software,Partner,Project,New business,New,126094.93,3.7,121429.42,False,None,2,64.2,2026-04-22,Closed Won,Negotiation,2026-04-18,2026-04-18,Closed Won,,2026-04-08,10,,80.0,80,0,1,1,2026,0,2,0,0,1,True,1.0,0.0,Closed Won,0,Closed,Closed opportunity,No open-deal action,,,,,,,,,,Closed,0.0
725,15435,Chennai,Tamil Nadu,South,Manufacturing,SMB,116,False,90,15435,7,1,2025-11-04,3,Data Advisory,Services,Outbound,Multi-year,New business,New,1046505.25,3.74,1007365.95,False,None,2,59.3,2026-01-20,Closed Lost,Discovery,2025-12-27,2025-12-27,Closed Lost,No decision,2025-12-14,13,,53.0,53,0,4,11,2025,2,2,1,0,0,False,0.0,0.0,Excluded,0,Closed,Closed opportunity,No open-deal action,,,,,,,,,,Closed,0.0
726,4648,Bengaluru,Karnataka,South,Retail,SMB,136,True,69,4648,7,1,2023-11-30,3,Data Advisory,Services,Inbound,Annual,Renewal,Existing,307597.89,7.46,284651.09,True,Competitor C,2,60.0,2024-03-05,Closed Lost,Lead,2023-12-11,2023-12-11,Closed Lost,Competitor selected,2023-12-03,8,,11.0,11,0,4,11,2023,0,1,0,0,1,False,0.0,0.0,Excluded,0,Closed,Closed opportunity,No open-deal action,,,,,,,,,,Closed,0.0
727,15209,Pune,Maharashtra,West,IT Services,SMB,145,False,64,15209,22,2,2023-12-08,3,Data Advisory,Services,Outbound,Project,New business,New,746445.07,5.22,707480.64,True,Competitor C,2,48.3,2024-02-24,Closed Lost,Proposal,2024-04-12,2024-04-12,Closed Lost,Competitor selected,2024-04-12,0,,126.0,126,0,4,12,2023,0,1,1,1,1,True,0.0,0.0,Excluded,0,Closed,Closed opportunity,No open-deal action,,,,,,,,,,Closed,0.0
728,3290,Chennai,Tamil Nadu,South,BFSI,Enterprise,756,False,62,3290,3,1,2025-09-22,2,Workflow Suite,Software,Referral,Annual,New business,New,3208198.81,16.42,2681412.57,True,Competitor C,4,67.9,2026-01-16,Closed Lost,Qualified,2025-10-17,2025-10-17,Closed Lost,Customer priorities changed,2025-10-17,0,,25.0,25,0,3,9,2025,1,2,2,0,2,False,0.0,0.0,Excluded,0,Closed,Closed opportunity,No open-deal action,,,,,,,,,,Closed,0.0
729,3473,Jaipur,Rajasthan,North,Manufacturing,Mid-market,399,True,81,3473,36,3,2024-07-11,2,Workflow Suite,Software,Referral,Multi-year,Renewal,Existing,929871.46,7.07,864129.55,False,None,1,93.3,2024-11-06,Closed Won,Negotiation,2024-11-17,2024-11-17,Closed Won,,2024-11-05,12,,129.0,129,0,3,7,2024,1,3,5,0,2,True,1.0,0.0,Closed Won,0,Closed,Closed opportunity,No open-deal action,,,,,,,,,,Closed,0.0
730,16108,Jaipur,Rajasthan,North,Manufacturing,Mid-market,369,False,63,16108,25,3,2023-05-07,2,Workflow Suite,Software,Event,Annual,New business,New,533176.62,2.6,519314.03,True,Competitor B,2,76.3,2023-08-12,Closed Lost,Lead,2023-05-17,2023-05-17,Closed Lost,Customer priorities changed,2023-05-14,3,,10.0,10,0,2,5,2023,2,2,1,0,2,False,0.0,0.0,Excluded,0,Closed,Closed opportunity,No open-deal action,,,,,,,,,,Closed,0.0
731,10005,Mumbai,Maharashtra,West,Healthcare,Mid-market,153,False,50,10005,13,2,2023-09-30,3,Data Advisory,Services,Outbound,Multi-year,New business,New,1656850.46,5.82,1560421.76,True,Competitor B,3,63.1,2024-01-20,Closed Lost,Negotiation,2024-02-19,2024-02-19,Closed Lost,Budget constraints,2024-02-15,4,,142.0,142,0,3,9,2023,1,0,1,1,0,True,0.0,0.0,Excluded,0,Closed,Closed opportunity,No open-deal action,,,,,,,,,,Closed,0.0
732,3834,Jaipur,Rajasthan,North,BFSI,SMB,40,False,40,3834,26,3,2024-05-04,1,Cloud Enablement,Services,Inbound,Annual,New business,New,188406.95,7.1,175030.06,True,Competitor C,1,74.9,2024-06-26,Closed Lost,Proposal,2024-07-23,2024-07-23,Closed Lost,Product mismatch,2024-07-01,22,,80.0,80,0,2,5,2024,0,1,0,0,0,True,0.0,0.0,Excluded,0,Closed,Closed opportunity,No open-deal action,,,,,,,,,,Closed,0.0
733,7808,Delhi,Delhi,North,Retail,Mid-market,180,False,94,7808,28,3,2025-03-12,2,Workflow Suite,Software,Partner,Annual,New business,New,387656.64,14.17,332725.69,True,Competitor B,2,35.7,2025-05-07,Closed Lost,Qualified,2025-05-14,2025-05-14,Closed Lost,Budget constraints,2025-04-29,15,,63.0,63,0,1,3,2025,0,1,0,0,0,False,0.0,0.0,Excluded,0,Closed,Closed opportunity,No open-deal action,,,,,,,,,,Closed,0.0
734,7097,Chennai,Tamil Nadu,South,BFSI,Mid-market,294,False,75,7097,5,1,2025-10-06,2,Workflow Suite,Software,Outbound,Annual,New business,New,796570.07,11.71,703291.71,True,Competitor A,3,55.7,2026-02-07,Closed Lost,Discovery,2025-11-15,2025-11-15,Closed Lost,Other,2025-10-29,17,,40.0,40,0,4,10,2025,0,2,1,0,0,False,0.0,0.0,Excluded,0,Closed,Closed opportunity,No open-deal action,,,,,,,,,,Closed,0.0
735,12686,Bhubaneswar,Odisha,East,IT Services,SMB,139,False,95,12686,44,4,2025-09-27,4,Security Services,Services,Outbound,Project,New business,New,268524.07,7.61,248089.39,False,None,4,8.9,2026-02-20,Closed Lost,Qualified,2025-10-17,2025-10-17,Closed Lost,Internal approval delay,2025-10-14,3,,20.0,20,0,3,9,2025,0,1,0,0,1,False,0.0,0.0,Excluded,0,Closed,Closed opportunity,No open-deal action,,,,,,,,,,Closed,0.0
736,8365,Bhubaneswar,Odisha,East,Healthcare,Mid-market,222,False,57,8365,48,4,2024-11-06,3,Data Advisory,Services,Partner,Annual,New business,New,1058066.03,1.57,1041454.39,False,None,2,49.8,2025-03-22,Closed Lost,Lead,2024-11-11,2024-11-11,Closed Lost,Budget constraints,2024-11-11,0,,5.0,5,0,4,11,2024,1,1,1,0,1,False,0.0,0.0,Excluded,0,Closed,Closed opportunity,No open-deal action,,,,,,,,,,Closed,0.0
737,1115,Chennai,Tamil Nadu,South,Manufacturing,SMB,136,True,88,1115,10,1,2024-10-11,4,Security Services,Services,Inbound,Annual,Renewal,Existing,478220.36,11.31,424133.64,False,None,4,67.9,2025-01-24,Closed Lost,Lead,2024-11-07,2024-11-07,Closed Lost,Budget constraints,2024-10-19,19,,27.0,27,0,4,10,2024,0,3,0,0,0,False,0.0,0.0,Excluded,0,Closed,Closed opportunity,No open-deal action,,,,,,,,,,Closed,0.0
738,11183,Delhi,Delhi,North,Retail,Enterprise,423,False,57,11183,29,3,2024-02-25,3,Data Advisory,Services,Referral,Annual,New business,New,1736482.74,0.66,1725021.95,True,Competitor C,3,31.0,2024-05-31,Closed Lost,Demo,2024-05-10,2024-05-10,Closed Lost,Pricing,2024-05-06,4,,75.0,75,0,1,2,2024,2,3,1,0,2,False,0.0,0.0,Excluded,0,Closed,Closed opportunity,No open-deal action,,,,,,,,,,Closed,0.0
739,13772,Bhubaneswar,Odisha,East,IT Services,SMB,52,True,94,13772,40,4,2026-08-19,3,Data Advisory,Services,Partner,Project,Expansion,Existing,443168.04,13.44,383606.26,True,Competitor B,1,50.7,2026-10-31,Qualified,Lead,2026-08-29,,Open,,2026-08-25,6,2026-08-30,,12,2,3,8,2026,0,3,0,0,1,False,0.3235641607653036,124121.23758121685,Pipeline,15,Low,Competitor present; No future follow-up,Clarify differentiation and buying criteria; Schedule a dated next action,4.166666666666666,10.0,11.666666666666666,6.3375,12.5,4.044552009566295,12.5,0.0,61.2,Watch,18618.185637182527
740,12521,Bengaluru,Karnataka,South,Manufacturing,SMB,146,True,84,12521,6,1,2026-03-02,1,Cloud Enablement,Services,Referral,Annual,Renewal,Existing,237124.02,3.7,228350.43,False,None,4,83.6,2026-06-16,Closed Won,Negotiation,2026-06-24,2026-06-24,Closed Won,,2026-06-14,10,,114.0,114,0,1,3,2026,1,1,2,1,0,True,1.0,0.0,Closed Won,0,Closed,Closed opportunity,No open-deal action,,,,,,,,,,Closed,0.0
741,3524,Chennai,Tamil Nadu,South,BFSI,Mid-market,354,False,74,3524,12,1,2024-06-03,3,Data Advisory,Services,Inbound,Project,New business,New,1829001.66,2.45,1784191.12,False,None,4,48.2,2024-10-11,Closed Lost,Proposal,2024-09-05,2024-09-05,Closed Lost,Timing,2024-08-24,12,,94.0,94,0,2,6,2024,0,2,1,1,2,True,0.0,0.0,Excluded,0,Closed,Closed opportunity,No open-deal action,,,,,,,,,,Closed,0.0
742,6423,Chennai,Tamil Nadu,South,Retail,Mid-market,111,False,70,6423,1,1,2023-05-06,1,Cloud Enablement,Services,Partner,Project,New business,New,208353.58,2.07,204040.66,True,Competitor C,3,43.0,2023-08-04,Closed Lost,Qualified,2023-05-23,2023-05-23,Closed Lost,No decision,2023-05-10,13,,17.0,17,0,2,5,2023,0,1,1,0,0,False,0.0,0.0,Excluded,0,Closed,Closed opportunity,No open-deal action,,,,,,,,,,Closed,0.0
743,669,Bhubaneswar,Odisha,East,Healthcare,SMB,87,True,37,669,40,4,2024-07-23,2,Workflow Suite,Software,Inbound,Project,Expansion,Existing,163666.07,12.35,143453.31,False,None,4,46.4,2025-01-06,Closed Won,Negotiation,2024-10-27,2024-10-27,Closed Won,,2024-10-02,25,,96.0,96,0,3,7,2024,1,2,0,0,1,True,1.0,0.0,Closed Won,0,Closed,Closed opportunity,No open-deal action,,,,,,,,,,Closed,0.0
744,8620,Jaipur,Rajasthan,North,Manufacturing,Mid-market,156,True,68,8620,25,3,2024-12-06,4,Security Services,Services,Inbound,Annual,Expansion,Existing,552698.78,5.58,521858.19,False,None,2,40.7,2025-02-10,Closed Lost,Demo,2025-02-18,2025-02-18,Closed Lost,No decision,2024-12-31,49,,74.0,74,0,4,12,2024,0,0,0,0,1,False,0.0,0.0,Excluded,0,Closed,Closed opportunity,No open-deal action,,,,,,,,,,Closed,0.0
745,5257,Bengaluru,Karnataka,South,BFSI,Mid-market,411,True,55,5257,3,1,2024-07-27,4,Security Services,Services,Inbound,Project,Expansion,Existing,1850081.72,5.17,1754432.5,False,None,4,32.0,2024-12-03,Closed Won,Negotiation,2024-11-04,2024-11-04,Closed Won,,2024-10-19,16,,100.0,100,0,3,7,2024,1,1,0,0,2,True,1.0,0.0,Closed Won,0,Closed,Closed opportunity,No open-deal action,,,,,,,,,,Closed,0.0
746,15004,Jaipur,Rajasthan,North,IT Services,Enterprise,603,False,71,15004,35,3,2024-03-25,4,Security Services,Services,Outbound,Annual,New business,New,811976.16,15.39,687013.03,False,None,6,49.7,2024-06-21,Closed Lost,Lead,2024-05-07,2024-05-07,Closed Lost,No decision,2024-04-28,9,,43.0,43,0,1,3,2024,0,3,0,0,0,False,0.0,0.0,Excluded,0,Closed,Closed opportunity,No open-deal action,,,,,,,,,,Closed,0.0
747,4058,Delhi,Delhi,North,Healthcare,SMB,93,False,53,4058,32,3,2026-05-14,3,Data Advisory,Services,Partner,Multi-year,New business,New,893531.51,2.57,870567.75,False,None,1,30.8,2026-08-09,Proposal,Demo,2026-08-10,,Open,,2026-08-21,10,2026-08-31,,109,21,2,5,2026,2,0,2,0,1,True,0.5816749478670545,506387.45059598895,Best Case,20,Low,Close date pressure; Low engagement,Confirm procurement milestones; Re-engage the decision maker,10.416666666666668,8.333333333333334,4.930555555555556,3.85,0.0,7.270936848338182,12.5,12.5,59.8,Watch,101277.4901191978
748,1916,Delhi,Delhi,North,Healthcare,Mid-market,396,True,65,1916,29,3,2023-08-04,2,Workflow Suite,Software,Inbound,Annual,Expansion,Existing,555867.46,6.16,521626.02,True,Competitor A,4,27.4,2023-11-02,Closed Lost,Proposal,2023-10-29,2023-10-29,Closed Lost,Customer priorities changed,2023-10-13,16,,86.0,86,0,3,8,2023,0,0,0,0,0,True,0.0,0.0,Excluded,0,Closed,Closed opportunity,No open-deal action,,,,,,,,,,Closed,0.0
749,12000,Kolkata,West Bengal,East,IT Services,Mid-market,153,True,83,12000,40,4,2023-12-06,3,Data Advisory,Services,Referral,Annual,Expansion,Existing,444208.5,11.33,393879.68,True,Competitor A,1,15.7,2024-03-08,Closed Lost,Discovery,2024-01-08,2024-01-08,Closed Lost,Pricing,2023-12-27,12,,33.0,33,0,4,12,2023,0,2,1,0,1,False,0.0,0.0,Excluded,0,Closed,Closed opportunity,No open-deal action,,,,,,,,,,Closed,0.0
750,7365,Bhubaneswar,Odisha,East,Healthcare,Mid-market,378,True,53,7365,40,4,2026-03-03,4,Security Services,Services,Inbound,Project,Renewal,Existing,851821.39,2.08,834103.51,True,Competitor A,2,42.9,2026-05-25,Closed Won,Negotiation,2026-06-02,2026-06-02,Closed Won,,2026-05-25,8,,91.0,91,0,1,3,2026,0,0,0,0,0,True,1.0,0.0,Closed Won,0,Closed,Closed opportunity,No open-deal action,,,,,,,,,,Closed,0.0
751,10607,Delhi,Delhi,North,IT Services,Mid-market,231,False,86,10607,30,3,2025-05-18,4,Security Services,Services,Referral,Project,New business,New,660524.83,9.37,598633.65,False,None,2,49.4,2025-07-20,Closed Lost,Proposal,2025-10-18,2025-10-18,Closed Lost,Pricing,2025-10-03,15,,153.0,153,0,2,5,2025,0,2,0,0,2,True,0.0,0.0,Excluded,0,Closed,Closed opportunity,No open-deal action,,,,,,,,,,Closed,0.0
752,3156,Kolkata,West Bengal,East,IT Services,SMB,44,False,49,3156,39,4,2023-08-04,1,Cloud Enablement,Services,Inbound,Project,New business,New,142976.15,4.02,137228.51,False,None,4,84.5,2023-11-02,Closed Won,Negotiation,2023-12-18,2023-12-18,Closed Won,,2023-12-18,0,,136.0,136,0,3,8,2023,0,2,0,0,5,True,1.0,0.0,Closed Won,0,Closed,Closed opportunity,No open-deal action,,,,,,,,,,Closed,0.0
753,14566,Chennai,Tamil Nadu,South,Retail,Enterprise,1332,False,63,14566,1,1,2025-05-03,3,Data Advisory,Services,Referral,Annual,New business,New,2996463.55,7.45,2773227.02,True,Competitor C,6,80.6,2025-08-25,Closed Lost,Discovery,2025-06-19,2025-06-19,Closed Lost,Competitor selected,2025-06-13,6,,47.0,47,0,2,5,2025,1,2,2,0,0,False,0.0,0.0,Excluded,0,Closed,Closed opportunity,No open-deal action,,,,,,,,,,Closed,0.0
754,769,Chennai,Tamil Nadu,South,Healthcare,SMB,138,False,75,769,9,1,2026-01-28,4,Security Services,Services,Outbound,Annual,New business,New,290663.72,4.31,278136.11,True,Competitor A,2,57.2,2026-04-24,Closed Won,Negotiation,2026-07-02,2026-07-02,Closed Won,,2026-06-25,7,,155.0,155,0,1,1,2026,2,2,0,0,0,True,1.0,0.0,Closed Won,0,Closed,Closed opportunity,No open-deal action,,,,,,,,,,Closed,0.0
755,6595,Bhubaneswar,Odisha,East,Healthcare,Mid-market,249,False,80,6595,40,4,2025-11-12,2,Workflow Suite,Software,Outbound,Project,New business,New,316041.91,2.87,306971.51,True,Competitor B,2,30.1,2026-01-22,Closed Won,Negotiation,2026-03-28,2026-03-28,Closed Won,,2026-02-21,35,,136.0,136,0,4,11,2025,0,1,1,0,0,True,1.0,0.0,Closed Won,0,Closed,Closed opportunity,No open-deal action,,,,,,,,,,Closed,0.0
756,2583,Mumbai,Maharashtra,West,Retail,Mid-market,138,True,41,2583,13,2,2026-08-17,4,Security Services,Services,Referral,Annual,Expansion,Existing,795837.61,16.22,666752.75,False,None,1,37.0,2026-10-23,Qualified,Lead,2026-08-24,,Open,,2026-08-28,3,2026-09-11,,14,7,3,8,2026,0,4,1,0,0,False,0.3235641607653036,215737.29399170828,Pipeline,10,Low,Low engagement,Re-engage the decision maker,4.166666666666666,11.25,11.527777777777779,4.625,12.5,4.044552009566295,12.5,12.5,73.1,Healthy,21573.72939917083
757,11934,Kolkata,West Bengal,East,Healthcare,SMB,144,False,52,11934,42,4,2025-09-14,4,Security Services,Services,Partner,Multi-year,New business,New,743920.31,1.79,730604.14,False,None,1,22.3,2025-12-23,Closed Won,Negotiation,2026-01-23,2026-01-23,Closed Won,,2026-01-21,2,,131.0,131,0,3,9,2025,0,1,1,0,1,True,1.0,0.0,Closed Won,0,Closed,Closed opportunity,No open-deal action,,,,,,,,,,Closed,0.0
758,4150,Pune,Maharashtra,West,Retail,Enterprise,1035,True,50,4150,18,2,2023-02-26,2,Workflow Suite,Software,Outbound,Annual,Expansion,Existing,1880879.6,10.14,1690158.41,False,None,6,44.2,2023-07-15,Closed Lost,Discovery,2023-04-25,2023-04-25,Closed Lost,Budget constraints,2023-04-21,4,,58.0,58,0,1,2,2023,0,1,3,0,2,False,0.0,0.0,Excluded,0,Closed,Closed opportunity,No open-deal action,,,,,,,,,,Closed,0.0
759,7743,Kolkata,West Bengal,East,Manufacturing,Mid-market,366,False,55,7743,44,4,2026-03-07,3,Data Advisory,Services,Event,Annual,New business,New,1165347.41,3.73,1121879.95,False,None,3,75.2,2026-05-07,Closed Won,Negotiation,2026-05-24,2026-05-24,Closed Won,,2026-05-11,13,,78.0,78,0,1,3,2026,1,2,1,0,0,True,1.0,0.0,Closed Won,0,Closed,Closed opportunity,No open-deal action,,,,,,,,,,Closed,0.0
760,9394,Pune,Maharashtra,West,Manufacturing,SMB,102,False,44,9394,21,2,2026-05-22,3,Data Advisory,Services,Referral,Annual,New business,New,485867.53,5.18,460699.59,True,Competitor A,3,94.4,2026-09-11,Closed Lost,Discovery,2026-07-09,2026-07-09,Closed Lost,Product mismatch,2026-06-11,28,,48.0,48,0,2,5,2026,0,1,1,0,0,False,0.0,0.0,Excluded,0,Closed,Closed opportunity,No open-deal action,,,,,,,,,,Closed,0.0
761,4424,Pune,Maharashtra,West,Manufacturing,SMB,90,False,55,4424,19,2,2025-08-12,2,Workflow Suite,Software,Outbound,Project,New business,New,200814.54,5.1,190573.0,True,Competitor B,4,51.2,2026-01-06,Closed Lost,Qualified,2025-09-20,2025-09-20,Closed Lost,Customer priorities changed,2025-09-15,5,,39.0,39,0,3,8,2025,1,2,0,0,2,False,0.0,0.0,Excluded,0,Closed,Closed opportunity,No open-deal action,,,,,,,,,,Closed,0.0
762,12780,Chennai,Tamil Nadu,South,Retail,SMB,125,True,44,12780,10,1,2026-07-23,3,Data Advisory,Services,Outbound,Annual,Renewal,Existing,206733.45,8.25,189677.94,True,Competitor C,3,62.6,2026-11-20,Discovery,Qualified,2026-08-12,,Open,,2026-08-25,6,2026-09-09,,39,19,3,7,2026,0,2,1,0,0,False,0.4055827312300857,76930.09695929632,Best Case,5,Low,Competitor present,Clarify differentiation and buying criteria,6.25,10.0,9.791666666666666,7.825,12.5,5.069784140376071,12.5,12.5,76.4,Healthy,3846.5048479648162
763,4275,Bengaluru,Karnataka,South,Retail,Mid-market,318,False,60,4275,1,1,2026-03-05,1,Cloud Enablement,Services,Referral,Project,New business,New,842503.22,7.39,780242.23,True,Competitor C,3,57.6,2026-05-20,Closed Lost,Lead,2026-03-23,2026-03-23,Closed Lost,Competitor selected,2026-03-23,0,,18.0,18,0,1,3,2026,1,2,1,0,0,False,0.0,0.0,Excluded,0,Closed,Closed opportunity,No open-deal action,,,,,,,,,,Closed,0.0
764,15679,Mumbai,Maharashtra,West,Healthcare,SMB,131,True,50,15679,14,2,2025-05-09,2,Workflow Suite,Software,Partner,Project,Renewal,Existing,304083.66,6.62,283953.32,True,Competitor C,1,55.3,2025-07-26,Closed Lost,Discovery,2025-06-03,2025-06-03,Closed Lost,Poor engagement,2025-05-28,6,,25.0,25,0,2,5,2025,0,2,0,0,0,False,0.0,0.0,Excluded,0,Closed,Closed opportunity,No open-deal action,,,,,,,,,,Closed,0.0
765,11049,Bengaluru,Karnataka,South,BFSI,SMB,93,False,84,11049,2,1,2023-06-07,2,Workflow Suite,Software,Partner,Annual,New business,New,164483.83,15.28,139350.7,True,Competitor C,3,73.0,2023-09-20,Closed Lost,Discovery,2023-07-26,2023-07-26,Closed Lost,No decision,2023-07-20,6,,49.0,49,0,2,6,2023,0,2,2,0,3,False,0.0,0.0,Excluded,0,Closed,Closed opportunity,No open-deal action,,,,,,,,,,Closed,0.0
766,15969,Delhi,Delhi,North,Retail,SMB,77,True,57,15969,36,3,2025-08-02,4,Security Services,Services,Outbound,Annual,Renewal,Existing,167806.5,3.29,162285.67,False,None,4,81.9,2025-10-18,Closed Lost,Lead,2025-08-12,2025-08-12,Closed Lost,Pricing,2025-08-12,0,,10.0,10,0,3,8,2025,2,3,1,0,0,False,0.0,0.0,Excluded,0,Closed,Closed opportunity,No open-deal action,,,,,,,,,,Closed,0.0
767,1118,Delhi,Delhi,North,Retail,Enterprise,243,False,87,1118,27,3,2025-05-23,1,Cloud Enablement,Services,Inbound,Annual,New business,New,1384895.68,9.58,1252222.67,False,None,3,38.6,2025-09-17,Closed Lost,Lead,2025-06-15,2025-06-15,Closed Lost,Poor engagement,2025-06-13,2,,23.0,23,0,2,5,2025,0,1,1,0,1,False,0.0,0.0,Excluded,0,Closed,Closed opportunity,No open-deal action,,,,,,,,,,Closed,0.0
768,14646,Pune,Maharashtra,West,Retail,Mid-market,264,True,87,14646,20,2,2023-01-05,3,Data Advisory,Services,Inbound,Annual,Renewal,Existing,924679.52,13.01,804378.71,False,None,4,86.8,2023-05-27,Closed Lost,Proposal,2023-04-01,2023-04-01,Closed Lost,Pricing,2023-02-12,48,,86.0,86,0,1,1,2023,1,0,1,0,1,True,0.0,0.0,Excluded,0,Closed,Closed opportunity,No open-deal action,,,,,,,,,,Closed,0.0
769,16212,Bengaluru,Karnataka,South,Healthcare,Mid-market,378,True,46,16212,5,1,2024-09-13,2,Workflow Suite,Software,Referral,Project,Expansion,Existing,613807.37,16.34,513511.25,False,None,4,66.7,2025-02-09,Closed Won,Negotiation,2025-01-05,2025-01-05,Closed Won,,2024-11-18,48,,114.0,114,0,3,9,2024,0,0,1,2,0,True,1.0,0.0,Closed Won,0,Closed,Closed opportunity,No open-deal action,,,,,,,,,,Closed,0.0
770,8584,Bengaluru,Karnataka,South,BFSI,Enterprise,711,False,71,8584,3,1,2025-07-06,3,Data Advisory,Services,Partner,Project,New business,New,4256734.58,2.71,4141377.07,False,None,3,36.1,2025-11-21,Closed Lost,Lead,2025-07-13,2025-07-13,Closed Lost,Product mismatch,2025-07-09,4,,7.0,7,0,3,7,2025,0,1,1,0,0,False,0.0,0.0,Excluded,0,Closed,Closed opportunity,No open-deal action,,,,,,,,,,Closed,0.0
771,14776,Chennai,Tamil Nadu,South,BFSI,Enterprise,1053,False,42,14776,4,1,2025-04-29,3,Data Advisory,Services,Inbound,Project,New business,New,4983339.09,15.14,4228861.55,False,None,4,53.3,2025-08-05,Closed Won,Negotiation,2025-07-22,2025-07-22,Closed Won,,2025-06-23,29,,84.0,84,0,2,4,2025,0,0,2,0,0,True,1.0,0.0,Closed Won,0,Closed,Closed opportunity,No open-deal action,,,,,,,,,,Closed,0.0
772,7066,Pune,Maharashtra,West,Healthcare,SMB,145,False,39,7066,20,2,2025-04-05,2,Workflow Suite,Software,Partner,Annual,New business,New,230695.55,3.7,222159.81,True,Competitor B,3,38.5,2025-06-27,Closed Lost,Lead,2025-04-13,2025-04-13,Closed Lost,No decision,2025-04-12,1,,8.0,8,0,2,4,2025,0,1,0,0,2,False,0.0,0.0,Excluded,0,Closed,Closed opportunity,No open-deal action,,,,,,,,,,Closed,0.0
773,7577,Bhubaneswar,Odisha,East,Healthcare,SMB,39,False,50,7577,37,4,2023-05-23,2,Workflow Suite,Software,Outbound,Annual,New business,New,103168.68,2.58,100506.93,False,None,2,47.7,2023-08-18,Closed Lost,Lead,2023-06-05,2023-06-05,Closed Lost,Timing,2023-06-04,1,,13.0,13,0,2,5,2023,1,1,1,0,2,False,0.0,0.0,Excluded,0,Closed,Closed opportunity,No open-deal action,,,,,,,,,,Closed,0.0
774,7503,Jaipur,Rajasthan,North,BFSI,SMB,131,True,42,7503,32,3,2025-05-04,1,Cloud Enablement,Services,Referral,Project,Expansion,Existing,321553.07,11.61,284220.76,False,None,2,22.4,2025-09-01,Closed Won,Negotiation,2025-09-07,2025-09-07,Closed Won,,2025-06-08,91,,126.0,126,0,2,5,2025,0,1,1,0,0,True,1.0,0.0,Closed Won,0,Closed,Closed opportunity,No open-deal action,,,,,,,,,,Closed,0.0
775,10638,Pune,Maharashtra,West,Manufacturing,SMB,44,True,66,10638,23,2,2023-08-22,1,Cloud Enablement,Services,Partner,Project,Renewal,Existing,169583.87,8.11,155830.62,True,Competitor B,2,48.8,2023-11-10,Closed Won,Negotiation,2024-04-17,2024-04-17,Closed Won,,2024-03-06,42,,239.0,239,0,3,8,2023,0,1,0,0,1,True,1.0,0.0,Closed Won,0,Closed,Closed opportunity,No open-deal action,,,,,,,,,,Closed,0.0
776,16088,Pune,Maharashtra,West,IT Services,SMB,37,False,80,16088,15,2,2024-01-28,3,Data Advisory,Services,Inbound,Annual,New business,New,115272.23,4.17,110465.38,True,Competitor A,1,60.3,2024-03-22,Closed Lost,Demo,2024-03-12,2024-03-12,Closed Lost,Competitor selected,2024-03-08,4,,44.0,44,0,1,1,2024,1,0,1,0,1,False,0.0,0.0,Excluded,0,Closed,Closed opportunity,No open-deal action,,,,,,,,,,Closed,0.0
777,3483,Kolkata,West Bengal,East,Healthcare,SMB,56,False,67,3483,43,4,2026-04-12,4,Security Services,Services,Partner,Project,New business,New,217123.67,15.4,183686.62,True,Competitor A,1,74.4,2026-07-11,Closed Lost,Qualified,2026-05-14,2026-05-14,Closed Lost,Internal approval delay,2026-05-09,5,,32.0,32,0,2,4,2026,0,2,3,0,0,False,0.0,0.0,Excluded,0,Closed,Closed opportunity,No open-deal action,,,,,,,,,,Closed,0.0
778,9823,Chennai,Tamil Nadu,South,Retail,SMB,126,False,51,9823,5,1,2023-09-02,4,Security Services,Services,Outbound,Annual,New business,New,406491.44,7.74,375029.0,False,None,3,30.3,2024-01-02,Closed Lost,Qualified,2023-10-07,2023-10-07,Closed Lost,Budget constraints,2023-09-12,25,,35.0,35,0,3,9,2023,2,1,0,0,0,False,0.0,0.0,Excluded,0,Closed,Closed opportunity,No open-deal action,,,,,,,,,,Closed,0.0
779,8259,Delhi,Delhi,North,BFSI,Enterprise,855,True,67,8259,31,3,2023-04-17,4,Security Services,Services,Referral,Annual,Expansion,Existing,3849708.84,4.27,3685326.27,False,None,5,41.8,2023-07-30,Closed Lost,Discovery,2023-07-14,2023-07-14,Closed Lost,Competitor selected,2023-05-21,54,,88.0,88,0,2,4,2023,0,1,3,0,0,False,0.0,0.0,Excluded,0,Closed,Closed opportunity,No open-deal action,,,,,,,,,,Closed,0.0
780,12421,Delhi,Delhi,North,Retail,Mid-market,186,True,66,12421,28,3,2025-07-01,4,Security Services,Services,Partner,Annual,Expansion,Existing,414614.62,8.75,378335.84,False,None,3,45.5,2025-09-30,Closed Lost,Lead,2025-07-19,2025-07-19,Closed Lost,Other,2025-07-15,4,,18.0,18,0,3,7,2025,0,2,0,0,1,False,0.0,0.0,Excluded,0,Closed,Closed opportunity,No open-deal action,,,,,,,,,,Closed,0.0
781,7483,Pune,Maharashtra,West,IT Services,SMB,146,False,38,7483,23,2,2026-01-25,3,Data Advisory,Services,Referral,Project,New business,New,463911.98,7.45,429350.54,False,None,1,42.0,2026-04-03,Closed Lost,Lead,2026-04-24,2026-04-24,Closed Lost,Procurement delay,2026-04-13,11,,89.0,89,0,1,1,2026,1,3,0,0,0,False,0.0,0.0,Excluded,0,Closed,Closed opportunity,No open-deal action,,,,,,,,,,Closed,0.0
782,1083,Bhubaneswar,Odisha,East,Manufacturing,Mid-market,249,False,94,1083,37,4,2024-09-01,1,Cloud Enablement,Services,Outbound,Project,New business,New,497955.58,9.92,448558.39,True,Competitor B,1,50.2,2024-11-24,Closed Lost,Proposal,2024-11-25,2024-11-25,Closed Lost,Internal approval delay,2024-10-29,27,,85.0,85,0,3,9,2024,0,2,2,1,0,True,0.0,0.0,Excluded,0,Closed,Closed opportunity,No open-deal action,,,,,,,,,,Closed,0.0
783,13356,Bhubaneswar,Odisha,East,IT Services,SMB,47,True,84,13356,37,4,2026-06-03,3,Data Advisory,Services,Partner,Annual,Renewal,Existing,237753.81,9.2,215880.46,True,Competitor B,4,67.1,2026-09-18,Negotiation,Proposal,2026-08-30,,Stalled,,2026-07-22,40,2026-08-07,,89,1,2,6,2026,0,1,0,0,1,True,0.7453936624713393,160915.92673539746,Best Case,30,Medium,No recent activity; Competitor present; No future follow-up,Contact the customer and log the response; Clarify differentiation and buying criteria; Schedule a dated next action,12.5,0.0,6.319444444444445,8.3875,12.5,9.31742078089174,12.5,0.0,61.5,Watch,48274.77802061924
784,16231,Jaipur,Rajasthan,North,IT Services,SMB,117,False,77,16231,26,3,2023-08-26,4,Security Services,Services,Referral,Multi-year,New business,New,861575.25,4.59,822028.95,True,Competitor A,4,82.8,2023-12-17,Closed Won,Negotiation,2023-12-27,2023-12-27,Closed Won,,2023-11-29,28,,123.0,123,0,3,8,2023,1,2,3,0,0,True,1.0,0.0,Closed Won,0,Closed,Closed opportunity,No open-deal action,,,,,,,,,,Closed,0.0
785,15826,Pune,Maharashtra,West,Manufacturing,SMB,32,False,41,15826,13,2,2024-03-29,3,Data Advisory,Services,Event,Annual,New business,New,121525.89,2.26,118779.4,False,None,2,73.9,2024-06-10,Closed Won,Negotiation,2024-07-15,2024-07-15,Closed Won,,2024-07-06,9,,108.0,108,0,1,3,2024,0,3,0,0,0,True,1.0,0.0,Closed Won,0,Closed,Closed opportunity,No open-deal action,,,,,,,,,,Closed,0.0
786,8677,Kolkata,West Bengal,East,Healthcare,SMB,116,False,54,8677,43,4,2024-09-29,4,Security Services,Services,Outbound,Annual,New business,New,285193.77,10.76,254506.92,True,Competitor C,1,73.6,2024-11-27,Closed Lost,Lead,2024-10-05,2024-10-05,Closed Lost,Competitor selected,2024-10-03,2,,6.0,6,0,3,9,2024,2,0,1,0,0,False,0.0,0.0,Excluded,0,Closed,Closed opportunity,No open-deal action,,,,,,,,,,Closed,0.0
787,5742,Delhi,Delhi,North,IT Services,Mid-market,300,False,58,5742,34,3,2023-11-25,1,Cloud Enablement,Services,Outbound,Annual,New business,New,1062714.64,16.89,883222.14,False,None,1,61.1,2024-03-24,Closed Lost,Qualified,2024-01-10,2024-01-10,Closed Lost,No decision,2023-12-24,17,,46.0,46,0,4,11,2023,0,2,0,0,2,False,0.0,0.0,Excluded,0,Closed,Closed opportunity,No open-deal action,,,,,,,,,,Closed,0.0
788,10044,Kolkata,West Bengal,East,BFSI,Mid-market,414,True,39,10044,41,4,2024-02-10,1,Cloud Enablement,Services,Inbound,Project,Renewal,Existing,1270291.16,5.32,1202711.67,False,None,1,90.7,2024-05-02,Closed Won,Negotiation,2024-06-23,2024-06-23,Closed Won,,2024-05-30,24,,134.0,134,0,1,2,2024,3,2,1,1,1,True,1.0,0.0,Closed Won,0,Closed,Closed opportunity,No open-deal action,,,,,,,,,,Closed,0.0
789,13947,Kolkata,West Bengal,East,Healthcare,Enterprise,720,False,60,13947,42,4,2026-01-28,1,Cloud Enablement,Services,Outbound,Annual,New business,New,2845165.07,12.64,2485536.21,False,None,5,60.3,2026-06-02,Closed Won,Negotiation,2026-07-07,2026-07-07,Closed Won,,2026-06-21,16,,160.0,160,0,1,1,2026,0,2,3,0,1,True,1.0,0.0,Closed Won,0,Closed,Closed opportunity,No open-deal action,,,,,,,,,,Closed,0.0
790,13464,Delhi,Delhi,North,Healthcare,Mid-market,255,True,88,13464,31,3,2024-11-13,2,Workflow Suite,Software,Referral,Annual,Renewal,Existing,294760.23,4.53,281407.59,True,Competitor B,3,65.6,2025-03-30,Closed Lost,Proposal,2025-03-19,2025-03-19,Closed Lost,Product mismatch,2025-02-22,25,,126.0,126,0,4,11,2024,0,1,2,0,0,True,0.0,0.0,Excluded,0,Closed,Closed opportunity,No open-deal action,,,,,,,,,,Closed,0.0
791,9322,Jaipur,Rajasthan,North,IT Services,Enterprise,1242,False,70,9322,32,3,2023-01-11,3,Data Advisory,Services,Outbound,Multi-year,New business,New,7245518.74,2.63,7054961.6,False,None,5,53.8,2023-05-27,Closed Lost,Lead,2023-01-19,2023-01-19,Closed Lost,Budget constraints,2023-01-16,3,,8.0,8,0,1,1,2023,2,0,0,0,1,False,0.0,0.0,Excluded,0,Closed,Closed opportunity,No open-deal action,,,,,,,,,,Closed,0.0
792,1409,Bengaluru,Karnataka,South,Manufacturing,SMB,29,True,47,1409,1,1,2023-12-11,4,Security Services,Services,Partner,Annual,Expansion,Existing,114915.45,17.07,95299.38,False,None,4,62.8,2024-04-21,Closed Lost,Demo,2024-03-15,2024-03-15,Closed Lost,Budget constraints,2024-03-05,10,,95.0,95,0,4,12,2023,2,2,0,0,1,False,0.0,0.0,Excluded,0,Closed,Closed opportunity,No open-deal action,,,,,,,,,,Closed,0.0
793,4154,Bhubaneswar,Odisha,East,Manufacturing,Enterprise,846,False,92,4154,38,4,2026-05-24,1,Cloud Enablement,Services,Outbound,Annual,New business,New,1210221.62,5.26,1146563.96,True,Competitor C,3,34.9,2026-08-22,Closed Lost,Discovery,2026-07-12,2026-07-12,Closed Lost,Product mismatch,2026-06-19,23,,49.0,49,0,2,5,2026,1,0,0,0,1,False,0.0,0.0,Excluded,0,Closed,Closed opportunity,No open-deal action,,,,,,,,,,Closed,0.0
794,211,Mumbai,Maharashtra,West,Healthcare,Mid-market,168,True,89,211,22,2,2025-12-17,1,Cloud Enablement,Services,Event,Multi-year,Renewal,Existing,1281863.09,14.37,1097659.36,False,None,3,48.6,2026-03-22,Closed Won,Negotiation,2026-04-12,2026-04-12,Closed Won,,2026-04-11,1,,116.0,116,0,4,12,2025,0,1,3,0,0,True,1.0,0.0,Closed Won,0,Closed,Closed opportunity,No open-deal action,,,,,,,,,,Closed,0.0
795,8460,Mumbai,Maharashtra,West,Retail,SMB,131,True,93,8460,22,2,2026-01-10,3,Data Advisory,Services,Event,Project,Expansion,Existing,445900.87,10.18,400508.16,True,Competitor B,4,66.2,2026-03-14,Closed Lost,Lead,2026-01-20,2026-01-20,Closed Lost,Internal approval delay,2026-01-20,0,,10.0,10,0,1,1,2026,0,1,2,0,2,False,0.0,0.0,Excluded,0,Closed,Closed opportunity,No open-deal action,,,,,,,,,,Closed,0.0
796,15923,Mumbai,Maharashtra,West,Healthcare,SMB,117,False,83,15923,24,2,2025-01-16,4,Security Services,Services,Outbound,Annual,New business,New,251802.32,0.94,249435.38,False,None,3,26.1,2025-04-28,Closed Lost,Discovery,2025-03-23,2025-03-23,Closed Lost,Timing,2025-02-11,40,,66.0,66,0,1,1,2025,1,0,1,0,0,False,0.0,0.0,Excluded,0,Closed,Closed opportunity,No open-deal action,,,,,,,,,,Closed,0.0
797,10083,Chennai,Tamil Nadu,South,Manufacturing,SMB,62,True,48,10083,9,1,2024-11-27,2,Workflow Suite,Software,Outbound,Project,Expansion,Existing,123769.14,10.57,110686.74,True,Competitor A,3,52.3,2025-03-02,Closed Lost,Proposal,2025-04-01,2025-04-01,Closed Lost,Poor engagement,2025-01-11,80,,125.0,125,0,4,11,2024,1,1,0,1,0,True,0.0,0.0,Excluded,0,Closed,Closed opportunity,No open-deal action,,,,,,,,,,Closed,0.0
798,3556,Pune,Maharashtra,West,Manufacturing,Mid-market,309,True,63,3556,19,2,2025-12-07,4,Security Services,Services,Inbound,Project,Expansion,Existing,806910.96,4.17,773262.77,False,None,1,60.8,2026-02-14,Closed Lost,Lead,2025-12-30,2025-12-30,Closed Lost,Customer priorities changed,2025-12-18,12,,23.0,23,0,4,12,2025,0,1,1,0,1,False,0.0,0.0,Excluded,0,Closed,Closed opportunity,No open-deal action,,,,,,,,,,Closed,0.0
799,645,Kolkata,West Bengal,East,Manufacturing,Mid-market,330,True,53,645,44,4,2025-05-02,2,Workflow Suite,Software,Referral,Annual,Expansion,Existing,500351.51,7.41,463275.46,False,None,1,53.3,2025-07-31,Closed Won,Negotiation,2025-07-11,2025-07-11,Closed Won,,2025-06-19,22,,70.0,70,0,2,5,2025,0,2,0,0,0,True,1.0,0.0,Closed Won,0,Closed,Closed opportunity,No open-deal action,,,,,,,,,,Closed,0.0
800,1763,Bengaluru,Karnataka,South,IT Services,Mid-market,111,False,85,1763,7,1,2026-02-12,2,Workflow Suite,Software,Outbound,Annual,New business,New,325279.01,6.9,302834.76,False,None,2,72.8,2026-05-09,Closed Lost,Negotiation,2026-04-20,2026-04-20,Closed Lost,No decision,2026-04-16,4,,67.0,67,0,1,2,2026,0,1,0,0,1,True,0.0,0.0,Excluded,0,Closed,Closed opportunity,No open-deal action,,,,,,,,,,Closed,0.0
801,5568,Mumbai,Maharashtra,West,IT Services,Mid-market,384,True,90,5568,16,2,2026-06-06,2,Workflow Suite,Software,Outbound,Annual,Renewal,Existing,847834.26,17.03,703448.09,True,Competitor A,3,74.9,2026-09-17,Proposal,Demo,2026-08-25,,Open,,2026-08-17,14,2026-09-02,,86,6,2,6,2026,0,2,1,0,3,True,0.5816749478670545,409178.13107792905,Best Case,5,Low,Competitor present,Clarify differentiation and buying criteria,10.416666666666668,6.666666666666667,6.527777777777777,9.3625,12.5,7.270936848338182,12.5,12.5,77.7,Healthy,20458.90655389645
802,15595,Bhubaneswar,Odisha,East,Healthcare,Mid-market,279,True,47,15595,37,4,2025-12-26,1,Cloud Enablement,Services,Inbound,Annual,Expansion,Existing,557268.98,9.98,501653.54,True,Competitor B,4,38.3,2026-04-15,Closed Lost,Lead,2026-01-11,2026-01-11,Closed Lost,Competitor selected,2026-01-11,0,,16.0,16,0,4,12,2025,0,0,1,0,1,False,0.0,0.0,Excluded,0,Closed,Closed opportunity,No open-deal action,,,,,,,,,,Closed,0.0
803,697,Jaipur,Rajasthan,North,Manufacturing,SMB,86,False,89,697,30,3,2026-02-10,1,Cloud Enablement,Services,Outbound,Project,New business,New,301024.09,13.42,260626.66,False,None,1,70.4,2026-03-31,Closed Lost,Demo,2026-04-29,2026-04-29,Closed Lost,Procurement delay,2026-04-15,14,,78.0,78,0,1,2,2026,0,3,1,0,3,False,0.0,0.0,Excluded,0,Closed,Closed opportunity,No open-deal action,,,,,,,,,,Closed,0.0
804,6256,Chennai,Tamil Nadu,South,Healthcare,SMB,137,False,50,6256,8,1,2026-07-16,3,Data Advisory,Services,Inbound,Annual,New business,New,253118.25,16.06,212467.46,True,Competitor B,4,55.0,2026-11-03,Discovery,Qualified,2026-08-13,,Open,,2026-08-30,1,,,46,18,3,7,2026,0,1,0,0,2,False,0.4055827312300857,86173.13272431899,Best Case,15,Low,Competitor present; No future follow-up,Clarify differentiation and buying criteria; Schedule a dated next action,6.25,12.083333333333334,9.305555555555555,6.875000000000001,12.5,5.069784140376071,12.5,0.0,64.6,Watch,12925.969908647849
805,6561,Jaipur,Rajasthan,North,BFSI,SMB,138,False,75,6561,31,3,2026-01-17,2,Workflow Suite,Software,Outbound,Multi-year,New business,New,484553.04,6.67,452233.35,False,None,1,25.1,2026-04-15,Closed Lost,Demo,2026-03-17,2026-03-17,Closed Lost,Budget constraints,2026-02-01,44,,59.0,59,0,1,1,2026,1,0,0,0,1,False,0.0,0.0,Excluded,0,Closed,Closed opportunity,No open-deal action,,,,,,,,,,Closed,0.0
806,14239,Mumbai,Maharashtra,West,IT Services,Mid-market,333,False,80,14239,24,2,2024-04-24,3,Data Advisory,Services,Referral,Project,New business,New,732138.06,5.16,694359.74,True,Competitor A,3,31.4,2024-08-09,Closed Lost,Qualified,2024-05-13,2024-05-13,Closed Lost,Customer priorities changed,2024-05-07,6,,19.0,19,0,2,4,2024,0,0,1,0,2,False,0.0,0.0,Excluded,0,Closed,Closed opportunity,No open-deal action,,,,,,,,,,Closed,0.0
807,10218,Delhi,Delhi,North,IT Services,Mid-market,78,True,68,10218,32,3,2026-01-29,3,Data Advisory,Services,Referral,Annual,Expansion,Existing,577314.96,3.47,557282.13,False,None,4,19.7,2026-06-07,Closed Lost,Demo,2026-03-27,2026-03-27,Closed Lost,Competitor selected,2026-03-13,14,,57.0,57,0,1,1,2026,1,0,1,0,1,False,0.0,0.0,Excluded,0,Closed,Closed opportunity,No open-deal action,,,,,,,,,,Closed,0.0
808,15521,Kolkata,West Bengal,East,BFSI,Mid-market,309,False,83,15521,37,4,2025-09-06,2,Workflow Suite,Software,Event,Annual,New business,New,807064.67,2.13,789874.19,False,None,3,45.5,2025-12-27,Closed Lost,Negotiation,2026-01-20,2026-01-20,Closed Lost,Internal approval delay,2025-12-12,39,,136.0,136,0,3,9,2025,1,4,0,0,1,True,0.0,0.0,Excluded,0,Closed,Closed opportunity,No open-deal action,,,,,,,,,,Closed,0.0
809,14251,Bhubaneswar,Odisha,East,Retail,SMB,88,False,74,14251,40,4,2026-05-19,1,Cloud Enablement,Services,Inbound,Annual,New business,New,232003.49,7.46,214696.03,True,Competitor A,3,62.9,2026-09-12,Negotiation,Proposal,2026-08-21,,Open,,2026-08-25,6,2026-08-29,,104,10,2,5,2026,0,1,1,2,0,True,0.7453936624713393,160033.06011975653,Commit,15,Low,Competitor present; No future follow-up,Clarify differentiation and buying criteria; Schedule a dated next action,12.5,10.0,5.277777777777779,7.8625,12.5,9.31742078089174,12.5,0.0,70.0,Healthy,24004.95901796348
810,3275,Chennai,Tamil Nadu,South,BFSI,Enterprise,891,False,72,3275,6,1,2024-10-18,3,Data Advisory,Services,Partner,Project,New business,New,4409399.6,2.27,4309306.23,False,None,6,81.1,2025-04-10,Closed Won,Negotiation,2025-03-14,2025-03-14,Closed Won,,2025-03-11,3,,147.0,147,0,4,10,2024,0,4,0,1,0,True,1.0,0.0,Closed Won,0,Closed,Closed opportunity,No open-deal action,,,,,,,,,,Closed,0.0
811,10124,Chennai,Tamil Nadu,South,IT Services,SMB,35,False,46,10124,11,1,2026-04-20,2,Workflow Suite,Software,Partner,Annual,New business,New,74167.39,4.94,70503.52,True,Competitor B,4,50.0,2026-06-24,Closed Lost,Negotiation,2026-08-17,2026-08-17,Closed Lost,Product mismatch,2026-08-05,12,,119.0,119,0,2,4,2026,0,1,0,0,1,True,0.0,0.0,Excluded,0,Closed,Closed opportunity,No open-deal action,,,,,,,,,,Closed,0.0
812,1154,Bhubaneswar,Odisha,East,Manufacturing,SMB,91,False,54,1154,40,4,2024-08-29,2,Workflow Suite,Software,Inbound,Annual,New business,New,126729.41,1.05,125398.75,False,None,2,19.5,2024-10-28,Closed Lost,Proposal,2024-11-21,2024-11-21,Closed Lost,Poor engagement,2024-10-28,24,,84.0,84,0,3,8,2024,2,0,0,0,0,True,0.0,0.0,Excluded,0,Closed,Closed opportunity,No open-deal action,,,,,,,,,,Closed,0.0
813,11011,Delhi,Delhi,North,IT Services,Mid-market,231,False,94,11011,31,3,2025-06-23,3,Data Advisory,Services,Referral,Multi-year,New business,New,3309604.66,12.23,2904840.01,False,None,4,59.6,2025-09-25,Closed Lost,Lead,2025-07-20,2025-07-20,Closed Lost,Product mismatch,2025-07-11,9,,27.0,27,0,2,6,2025,3,1,2,0,2,False,0.0,0.0,Excluded,0,Closed,Closed opportunity,No open-deal action,,,,,,,,,,Closed,0.0
814,655,Delhi,Delhi,North,Manufacturing,SMB,102,False,72,655,26,3,2026-04-28,3,Data Advisory,Services,Outbound,Annual,New business,New,409563.76,6.86,381467.69,True,Competitor A,4,81.5,2026-07-14,Closed Lost,Proposal,2026-08-03,2026-08-03,Closed Lost,No decision,2026-07-19,15,,97.0,97,0,2,4,2026,2,4,0,0,1,True,0.0,0.0,Excluded,0,Closed,Closed opportunity,No open-deal action,,,,,,,,,,Closed,0.0
815,10607,Delhi,Delhi,North,IT Services,Mid-market,231,False,86,10607,30,3,2026-06-15,2,Workflow Suite,Software,Outbound,Project,New business,New,870029.09,1.93,853237.53,True,Competitor A,1,15.1,2026-09-05,Closed Lost,Discovery,2026-07-25,2026-07-25,Closed Lost,Competitor selected,2026-07-13,12,,40.0,40,0,2,6,2026,1,1,0,0,1,False,0.0,0.0,Excluded,0,Closed,Closed opportunity,No open-deal action,,,,,,,,,,Closed,0.0
816,4606,Pune,Maharashtra,West,IT Services,Enterprise,1287,False,91,4606,15,2,2025-02-14,1,Cloud Enablement,Services,Referral,Annual,New business,New,2427526.22,2.12,2376062.66,True,Competitor C,4,90.8,2025-06-12,Closed Won,Negotiation,2025-05-11,2025-05-11,Closed Won,,2025-05-06,5,,86.0,86,0,1,2,2025,0,1,2,0,2,True,1.0,0.0,Closed Won,0,Closed,Closed opportunity,No open-deal action,,,,,,,,,,Closed,0.0
817,11815,Chennai,Tamil Nadu,South,Manufacturing,SMB,137,True,91,11815,11,1,2024-06-28,2,Workflow Suite,Software,Inbound,Annual,Renewal,Existing,156479.14,8.61,143006.29,True,Competitor A,2,27.2,2024-09-24,Closed Lost,Negotiation,2024-11-13,2024-11-13,Closed Lost,Competitor selected,2024-10-03,41,,138.0,138,0,2,6,2024,0,2,1,0,0,True,0.0,0.0,Excluded,0,Closed,Closed opportunity,No open-deal action,,,,,,,,,,Closed,0.0
818,2972,Bengaluru,Karnataka,South,Manufacturing,Enterprise,990,True,63,2972,7,1,2026-01-08,4,Security Services,Services,Referral,Project,Renewal,Existing,1484695.95,6.42,1389378.47,False,None,4,39.9,2026-04-19,Closed Lost,Demo,2026-04-01,2026-04-01,Closed Lost,No decision,2026-02-26,34,,83.0,83,0,1,1,2026,2,1,0,0,0,False,0.0,0.0,Excluded,0,Closed,Closed opportunity,No open-deal action,,,,,,,,,,Closed,0.0
819,4658,Delhi,Delhi,North,Retail,SMB,92,False,76,4658,28,3,2023-06-09,4,Security Services,Services,Partner,Annual,New business,New,328798.74,11.91,289638.81,True,Competitor C,4,21.1,2023-10-23,Closed Lost,Lead,2023-06-16,2023-06-16,Closed Lost,Competitor selected,2023-06-16,0,,7.0,7,0,2,6,2023,1,2,1,0,1,False,0.0,0.0,Excluded,0,Closed,Closed opportunity,No open-deal action,,,,,,,,,,Closed,0.0
820,15025,Mumbai,Maharashtra,West,IT Services,SMB,143,False,71,15025,18,2,2026-03-10,3,Data Advisory,Services,Outbound,Annual,New business,New,429577.56,9.61,388295.16,False,None,3,61.2,2026-06-30,Closed Won,Negotiation,2026-06-22,2026-06-22,Closed Won,,2026-06-05,17,,104.0,104,0,1,3,2026,1,1,1,0,1,True,1.0,0.0,Closed Won,0,Closed,Closed opportunity,No open-deal action,,,,,,,,,,Closed,0.0
821,10314,Mumbai,Maharashtra,West,BFSI,Mid-market,429,True,38,10314,16,2,2025-11-10,4,Security Services,Services,Inbound,Annual,Renewal,Existing,1215152.34,4.04,1166060.19,False,None,4,52.5,2026-03-09,Closed Lost,Proposal,2026-03-19,2026-03-19,Closed Lost,Pricing,2026-02-22,25,,129.0,129,0,4,11,2025,1,0,1,0,1,True,0.0,0.0,Excluded,0,Closed,Closed opportunity,No open-deal action,,,,,,,,,,Closed,0.0
822,15479,Bengaluru,Karnataka,South,Manufacturing,Mid-market,420,True,77,15479,11,1,2023-10-02,3,Data Advisory,Services,Outbound,Multi-year,Renewal,Existing,2716470.63,16.21,2276130.74,False,None,2,47.5,2024-02-19,Closed Lost,Demo,2023-10-30,2023-10-30,Closed Lost,Poor engagement,2023-10-12,18,,28.0,28,0,4,10,2023,0,2,2,0,0,False,0.0,0.0,Excluded,0,Closed,Closed opportunity,No open-deal action,,,,,,,,,,Closed,0.0
823,12689,Pune,Maharashtra,West,Healthcare,SMB,114,True,75,12689,22,2,2023-07-13,4,Security Services,Services,Partner,Project,Renewal,Existing,455227.06,3.53,439157.54,True,Competitor A,1,75.1,2023-09-25,Closed Lost,Lead,2023-07-24,2023-07-24,Closed Lost,Internal approval delay,2023-07-24,0,,11.0,11,0,3,7,2023,1,2,0,0,0,False,0.0,0.0,Excluded,0,Closed,Closed opportunity,No open-deal action,,,,,,,,,,Closed,0.0
824,7367,Jaipur,Rajasthan,North,Manufacturing,Mid-market,222,False,92,7367,33,3,2024-12-22,3,Data Advisory,Services,Inbound,Annual,New business,New,935035.46,6.72,872201.08,False,None,3,39.7,2025-02-19,Closed Lost,Lead,2025-01-03,2025-01-03,Closed Lost,Budget constraints,2025-01-01,2,,12.0,12,0,4,12,2024,0,2,2,0,1,False,0.0,0.0,Excluded,0,Closed,Closed opportunity,No open-deal action,,,,,,,,,,Closed,0.0
825,6203,Chennai,Tamil Nadu,South,Manufacturing,Mid-market,351,False,89,6203,8,1,2025-06-19,1,Cloud Enablement,Services,Event,Annual,New business,New,739741.42,13.46,640172.22,False,None,4,33.0,2025-11-16,Closed Lost,Discovery,2025-09-02,2025-09-02,Closed Lost,Product mismatch,2025-08-09,24,,75.0,75,0,2,6,2025,1,0,1,0,0,False,0.0,0.0,Excluded,0,Closed,Closed opportunity,No open-deal action,,,,,,,,,,Closed,0.0
826,5879,Jaipur,Rajasthan,North,IT Services,SMB,87,False,48,5879,33,3,2024-07-30,2,Workflow Suite,Software,Partner,Annual,New business,New,286827.67,5.91,269876.15,False,None,3,47.3,2024-10-06,Closed Won,Negotiation,2025-01-19,2025-01-19,Closed Won,,2024-10-29,82,,173.0,173,0,3,7,2024,0,1,0,1,0,True,1.0,0.0,Closed Won,0,Closed,Closed opportunity,No open-deal action,,,,,,,,,,Closed,0.0
827,7886,Chennai,Tamil Nadu,South,Healthcare,SMB,52,False,39,7886,8,1,2024-08-26,4,Security Services,Services,Partner,Annual,New business,New,148827.19,5.64,140433.34,False,None,1,52.4,2024-12-07,Closed Lost,Lead,2024-09-07,2024-09-07,Closed Lost,Poor engagement,2024-09-05,2,,12.0,12,0,3,8,2024,1,0,0,0,1,False,0.0,0.0,Excluded,0,Closed,Closed opportunity,No open-deal action,,,,,,,,,,Closed,0.0
828,6799,Pune,Maharashtra,West,Manufacturing,SMB,83,True,85,6799,19,2,2025-06-11,2,Workflow Suite,Software,Event,Multi-year,Expansion,Existing,781680.24,3.64,753227.08,False,None,4,82.1,2025-09-26,Closed Lost,Negotiation,2025-11-07,2025-11-07,Closed Lost,Poor engagement,2025-11-04,3,,149.0,149,0,2,6,2025,0,1,2,0,1,True,0.0,0.0,Excluded,0,Closed,Closed opportunity,No open-deal action,,,,,,,,,,Closed,0.0
829,2155,Jaipur,Rajasthan,North,Retail,SMB,62,True,68,2155,27,3,2026-06-30,2,Workflow Suite,Software,Outbound,Multi-year,Renewal,Existing,471667.34,5.85,444074.8,True,Competitor A,1,48.5,2026-10-13,Demo,Discovery,2026-08-22,,Open,,2026-08-03,28,2026-08-19,,62,9,2,6,2026,1,1,1,0,0,False,0.49543899657924745,220011.97331812998,Best Case,30,Medium,No recent activity; Competitor present; No future follow-up,Contact the customer and log the response; Clarify differentiation and buying criteria; Schedule a dated next action,8.333333333333332,0.8333333333333331,8.194444444444445,6.0625,12.5,6.192987457240593,12.5,0.0,54.6,Watch,66003.591995439
830,13896,Jaipur,Rajasthan,North,BFSI,Mid-market,312,False,85,13896,32,3,2023-09-10,4,Security Services,Services,Event,Multi-year,New business,New,1551276.39,9.0,1411661.51,True,Competitor B,1,86.4,2023-12-26,Closed Lost,Negotiation,2023-12-07,2023-12-07,Closed Lost,Competitor selected,2023-11-15,22,,88.0,88,0,3,9,2023,1,2,0,0,0,True,0.0,0.0,Excluded,0,Closed,Closed opportunity,No open-deal action,,,,,,,,,,Closed,0.0
831,3898,Bengaluru,Karnataka,South,BFSI,Enterprise,675,True,74,3898,4,1,2023-01-13,1,Cloud Enablement,Services,Partner,Project,Renewal,Existing,3581583.14,8.69,3270343.57,True,Competitor B,6,55.0,2023-07-26,Closed Won,Negotiation,2023-05-10,2023-05-10,Closed Won,,2023-04-29,11,,117.0,117,0,1,1,2023,0,0,0,1,1,True,1.0,0.0,Closed Won,0,Closed,Closed opportunity,No open-deal action,,,,,,,,,,Closed,0.0
832,2413,Bhubaneswar,Odisha,East,Manufacturing,SMB,56,False,72,2413,45,4,2025-08-15,3,Data Advisory,Services,Outbound,Project,New business,New,181082.17,7.78,166993.98,True,Competitor A,1,35.8,2025-11-09,Closed Lost,Discovery,2025-09-20,2025-09-20,Closed Lost,Competitor selected,2025-08-31,20,,36.0,36,0,3,8,2025,1,0,1,0,0,False,0.0,0.0,Excluded,0,Closed,Closed opportunity,No open-deal action,,,,,,,,,,Closed,0.0
833,2846,Pune,Maharashtra,West,Healthcare,SMB,138,True,76,2846,13,2,2025-11-18,3,Data Advisory,Services,Referral,Annual,Renewal,Existing,206782.21,4.27,197952.61,False,None,3,80.8,2026-02-01,Closed Won,Negotiation,2026-03-07,2026-03-07,Closed Won,,2026-02-02,33,,109.0,109,0,4,11,2025,0,1,4,0,2,True,1.0,0.0,Closed Won,0,Closed,Closed opportunity,No open-deal action,,,,,,,,,,Closed,0.0
834,2514,Kolkata,West Bengal,East,IT Services,SMB,72,True,38,2514,48,4,2025-11-11,1,Cloud Enablement,Services,Inbound,Project,Renewal,Existing,373772.86,2.78,363381.97,False,None,2,35.4,2026-01-05,Closed Lost,Discovery,2026-01-13,2026-01-13,Closed Lost,No decision,2026-01-12,1,,63.0,63,0,4,11,2025,0,4,0,0,1,False,0.0,0.0,Excluded,0,Closed,Closed opportunity,No open-deal action,,,,,,,,,,Closed,0.0
835,10553,Bhubaneswar,Odisha,East,Retail,Mid-market,300,False,72,10553,42,4,2026-07-11,4,Security Services,Services,Outbound,Project,New business,New,595724.2,7.28,552355.48,False,None,2,26.4,2026-10-28,Closed Lost,Qualified,2026-08-19,2026-08-19,Closed Lost,Other,2026-08-15,4,,39.0,39,0,3,7,2026,1,2,0,0,0,False,0.0,0.0,Excluded,0,Closed,Closed opportunity,No open-deal action,,,,,,,,,,Closed,0.0
836,4667,Mumbai,Maharashtra,West,Healthcare,Enterprise,234,False,53,4667,20,2,2026-01-07,4,Security Services,Services,Outbound,Project,New business,New,1260747.46,7.71,1163543.83,True,Competitor B,5,67.3,2026-04-19,Closed Lost,Lead,2026-02-12,2026-02-12,Closed Lost,Competitor selected,2026-01-30,13,,36.0,36,0,1,1,2026,0,2,1,0,0,False,0.0,0.0,Excluded,0,Closed,Closed opportunity,No open-deal action,,,,,,,,,,Closed,0.0
837,270,Delhi,Delhi,North,Healthcare,Mid-market,288,True,81,270,27,3,2025-09-13,2,Workflow Suite,Software,Partner,Annual,Renewal,Existing,887012.98,7.92,816761.55,False,None,2,29.0,2025-12-04,Closed Lost,Qualified,2025-10-07,2025-10-07,Closed Lost,Pricing,2025-10-07,0,,24.0,24,0,3,9,2025,1,0,1,0,0,False,0.0,0.0,Excluded,0,Closed,Closed opportunity,No open-deal action,,,,,,,,,,Closed,0.0
838,9714,Pune,Maharashtra,West,Retail,Enterprise,234,False,87,9714,15,2,2026-02-24,4,Security Services,Services,Partner,Multi-year,New business,New,1273566.76,7.44,1178813.39,False,None,3,39.0,2026-05-16,Closed Won,Negotiation,2026-08-09,2026-08-09,Closed Won,,2026-08-02,7,,166.0,166,0,1,2,2026,0,0,0,0,1,True,1.0,0.0,Closed Won,0,Closed,Closed opportunity,No open-deal action,,,,,,,,,,Closed,0.0
839,7268,Pune,Maharashtra,West,Retail,Mid-market,132,False,88,7268,19,2,2026-04-29,1,Cloud Enablement,Services,Inbound,Annual,New business,New,564296.53,2.64,549399.1,False,None,3,45.5,2026-09-10,Closed Lost,Discovery,2026-06-11,2026-06-11,Closed Lost,Internal approval delay,2026-05-16,26,,43.0,43,0,2,4,2026,0,2,0,0,0,False,0.0,0.0,Excluded,0,Closed,Closed opportunity,No open-deal action,,,,,,,,,,Closed,0.0
840,11872,Delhi,Delhi,North,Retail,Enterprise,909,False,52,11872,35,3,2026-07-20,4,Security Services,Services,Inbound,Annual,New business,New,1921070.66,1.68,1888796.67,True,Competitor B,4,33.8,2026-12-15,Closed Lost,Lead,2026-08-03,2026-08-03,Closed Lost,Competitor selected,2026-07-26,8,,14.0,14,0,3,7,2026,0,2,0,0,0,False,0.0,0.0,Excluded,0,Closed,Closed opportunity,No open-deal action,,,,,,,,,,Closed,0.0
841,3032,Mumbai,Maharashtra,West,Manufacturing,SMB,93,False,90,3032,13,2,2026-07-20,3,Data Advisory,Services,Referral,Project,New business,New,202239.94,12.42,177121.74,True,Competitor A,1,56.8,2026-10-09,Discovery,Qualified,2026-08-22,,Open,,2026-08-28,3,2026-09-05,,42,9,3,7,2026,0,0,4,0,3,False,0.4055827312300857,71837.51906942512,Best Case,5,Low,Competitor present,Clarify differentiation and buying criteria,6.25,11.25,9.583333333333332,7.1,12.5,5.069784140376071,12.5,12.5,76.8,Healthy,3591.8759534712563
842,16508,Kolkata,West Bengal,East,Retail,Enterprise,1026,False,67,16508,44,4,2025-08-25,3,Data Advisory,Services,Inbound,Annual,New business,New,6362672.61,5.11,6037540.04,True,Competitor B,6,55.3,2026-01-10,Closed Lost,Proposal,2025-11-25,2025-11-25,Closed Lost,Competitor selected,2025-11-04,21,,92.0,92,0,3,8,2025,2,2,1,0,1,True,0.0,0.0,Excluded,0,Closed,Closed opportunity,No open-deal action,,,,,,,,,,Closed,0.0
843,2196,Kolkata,West Bengal,East,Healthcare,SMB,50,True,92,2196,44,4,2025-04-01,1,Cloud Enablement,Services,Partner,Multi-year,Renewal,Existing,309653.63,6.46,289650.01,True,Competitor B,1,56.4,2025-06-01,Closed Won,Negotiation,2025-07-11,2025-07-11,Closed Won,,2025-07-11,0,,101.0,101,0,2,4,2025,1,1,1,2,1,True,1.0,0.0,Closed Won,0,Closed,Closed opportunity,No open-deal action,,,,,,,,,,Closed,0.0
844,681,Jaipur,Rajasthan,North,Healthcare,Mid-market,384,False,87,681,36,3,2023-10-26,1,Cloud Enablement,Services,Inbound,Project,New business,New,1382721.65,2.78,1344281.99,True,Competitor C,2,63.7,2024-03-10,Closed Lost,Proposal,2024-01-10,2024-01-10,Closed Lost,Poor engagement,2024-01-10,0,,76.0,76,0,4,10,2023,1,1,2,0,0,True,0.0,0.0,Excluded,0,Closed,Closed opportunity,No open-deal action,,,,,,,,,,Closed,0.0
845,5973,Pune,Maharashtra,West,BFSI,SMB,63,False,51,5973,14,2,2024-04-20,1,Cloud Enablement,Services,Outbound,Annual,New business,New,410687.72,7.26,380871.79,True,Competitor C,1,26.8,2024-06-17,Closed Lost,Lead,2024-04-29,2024-04-29,Closed Lost,Competitor selected,2024-04-29,0,,9.0,9,0,2,4,2024,0,1,1,0,1,False,0.0,0.0,Excluded,0,Closed,Closed opportunity,No open-deal action,,,,,,,,,,Closed,0.0
846,5948,Bhubaneswar,Odisha,East,Manufacturing,Enterprise,306,True,62,5948,46,4,2023-12-09,3,Data Advisory,Services,Partner,Project,Renewal,Existing,1804601.61,8.78,1646157.59,False,None,5,87.9,2024-04-11,Closed Won,Negotiation,2024-03-20,2024-03-20,Closed Won,,2024-03-07,13,,102.0,102,0,4,12,2023,2,2,5,0,1,True,1.0,0.0,Closed Won,0,Closed,Closed opportunity,No open-deal action,,,,,,,,,,Closed,0.0
847,15163,Jaipur,Rajasthan,North,Manufacturing,Enterprise,315,False,95,15163,25,3,2025-06-11,4,Security Services,Services,Partner,Project,New business,New,1795143.15,3.1,1739493.71,False,None,6,43.0,2025-10-13,Closed Won,Negotiation,2025-11-18,2025-11-18,Closed Won,,2025-09-07,72,,160.0,160,0,2,6,2025,0,0,0,0,1,True,1.0,0.0,Closed Won,0,Closed,Closed opportunity,No open-deal action,,,,,,,,,,Closed,0.0
848,5132,Pune,Maharashtra,West,IT Services,Mid-market,393,False,58,5132,22,2,2026-03-15,1,Cloud Enablement,Services,Outbound,Annual,New business,New,637915.45,11.65,563598.3,True,Competitor B,2,66.4,2026-05-31,Closed Lost,Demo,2026-05-26,2026-05-26,Closed Lost,Pricing,2026-05-18,8,,72.0,72,0,1,3,2026,1,1,1,0,1,False,0.0,0.0,Excluded,0,Closed,Closed opportunity,No open-deal action,,,,,,,,,,Closed,0.0
849,10266,Chennai,Tamil Nadu,South,IT Services,Mid-market,201,True,45,10266,9,1,2024-09-13,4,Security Services,Services,Referral,Annual,Renewal,Existing,865631.64,10.64,773528.43,True,Competitor C,3,45.1,2024-11-20,Closed Won,Negotiation,2024-12-27,2024-12-27,Closed Won,,2024-12-06,21,,105.0,105,0,3,9,2024,1,2,2,0,0,True,1.0,0.0,Closed Won,0,Closed,Closed opportunity,No open-deal action,,,,,,,,,,Closed,0.0
850,703,Chennai,Tamil Nadu,South,Healthcare,Mid-market,234,True,69,703,3,1,2023-05-13,1,Cloud Enablement,Services,Inbound,Project,Renewal,Existing,1274109.09,11.96,1121725.64,False,None,4,71.4,2023-08-15,Closed Won,Negotiation,2023-08-22,2023-08-22,Closed Won,,2023-07-18,35,,101.0,101,0,2,5,2023,1,1,2,0,0,True,1.0,0.0,Closed Won,0,Closed,Closed opportunity,No open-deal action,,,,,,,,,,Closed,0.0
851,9855,Jaipur,Rajasthan,North,IT Services,Mid-market,168,False,62,9855,33,3,2023-06-06,3,Data Advisory,Services,Event,Annual,New business,New,1229351.83,4.91,1168990.66,False,None,2,89.4,2023-08-26,Closed Won,Negotiation,2023-08-06,2023-08-06,Closed Won,,2023-07-25,12,,61.0,61,0,2,6,2023,1,3,0,1,2,True,1.0,0.0,Closed Won,0,Closed,Closed opportunity,No open-deal action,,,,,,,,,,Closed,0.0
852,13198,Bengaluru,Karnataka,South,IT Services,SMB,73,False,56,13198,8,1,2026-06-03,2,Workflow Suite,Software,Outbound,Annual,New business,New,249600.17,2.07,244433.45,False,None,3,64.4,2026-08-29,Closed Lost,Lead,2026-07-01,2026-07-01,Closed Lost,Other,2026-06-30,1,,28.0,28,0,2,6,2026,0,3,1,0,4,False,0.0,0.0,Excluded,0,Closed,Closed opportunity,No open-deal action,,,,,,,,,,Closed,0.0
853,12047,Jaipur,Rajasthan,North,Healthcare,Mid-market,84,True,90,12047,29,3,2023-05-27,4,Security Services,Services,Partner,Project,Renewal,Existing,599426.24,8.36,549314.21,False,None,1,58.7,2023-08-16,Closed Lost,Negotiation,2023-09-21,2023-09-21,Closed Lost,Budget constraints,2023-08-26,26,,117.0,117,0,2,5,2023,0,2,1,0,0,True,0.0,0.0,Excluded,0,Closed,Closed opportunity,No open-deal action,,,,,,,,,,Closed,0.0
854,7099,Chennai,Tamil Nadu,South,Healthcare,SMB,121,True,91,7099,1,1,2023-12-22,1,Cloud Enablement,Services,Partner,Annual,Renewal,Existing,295866.25,13.26,256634.39,True,Competitor A,4,79.4,2024-03-25,Closed Lost,Lead,2023-12-28,2023-12-28,Closed Lost,Competitor selected,2023-12-27,1,,6.0,6,0,4,12,2023,2,1,6,0,2,False,0.0,0.0,Excluded,0,Closed,Closed opportunity,No open-deal action,,,,,,,,,,Closed,0.0
855,9050,Jaipur,Rajasthan,North,IT Services,SMB,138,False,83,9050,29,3,2024-10-12,4,Security Services,Services,Referral,Project,New business,New,174073.76,6.13,163403.04,False,None,4,65.0,2025-01-19,Closed Won,Negotiation,2025-01-28,2025-01-28,Closed Won,,2025-01-06,22,,108.0,108,0,4,10,2024,0,2,3,0,0,True,1.0,0.0,Closed Won,0,Closed,Closed opportunity,No open-deal action,,,,,,,,,,Closed,0.0
856,10236,Kolkata,West Bengal,East,Healthcare,Mid-market,405,False,35,10236,48,4,2024-07-31,3,Data Advisory,Services,Referral,Annual,New business,New,1028286.81,0.55,1022631.23,False,None,4,41.6,2024-10-29,Closed Lost,Qualified,2024-08-19,2024-08-19,Closed Lost,Budget constraints,2024-08-18,1,,19.0,19,0,3,7,2024,0,2,3,0,2,False,0.0,0.0,Excluded,0,Closed,Closed opportunity,No open-deal action,,,,,,,,,,Closed,0.0
857,7206,Delhi,Delhi,North,Retail,Mid-market,429,False,68,7206,36,3,2026-08-01,4,Security Services,Services,Inbound,Project,New business,New,754467.05,3.27,729795.98,False,None,4,41.7,2026-10-14,Closed Lost,Lead,2026-08-14,2026-08-14,Closed Lost,Pricing,2026-08-03,11,,13.0,13,0,3,8,2026,0,0,1,0,0,False,0.0,0.0,Excluded,0,Closed,Closed opportunity,No open-deal action,,,,,,,,,,Closed,0.0
858,7538,Jaipur,Rajasthan,North,Healthcare,SMB,130,False,69,7538,30,3,2025-11-05,4,Security Services,Services,Event,Annual,New business,New,433723.07,8.62,396336.14,False,None,3,22.8,2026-01-27,Closed Lost,Qualified,2025-12-22,2025-12-22,Closed Lost,Pricing,2025-12-19,3,,47.0,47,0,4,11,2025,1,1,0,0,2,False,0.0,0.0,Excluded,0,Closed,Closed opportunity,No open-deal action,,,,,,,,,,Closed,0.0
859,15594,Chennai,Tamil Nadu,South,Healthcare,Enterprise,666,True,65,15594,10,1,2023-12-22,3,Data Advisory,Services,Outbound,Project,Renewal,Existing,2669113.29,5.98,2509500.32,False,None,4,25.3,2024-05-11,Closed Lost,Qualified,2024-01-26,2024-01-26,Closed Lost,No decision,2024-01-25,1,,35.0,35,0,4,12,2023,3,1,1,0,1,False,0.0,0.0,Excluded,0,Closed,Closed opportunity,No open-deal action,,,,,,,,,,Closed,0.0
860,6102,Bhubaneswar,Odisha,East,Healthcare,Enterprise,639,True,88,6102,47,4,2023-03-10,4,Security Services,Services,Outbound,Annual,Expansion,Existing,2229915.89,9.76,2012276.1,True,Competitor B,4,77.2,2023-05-30,Closed Lost,Negotiation,2023-07-21,2023-07-21,Closed Lost,Competitor selected,2023-07-14,7,,133.0,133,0,1,3,2023,1,2,2,0,1,True,0.0,0.0,Excluded,0,Closed,Closed opportunity,No open-deal action,,,,,,,,,,Closed,0.0
861,15333,Kolkata,West Bengal,East,Healthcare,SMB,72,False,76,15333,48,4,2024-05-19,2,Workflow Suite,Software,Referral,Project,New business,New,108899.77,1.96,106765.33,False,None,4,34.7,2024-10-02,Closed Lost,Qualified,2024-06-24,2024-06-24,Closed Lost,Competitor selected,2024-06-23,1,,36.0,36,0,2,5,2024,0,1,0,0,2,False,0.0,0.0,Excluded,0,Closed,Closed opportunity,No open-deal action,,,,,,,,,,Closed,0.0
862,2293,Chennai,Tamil Nadu,South,BFSI,Mid-market,363,False,36,2293,7,1,2026-03-14,2,Workflow Suite,Software,Outbound,Project,New business,New,837450.7,4.79,797336.81,False,None,2,78.9,2026-06-11,Closed Lost,Lead,2026-04-26,2026-04-26,Closed Lost,Procurement delay,2026-04-18,8,,43.0,43,0,1,3,2026,1,2,3,0,1,False,0.0,0.0,Excluded,0,Closed,Closed opportunity,No open-deal action,,,,,,,,,,Closed,0.0
863,7946,Delhi,Delhi,North,Manufacturing,Mid-market,270,True,86,7946,30,3,2025-06-03,4,Security Services,Services,Outbound,Project,Renewal,Existing,682514.48,7.13,633851.2,True,Competitor B,1,66.0,2025-09-09,Closed Won,Negotiation,2025-09-17,2025-09-17,Closed Won,,2025-09-14,3,,106.0,106,0,2,6,2025,0,2,0,0,1,True,1.0,0.0,Closed Won,0,Closed,Closed opportunity,No open-deal action,,,,,,,,,,Closed,0.0
864,14849,Chennai,Tamil Nadu,South,Healthcare,SMB,91,False,64,14849,10,1,2026-04-25,4,Security Services,Services,Inbound,Annual,New business,New,312372.95,3.0,303001.76,True,Competitor B,2,97.0,2026-07-17,Closed Lost,Lead,2026-05-08,2026-05-08,Closed Lost,Budget constraints,2026-05-06,2,,13.0,13,0,2,4,2026,1,0,3,0,0,False,0.0,0.0,Excluded,0,Closed,Closed opportunity,No open-deal action,,,,,,,,,,Closed,0.0
865,3634,Kolkata,West Bengal,East,Retail,SMB,51,True,37,3634,41,4,2026-07-09,4,Security Services,Services,Inbound,Annual,Renewal,Existing,169972.82,3.4,164193.74,False,None,4,66.9,2026-09-20,Closed Lost,Lead,2026-08-18,2026-08-18,Closed Lost,Procurement delay,2026-08-16,2,,40.0,40,0,3,7,2026,1,2,2,0,1,False,0.0,0.0,Excluded,0,Closed,Closed opportunity,No open-deal action,,,,,,,,,,Closed,0.0
866,1991,Delhi,Delhi,North,Healthcare,Mid-market,378,False,88,1991,32,3,2024-12-14,1,Cloud Enablement,Services,Inbound,Multi-year,New business,New,3195674.44,7.71,2949287.94,False,None,4,30.3,2025-02-11,Closed Lost,Demo,2025-02-19,2025-02-19,Closed Lost,Timing,2025-02-10,9,,67.0,67,0,4,12,2024,0,2,0,0,0,False,0.0,0.0,Excluded,0,Closed,Closed opportunity,No open-deal action,,,,,,,,,,Closed,0.0
867,10668,Chennai,Tamil Nadu,South,Healthcare,Enterprise,684,True,80,10668,2,1,2023-01-24,1,Cloud Enablement,Services,Inbound,Project,Expansion,Existing,2199595.14,11.25,1952140.69,True,Competitor B,3,70.2,2023-05-10,Closed Lost,Discovery,2023-03-08,2023-03-08,Closed Lost,Budget constraints,2023-03-07,1,,43.0,43,0,1,1,2023,1,2,3,0,2,False,0.0,0.0,Excluded,0,Closed,Closed opportunity,No open-deal action,,,,,,,,,,Closed,0.0
868,9642,Jaipur,Rajasthan,North,Retail,Mid-market,339,True,74,9642,28,3,2025-03-31,3,Data Advisory,Services,Outbound,Annual,Renewal,Existing,1140204.91,5.45,1078063.74,False,None,2,78.2,2025-07-19,Closed Lost,Lead,2025-04-09,2025-04-09,Closed Lost,Budget constraints,2025-04-09,0,,9.0,9,0,1,3,2025,1,0,3,0,2,False,0.0,0.0,Excluded,0,Closed,Closed opportunity,No open-deal action,,,,,,,,,,Closed,0.0
869,7843,Kolkata,West Bengal,East,Manufacturing,Mid-market,444,False,77,7843,38,4,2026-01-30,2,Workflow Suite,Software,Partner,Annual,New business,New,443304.69,5.22,420164.19,True,Competitor A,2,82.5,2026-04-12,Closed Won,Negotiation,2026-04-07,2026-04-07,Closed Won,,2026-03-24,14,,67.0,67,0,1,1,2026,1,1,0,1,1,True,1.0,0.0,Closed Won,0,Closed,Closed opportunity,No open-deal action,,,,,,,,,,Closed,0.0
870,16269,Kolkata,West Bengal,East,Retail,Mid-market,285,True,71,16269,37,4,2026-03-13,2,Workflow Suite,Software,Inbound,Annual,Renewal,Existing,619340.46,9.16,562608.87,True,Competitor A,1,56.1,2026-06-26,Closed Lost,Lead,2026-03-22,2026-03-22,Closed Lost,Procurement delay,2026-03-22,0,,9.0,9,0,1,3,2026,0,1,3,0,0,False,0.0,0.0,Excluded,0,Closed,Closed opportunity,No open-deal action,,,,,,,,,,Closed,0.0
871,6415,Chennai,Tamil Nadu,South,BFSI,Mid-market,381,False,53,6415,2,1,2023-05-25,1,Cloud Enablement,Services,Inbound,Annual,New business,New,1220420.87,15.51,1031133.59,True,Competitor C,1,30.4,2023-08-14,Closed Lost,Qualified,2023-06-20,2023-06-20,Closed Lost,Competitor selected,2023-06-17,3,,26.0,26,0,2,5,2023,1,0,2,0,0,False,0.0,0.0,Excluded,0,Closed,Closed opportunity,No open-deal action,,,,,,,,,,Closed,0.0
872,4777,Mumbai,Maharashtra,West,Healthcare,SMB,145,False,38,4777,18,2,2024-10-07,1,Cloud Enablement,Services,Partner,Annual,New business,New,372144.63,9.9,335302.31,False,None,1,90.0,2024-12-07,Closed Lost,Lead,2024-10-20,2024-10-20,Closed Lost,Competitor selected,2024-10-17,3,,13.0,13,0,4,10,2024,1,4,0,0,0,False,0.0,0.0,Excluded,0,Closed,Closed opportunity,No open-deal action,,,,,,,,,,Closed,0.0
873,6421,Jaipur,Rajasthan,North,Retail,Enterprise,963,False,53,6421,26,3,2024-01-18,1,Cloud Enablement,Services,Referral,Annual,New business,New,1633934.03,6.82,1522499.73,False,None,3,53.4,2024-05-13,Closed Lost,Lead,2024-01-30,2024-01-30,Closed Lost,Product mismatch,2024-01-27,3,,12.0,12,0,1,1,2024,0,0,2,0,1,False,0.0,0.0,Excluded,0,Closed,Closed opportunity,No open-deal action,,,,,,,,,,Closed,0.0
874,7956,Chennai,Tamil Nadu,South,BFSI,SMB,94,True,93,7956,7,1,2024-02-12,3,Data Advisory,Services,Outbound,Annual,Renewal,Existing,236951.2,13.47,205033.87,True,Competitor B,3,42.4,2024-04-24,Closed Lost,Qualified,2024-03-26,2024-03-26,Closed Lost,Procurement delay,2024-03-05,21,,43.0,43,0,1,2,2024,0,1,2,0,1,False,0.0,0.0,Excluded,0,Closed,Closed opportunity,No open-deal action,,,,,,,,,,Closed,0.0
875,11196,Pune,Maharashtra,West,BFSI,SMB,101,False,65,11196,24,2,2023-08-10,4,Security Services,Services,Referral,Annual,New business,New,167995.88,13.09,146005.22,False,None,1,52.8,2023-10-25,Closed Won,Negotiation,2023-12-18,2023-12-18,Closed Won,,2023-12-18,0,,130.0,130,0,3,8,2023,0,0,1,1,2,True,1.0,0.0,Closed Won,0,Closed,Closed opportunity,No open-deal action,,,,,,,,,,Closed,0.0
876,12427,Jaipur,Rajasthan,North,Retail,SMB,110,False,55,12427,30,3,2023-08-10,3,Data Advisory,Services,Outbound,Project,New business,New,205737.5,8.04,189196.2,True,Competitor C,2,65.8,2023-10-21,Closed Lost,Lead,2023-08-20,2023-08-20,Closed Lost,Competitor selected,2023-08-18,2,,10.0,10,0,3,8,2023,1,1,1,0,1,False,0.0,0.0,Excluded,0,Closed,Closed opportunity,No open-deal action,,,,,,,,,,Closed,0.0
877,6585,Jaipur,Rajasthan,North,IT Services,SMB,109,False,47,6585,26,3,2023-11-17,1,Cloud Enablement,Services,Outbound,Project,New business,New,182673.39,5.17,173229.18,False,None,4,73.1,2024-01-31,Closed Lost,Lead,2023-12-05,2023-12-05,Closed Lost,Pricing,2023-12-03,2,,18.0,18,0,4,11,2023,1,4,0,0,2,False,0.0,0.0,Excluded,0,Closed,Closed opportunity,No open-deal action,,,,,,,,,,Closed,0.0
878,4279,Jaipur,Rajasthan,North,IT Services,Enterprise,261,False,77,4279,27,3,2023-12-17,2,Workflow Suite,Software,Outbound,Multi-year,New business,New,1995681.33,3.12,1933416.07,True,Competitor B,4,80.8,2024-04-22,Closed Lost,Negotiation,2024-03-22,2024-03-22,Closed Lost,Timing,2024-03-19,3,,96.0,96,0,4,12,2023,1,5,0,0,0,True,0.0,0.0,Excluded,0,Closed,Closed opportunity,No open-deal action,,,,,,,,,,Closed,0.0
879,10313,Pune,Maharashtra,West,IT Services,Mid-market,408,False,43,10313,15,2,2025-12-01,3,Data Advisory,Services,Outbound,Annual,New business,New,1444809.89,8.57,1320989.68,False,None,3,82.5,2026-04-05,Closed Lost,Demo,2026-03-15,2026-03-15,Closed Lost,Pricing,2026-02-28,15,,104.0,104,0,4,12,2025,4,1,0,0,2,False,0.0,0.0,Excluded,0,Closed,Closed opportunity,No open-deal action,,,,,,,,,,Closed,0.0
880,3752,Kolkata,West Bengal,East,Manufacturing,Enterprise,252,False,92,3752,41,4,2025-08-17,3,Data Advisory,Services,Outbound,Project,New business,New,1430212.75,8.63,1306785.39,True,Competitor B,5,54.1,2025-12-24,Closed Lost,Qualified,2025-10-06,2025-10-06,Closed Lost,Competitor selected,2025-10-04,2,,50.0,50,0,3,8,2025,0,4,1,0,0,False,0.0,0.0,Excluded,0,Closed,Closed opportunity,No open-deal action,,,,,,,,,,Closed,0.0
881,2481,Jaipur,Rajasthan,North,Manufacturing,Mid-market,345,False,39,2481,27,3,2025-10-22,3,Data Advisory,Services,Partner,Annual,New business,New,711990.92,4.84,677530.56,False,None,1,66.9,2026-01-10,Closed Lost,Negotiation,2026-02-26,2026-02-26,Closed Lost,Procurement delay,2026-02-13,13,,127.0,127,0,4,10,2025,1,0,0,0,0,True,0.0,0.0,Excluded,0,Closed,Closed opportunity,No open-deal action,,,,,,,,,,Closed,0.0
882,1845,Jaipur,Rajasthan,North,IT Services,Mid-market,444,True,87,1845,35,3,2024-05-23,4,Security Services,Services,Outbound,Annual,Expansion,Existing,1481806.96,17.02,1229603.42,False,None,2,58.7,2024-09-11,Closed Lost,Proposal,2024-09-08,2024-09-08,Closed Lost,Poor engagement,2024-09-06,2,,108.0,108,0,2,5,2024,1,2,0,1,1,True,0.0,0.0,Excluded,0,Closed,Closed opportunity,No open-deal action,,,,,,,,,,Closed,0.0
883,4244,Bengaluru,Karnataka,South,Manufacturing,Mid-market,414,True,41,4244,10,1,2025-08-23,4,Security Services,Services,Inbound,Annual,Expansion,Existing,960432.93,9.88,865542.16,True,Competitor B,2,68.3,2025-11-05,Closed Lost,Proposal,2025-10-30,2025-10-30,Closed Lost,Competitor selected,2025-10-28,2,,68.0,68,0,3,8,2025,0,1,0,0,2,True,0.0,0.0,Excluded,0,Closed,Closed opportunity,No open-deal action,,,,,,,,,,Closed,0.0
884,378,Jaipur,Rajasthan,North,Manufacturing,SMB,59,False,49,378,26,3,2024-07-29,3,Data Advisory,Services,Partner,Project,New business,New,394040.81,6.13,369886.11,False,None,3,87.1,2024-11-15,Closed Lost,Negotiation,2024-10-06,2024-10-06,Closed Lost,Customer priorities changed,2024-09-24,12,,69.0,69,0,3,7,2024,1,3,0,1,0,True,0.0,0.0,Excluded,0,Closed,Closed opportunity,No open-deal action,,,,,,,,,,Closed,0.0
885,11087,Pune,Maharashtra,West,Healthcare,SMB,134,False,46,11087,16,2,2024-07-19,3,Data Advisory,Services,Partner,Annual,New business,New,484077.01,8.33,443753.4,False,None,4,68.3,2024-10-06,Closed Lost,Demo,2024-09-20,2024-09-20,Closed Lost,Pricing,2024-09-09,11,,63.0,63,0,3,7,2024,0,3,2,0,0,False,0.0,0.0,Excluded,0,Closed,Closed opportunity,No open-deal action,,,,,,,,,,Closed,0.0
886,4712,Kolkata,West Bengal,East,Healthcare,SMB,110,False,74,4712,44,4,2025-04-27,1,Cloud Enablement,Services,Partner,Annual,New business,New,454757.86,7.29,421606.01,True,Competitor C,3,84.1,2025-10-01,Closed Lost,Lead,2025-05-01,2025-05-01,Closed Lost,Competitor selected,2025-05-01,0,,4.0,4,0,2,4,2025,1,0,1,0,0,False,0.0,0.0,Excluded,0,Closed,Closed opportunity,No open-deal action,,,,,,,,,,Closed,0.0
887,1273,Bhubaneswar,Odisha,East,Retail,SMB,114,True,50,1273,40,4,2025-07-19,1,Cloud Enablement,Services,Referral,Project,Expansion,Existing,607537.97,5.61,573455.09,True,Competitor C,3,84.4,2025-11-10,Closed Lost,Qualified,2025-08-25,2025-08-25,Closed Lost,Competitor selected,2025-08-20,5,,37.0,37,0,3,7,2025,0,1,1,0,0,False,0.0,0.0,Excluded,0,Closed,Closed opportunity,No open-deal action,,,,,,,,,,Closed,0.0
888,11320,Jaipur,Rajasthan,North,Healthcare,Enterprise,576,True,59,11320,33,3,2026-06-21,1,Cloud Enablement,Services,Inbound,Annual,Expansion,Existing,1464487.46,9.09,1331365.55,False,None,4,55.3,2026-09-28,Demo,Discovery,2026-07-27,,Open,,2026-08-31,0,2026-09-10,,71,35,2,6,2026,0,2,1,0,1,False,0.49543899657924745,659610.4121721779,Best Case,15,Low,Stage stagnation,Review the stage exit criteria,8.333333333333332,12.5,7.5694444444444455,6.9125,12.5,6.192987457240593,12.5,12.5,79.0,Healthy,98941.56182582669
889,14817,Bhubaneswar,Odisha,East,BFSI,Enterprise,369,False,52,14817,47,4,2023-01-16,3,Data Advisory,Services,Referral,Annual,New business,New,3285819.53,12.44,2877063.58,False,None,3,24.3,2023-04-21,Closed Lost,Lead,2023-02-01,2023-02-01,Closed Lost,Other,2023-01-26,6,,16.0,16,0,1,1,2023,0,0,0,0,3,False,0.0,0.0,Excluded,0,Closed,Closed opportunity,No open-deal action,,,,,,,,,,Closed,0.0
890,1253,Bengaluru,Karnataka,South,Retail,Mid-market,114,True,61,1253,3,1,2023-05-23,2,Workflow Suite,Software,Partner,Annual,Renewal,Existing,583927.85,12.3,512104.72,False,None,2,43.8,2023-07-26,Closed Lost,Proposal,2023-08-18,2023-08-18,Closed Lost,Product mismatch,2023-08-12,6,,87.0,87,0,2,5,2023,0,0,0,1,0,True,0.0,0.0,Excluded,0,Closed,Closed opportunity,No open-deal action,,,,,,,,,,Closed,0.0
891,3722,Delhi,Delhi,North,Healthcare,SMB,59,False,41,3722,27,3,2023-01-29,2,Workflow Suite,Software,Outbound,Annual,New business,New,108851.81,6.71,101547.85,True,Competitor A,4,80.4,2023-05-25,Closed Won,Negotiation,2023-06-01,2023-06-01,Closed Won,,2023-04-24,38,,123.0,123,0,1,1,2023,0,2,0,0,2,True,1.0,0.0,Closed Won,0,Closed,Closed opportunity,No open-deal action,,,,,,,,,,Closed,0.0
892,12797,Bengaluru,Karnataka,South,Retail,Mid-market,144,True,76,12797,5,1,2023-07-18,2,Workflow Suite,Software,Outbound,Project,Expansion,Existing,391975.38,16.13,328749.75,False,None,2,57.5,2023-10-14,Closed Won,Negotiation,2023-10-31,2023-10-31,Closed Won,,2023-10-11,20,,105.0,105,0,3,7,2023,1,2,1,0,0,True,1.0,0.0,Closed Won,0,Closed,Closed opportunity,No open-deal action,,,,,,,,,,Closed,0.0
893,13291,Bengaluru,Karnataka,South,Manufacturing,SMB,114,False,45,13291,7,1,2024-06-26,4,Security Services,Services,Referral,Annual,New business,New,261505.42,6.94,243356.94,False,None,4,81.5,2024-11-04,Closed Lost,Proposal,2024-10-07,2024-10-07,Closed Lost,No decision,2024-09-15,22,,103.0,103,0,2,6,2024,1,2,2,0,1,True,0.0,0.0,Excluded,0,Closed,Closed opportunity,No open-deal action,,,,,,,,,,Closed,0.0
894,7122,Jaipur,Rajasthan,North,Retail,Enterprise,657,True,73,7122,28,3,2024-07-25,3,Data Advisory,Services,Event,Annual,Expansion,Existing,2407898.28,9.66,2175295.31,False,None,3,55.6,2024-11-27,Closed Lost,Discovery,2024-09-26,2024-09-26,Closed Lost,Poor engagement,2024-09-19,7,,63.0,63,0,3,7,2024,0,5,0,0,1,False,0.0,0.0,Excluded,0,Closed,Closed opportunity,No open-deal action,,,,,,,,,,Closed,0.0
895,7984,Pune,Maharashtra,West,Manufacturing,Enterprise,918,False,94,7984,24,2,2023-08-21,4,Security Services,Services,Partner,Project,New business,New,4709238.78,2.92,4571729.01,False,None,5,42.7,2024-01-09,Closed Lost,Negotiation,2023-12-10,2023-12-10,Closed Lost,Timing,2023-12-01,9,,111.0,111,0,3,8,2023,1,0,1,1,0,True,0.0,0.0,Excluded,0,Closed,Closed opportunity,No open-deal action,,,,,,,,,,Closed,0.0
896,9233,Delhi,Delhi,North,Healthcare,SMB,68,False,40,9233,33,3,2023-08-28,1,Cloud Enablement,Services,Partner,Multi-year,New business,New,507061.02,12.54,443475.57,True,Competitor C,1,58.3,2023-11-10,Closed Lost,Lead,2023-09-02,2023-09-02,Closed Lost,No decision,2023-09-02,0,,5.0,5,0,3,8,2023,0,1,0,0,0,False,0.0,0.0,Excluded,0,Closed,Closed opportunity,No open-deal action,,,,,,,,,,Closed,0.0
897,8692,Bhubaneswar,Odisha,East,Manufacturing,SMB,102,False,71,8692,43,4,2025-06-05,4,Security Services,Services,Inbound,Annual,New business,New,276836.0,11.63,244639.97,True,Competitor A,4,98.5,2025-09-22,Closed Won,Negotiation,2025-11-12,2025-11-12,Closed Won,,2025-11-08,4,,160.0,160,0,2,6,2025,0,3,2,3,0,True,1.0,0.0,Closed Won,0,Closed,Closed opportunity,No open-deal action,,,,,,,,,,Closed,0.0
898,5203,Kolkata,West Bengal,East,BFSI,SMB,100,True,37,5203,42,4,2024-07-18,1,Cloud Enablement,Services,Inbound,Annual,Renewal,Existing,428279.44,5.39,405195.18,True,Competitor A,2,47.2,2024-10-11,Closed Lost,Lead,2024-07-27,2024-07-27,Closed Lost,Procurement delay,2024-07-21,6,,9.0,9,0,3,7,2024,1,2,1,0,2,False,0.0,0.0,Excluded,0,Closed,Closed opportunity,No open-deal action,,,,,,,,,,Closed,0.0
899,13532,Jaipur,Rajasthan,North,BFSI,Mid-market,261,True,42,13532,32,3,2024-01-05,2,Workflow Suite,Software,Referral,Project,Renewal,Existing,659628.94,6.64,615829.58,False,None,1,12.3,2024-03-31,Closed Lost,Lead,2024-01-17,2024-01-17,Closed Lost,No decision,2024-01-11,6,,12.0,12,0,1,1,2024,1,1,1,0,0,False,0.0,0.0,Excluded,0,Closed,Closed opportunity,No open-deal action,,,,,,,,,,Closed,0.0
900,10987,Kolkata,West Bengal,East,IT Services,Mid-market,297,True,47,10987,38,4,2023-02-15,2,Workflow Suite,Software,Outbound,Project,Renewal,Existing,643711.8,5.84,606119.03,True,Competitor C,2,55.3,2023-06-19,Closed Lost,Lead,2023-02-20,2023-02-20,Closed Lost,Competitor selected,2023-02-18,2,,5.0,5,0,1,2,2023,0,1,2,0,1,False,0.0,0.0,Excluded,0,Closed,Closed opportunity,No open-deal action,,,,,,,,,,Closed,0.0
901,8154,Jaipur,Rajasthan,North,Healthcare,Enterprise,423,False,59,8154,25,3,2024-04-09,2,Workflow Suite,Software,Referral,Multi-year,New business,New,1377915.41,5.74,1298823.07,True,Competitor A,6,92.9,2024-08-05,Closed Won,Negotiation,2024-07-22,2024-07-22,Closed Won,,2024-07-16,6,,104.0,104,0,2,4,2024,0,2,0,0,2,True,1.0,0.0,Closed Won,0,Closed,Closed opportunity,No open-deal action,,,,,,,,,,Closed,0.0
902,12601,Kolkata,West Bengal,East,Retail,SMB,72,False,74,12601,44,4,2025-08-24,2,Workflow Suite,Software,Referral,Multi-year,New business,New,346425.42,6.27,324704.55,False,None,1,67.3,2025-11-08,Closed Won,Negotiation,2025-11-11,2025-11-11,Closed Won,,2025-10-23,19,,79.0,79,0,3,8,2025,1,2,0,0,2,True,1.0,0.0,Closed Won,0,Closed,Closed opportunity,No open-deal action,,,,,,,,,,Closed,0.0
903,4157,Jaipur,Rajasthan,North,Retail,Mid-market,252,False,93,4157,28,3,2026-07-19,3,Data Advisory,Services,Outbound,Annual,New business,New,785160.35,1.48,773539.98,False,None,2,46.4,2026-10-18,Closed Lost,Lead,2026-07-22,2026-07-22,Closed Lost,No decision,2026-07-22,0,,3.0,3,0,3,7,2026,1,2,1,0,0,False,0.0,0.0,Excluded,0,Closed,Closed opportunity,No open-deal action,,,,,,,,,,Closed,0.0
904,1419,Kolkata,West Bengal,East,Retail,Enterprise,351,False,62,1419,45,4,2026-07-06,1,Cloud Enablement,Services,Outbound,Annual,New business,New,1155243.44,10.87,1029668.48,True,Competitor A,5,26.3,2026-10-08,Closed Lost,Lead,2026-08-15,2026-08-15,Closed Lost,Budget constraints,2026-08-04,11,,40.0,40,0,3,7,2026,1,0,1,0,1,False,0.0,0.0,Excluded,0,Closed,Closed opportunity,No open-deal action,,,,,,,,,,Closed,0.0
905,4947,Mumbai,Maharashtra,West,IT Services,Mid-market,342,False,69,4947,21,2,2024-09-11,1,Cloud Enablement,Services,Partner,Annual,New business,New,630218.47,15.06,535307.57,False,None,3,67.0,2024-12-25,Closed Lost,Lead,2024-09-19,2024-09-19,Closed Lost,Other,2024-09-19,0,,8.0,8,0,3,9,2024,0,3,0,0,2,False,0.0,0.0,Excluded,0,Closed,Closed opportunity,No open-deal action,,,,,,,,,,Closed,0.0
906,14795,Jaipur,Rajasthan,North,Manufacturing,SMB,56,False,47,14795,34,3,2024-03-01,3,Data Advisory,Services,Event,Annual,New business,New,141440.6,9.02,128682.66,True,Competitor A,3,81.1,2024-06-21,Closed Lost,Qualified,2024-04-21,2024-04-21,Closed Lost,Budget constraints,2024-03-18,34,,51.0,51,0,1,3,2024,1,4,0,0,1,False,0.0,0.0,Excluded,0,Closed,Closed opportunity,No open-deal action,,,,,,,,,,Closed,0.0
907,12054,Chennai,Tamil Nadu,South,Healthcare,SMB,48,False,83,12054,10,1,2025-10-20,4,Security Services,Services,Inbound,Project,New business,New,117567.38,4.41,112382.66,True,Competitor A,3,36.2,2026-02-18,Closed Lost,Lead,2025-11-13,2025-11-13,Closed Lost,Customer priorities changed,2025-11-11,2,,24.0,24,0,4,10,2025,0,1,2,0,0,False,0.0,0.0,Excluded,0,Closed,Closed opportunity,No open-deal action,,,,,,,,,,Closed,0.0
908,9804,Mumbai,Maharashtra,West,Retail,Mid-market,366,True,88,9804,16,2,2023-10-15,1,Cloud Enablement,Services,Referral,Annual,Renewal,Existing,592973.28,21.1,467855.92,True,Competitor B,2,68.1,2024-01-30,Closed Lost,Lead,2023-10-19,2023-10-19,Closed Lost,Competitor selected,2023-10-19,0,,4.0,4,0,4,10,2023,2,3,0,0,0,False,0.0,0.0,Excluded,0,Closed,Closed opportunity,No open-deal action,,,,,,,,,,Closed,0.0
909,9439,Mumbai,Maharashtra,West,IT Services,SMB,83,False,87,9439,13,2,2023-11-29,4,Security Services,Services,Outbound,Project,New business,New,364182.25,4.26,348668.09,False,None,1,77.7,2024-02-16,Closed Won,Negotiation,2024-02-20,2024-02-20,Closed Won,,2024-02-01,19,,83.0,83,0,4,11,2023,1,1,2,1,1,True,1.0,0.0,Closed Won,0,Closed,Closed opportunity,No open-deal action,,,,,,,,,,Closed,0.0
910,10825,Jaipur,Rajasthan,North,Retail,Mid-market,324,True,70,10825,25,3,2025-02-11,4,Security Services,Services,Partner,Multi-year,Renewal,Existing,2235623.39,13.56,1932472.86,False,None,2,50.0,2025-05-23,Closed Lost,Discovery,2025-04-15,2025-04-15,Closed Lost,Competitor selected,2025-04-11,4,,63.0,63,0,1,2,2025,0,3,3,0,1,False,0.0,0.0,Excluded,0,Closed,Closed opportunity,No open-deal action,,,,,,,,,,Closed,0.0
911,15387,Bhubaneswar,Odisha,East,Manufacturing,Mid-market,390,True,73,15387,40,4,2024-10-16,3,Data Advisory,Services,Referral,Annual,Renewal,Existing,1930602.94,15.18,1637537.41,True,Competitor B,2,46.3,2025-01-06,Closed Lost,Negotiation,2025-01-15,2025-01-15,Closed Lost,Other,2025-01-08,7,,91.0,91,0,4,10,2024,1,3,1,0,0,True,0.0,0.0,Excluded,0,Closed,Closed opportunity,No open-deal action,,,,,,,,,,Closed,0.0
912,8779,Chennai,Tamil Nadu,South,Retail,Mid-market,429,True,76,8779,1,1,2025-12-02,4,Security Services,Services,Referral,Project,Expansion,Existing,857687.25,9.32,777750.8,False,None,2,73.7,2026-03-21,Closed Won,Negotiation,2026-04-05,2026-04-05,Closed Won,,2026-03-20,16,,124.0,124,0,4,12,2025,1,1,1,0,2,True,1.0,0.0,Closed Won,0,Closed,Closed opportunity,No open-deal action,,,,,,,,,,Closed,0.0
913,5427,Kolkata,West Bengal,East,Retail,Mid-market,333,False,71,5427,44,4,2023-05-06,1,Cloud Enablement,Services,Inbound,Multi-year,New business,New,1133726.06,15.48,958225.27,False,None,1,27.5,2023-07-17,Closed Lost,Negotiation,2023-11-18,2023-11-18,Closed Lost,No decision,2023-11-09,9,,196.0,196,0,2,5,2023,0,1,0,0,0,True,0.0,0.0,Excluded,0,Closed,Closed opportunity,No open-deal action,,,,,,,,,,Closed,0.0
914,1556,Chennai,Tamil Nadu,South,BFSI,Mid-market,129,True,49,1556,5,1,2026-03-20,2,Workflow Suite,Software,Referral,Project,Renewal,Existing,598427.78,2.61,582808.81,False,None,4,82.6,2026-07-14,Closed Won,Negotiation,2026-07-14,2026-07-14,Closed Won,,2026-06-15,29,,116.0,116,0,1,3,2026,0,2,1,1,1,True,1.0,0.0,Closed Won,0,Closed,Closed opportunity,No open-deal action,,,,,,,,,,Closed,0.0
915,1637,Chennai,Tamil Nadu,South,Manufacturing,SMB,149,False,37,1637,8,1,2024-01-29,2,Workflow Suite,Software,Referral,Project,New business,New,188297.14,3.99,180784.08,True,Competitor B,3,44.1,2024-04-13,Closed Lost,Negotiation,2024-05-21,2024-05-21,Closed Lost,Competitor selected,2024-02-25,86,,113.0,113,0,1,1,2024,1,0,0,0,0,True,0.0,0.0,Excluded,0,Closed,Closed opportunity,No open-deal action,,,,,,,,,,Closed,0.0
916,7430,Kolkata,West Bengal,East,Manufacturing,Enterprise,1008,False,57,7430,38,4,2025-08-29,2,Workflow Suite,Software,Partner,Multi-year,New business,New,2325810.15,4.82,2213706.1,True,Competitor B,5,80.3,2025-12-15,Closed Won,Negotiation,2026-01-05,2026-01-05,Closed Won,,2025-12-09,27,,129.0,129,0,3,8,2025,1,2,2,1,0,True,1.0,0.0,Closed Won,0,Closed,Closed opportunity,No open-deal action,,,,,,,,,,Closed,0.0
917,10812,Jaipur,Rajasthan,North,BFSI,SMB,106,False,73,10812,30,3,2025-06-20,4,Security Services,Services,Partner,Multi-year,New business,New,490140.06,4.49,468132.77,True,Competitor A,4,61.3,2025-09-25,Closed Lost,Negotiation,2025-10-05,2025-10-05,Closed Lost,Competitor selected,2025-09-24,11,,107.0,107,0,2,6,2025,0,3,0,0,1,True,0.0,0.0,Excluded,0,Closed,Closed opportunity,No open-deal action,,,,,,,,,,Closed,0.0
918,2945,Kolkata,West Bengal,East,IT Services,SMB,130,False,78,2945,48,4,2023-09-07,1,Cloud Enablement,Services,Inbound,Annual,New business,New,222474.36,18.01,182406.73,False,None,1,62.5,2024-01-07,Closed Lost,Negotiation,2023-12-09,2023-12-09,Closed Lost,Other,2023-12-07,2,,93.0,93,0,3,9,2023,0,3,0,1,1,True,0.0,0.0,Excluded,0,Closed,Closed opportunity,No open-deal action,,,,,,,,,,Closed,0.0
919,2670,Bhubaneswar,Odisha,East,BFSI,SMB,41,True,83,2670,45,4,2024-08-30,1,Cloud Enablement,Services,Partner,Multi-year,Renewal,Existing,484999.9,7.21,450031.41,False,None,4,50.1,2024-11-21,Closed Won,Negotiation,2024-12-12,2024-12-12,Closed Won,,2024-12-11,1,,104.0,104,0,3,8,2024,1,2,0,0,0,True,1.0,0.0,Closed Won,0,Closed,Closed opportunity,No open-deal action,,,,,,,,,,Closed,0.0
920,8515,Delhi,Delhi,North,IT Services,Mid-market,294,True,55,8515,30,3,2025-05-20,1,Cloud Enablement,Services,Referral,Annual,Expansion,Existing,688222.55,9.48,622979.05,False,None,2,53.4,2025-09-12,Closed Won,Negotiation,2025-08-30,2025-08-30,Closed Won,,2025-08-24,6,,102.0,102,0,2,5,2025,1,0,1,0,0,True,1.0,0.0,Closed Won,0,Closed,Closed opportunity,No open-deal action,,,,,,,,,,Closed,0.0
921,2433,Chennai,Tamil Nadu,South,Healthcare,SMB,77,False,47,2433,2,1,2026-02-09,2,Workflow Suite,Software,Referral,Annual,New business,New,150362.79,2.61,146438.32,False,None,2,57.2,2026-05-10,Closed Lost,Lead,2026-02-16,2026-02-16,Closed Lost,Procurement delay,2026-02-14,2,,7.0,7,0,1,2,2026,2,4,0,0,0,False,0.0,0.0,Excluded,0,Closed,Closed opportunity,No open-deal action,,,,,,,,,,Closed,0.0
922,15022,Delhi,Delhi,North,IT Services,Enterprise,279,False,91,15022,27,3,2023-05-31,3,Data Advisory,Services,Partner,Multi-year,New business,New,2613760.37,5.95,2458241.63,True,Competitor B,4,28.3,2023-09-24,Closed Lost,Lead,2023-06-14,2023-06-14,Closed Lost,Pricing,2023-06-06,8,,14.0,14,0,2,5,2023,0,1,0,0,1,False,0.0,0.0,Excluded,0,Closed,Closed opportunity,No open-deal action,,,,,,,,,,Closed,0.0
923,14378,Chennai,Tamil Nadu,South,Retail,Mid-market,384,True,76,14378,9,1,2024-08-24,3,Data Advisory,Services,Event,Project,Expansion,Existing,1306238.07,9.93,1176528.63,True,Competitor C,1,44.2,2024-12-03,Closed Won,Negotiation,2024-12-30,2024-12-30,Closed Won,,2024-12-12,18,,128.0,128,0,3,8,2024,1,0,0,0,0,True,1.0,0.0,Closed Won,0,Closed,Closed opportunity,No open-deal action,,,,,,,,,,Closed,0.0
924,7854,Delhi,Delhi,North,Retail,Enterprise,1215,False,44,7854,28,3,2024-01-24,2,Workflow Suite,Software,Partner,Project,New business,New,2264144.71,6.35,2120371.52,True,Competitor B,4,78.0,2024-05-31,Closed Won,Negotiation,2024-06-05,2024-06-05,Closed Won,,2024-06-01,4,,133.0,133,0,1,1,2024,1,1,0,1,1,True,1.0,0.0,Closed Won,0,Closed,Closed opportunity,No open-deal action,,,,,,,,,,Closed,0.0
925,12882,Pune,Maharashtra,West,Manufacturing,Mid-market,393,True,50,12882,17,2,2023-05-27,2,Workflow Suite,Software,Inbound,Annual,Expansion,Existing,758281.57,7.59,700728.0,True,Competitor B,2,12.1,2023-07-29,Closed Lost,Qualified,2023-06-16,2023-06-16,Closed Lost,Pricing,2023-06-12,4,,20.0,20,0,2,5,2023,0,1,1,0,1,False,0.0,0.0,Excluded,0,Closed,Closed opportunity,No open-deal action,,,,,,,,,,Closed,0.0
926,3486,Bengaluru,Karnataka,South,Retail,SMB,114,False,60,3486,9,1,2025-02-27,2,Workflow Suite,Software,Inbound,Annual,New business,New,201505.9,12.61,176096.01,False,None,3,41.4,2025-06-15,Closed Won,Negotiation,2025-06-01,2025-06-01,Closed Won,,2025-05-13,19,,94.0,94,0,1,2,2025,1,4,1,0,1,True,1.0,0.0,Closed Won,0,Closed,Closed opportunity,No open-deal action,,,,,,,,,,Closed,0.0
927,2376,Bhubaneswar,Odisha,East,BFSI,SMB,27,True,92,2376,45,4,2025-06-19,3,Data Advisory,Services,Outbound,Annual,Expansion,Existing,111979.04,8.21,102785.56,True,Competitor A,4,58.8,2025-09-15,Closed Lost,Qualified,2025-06-26,2025-06-26,Closed Lost,Procurement delay,2025-06-24,2,,7.0,7,0,2,6,2025,3,1,0,0,0,False,0.0,0.0,Excluded,0,Closed,Closed opportunity,No open-deal action,,,,,,,,,,Closed,0.0
928,8421,Kolkata,West Bengal,East,Healthcare,SMB,143,False,93,8421,47,4,2026-06-16,1,Cloud Enablement,Services,Outbound,Annual,New business,New,649337.06,9.14,589987.65,False,None,2,45.9,2026-09-21,Closed Lost,Discovery,2026-08-24,2026-08-24,Closed Lost,Internal approval delay,2026-08-10,14,,69.0,69,0,2,6,2026,0,1,1,0,1,False,0.0,0.0,Excluded,0,Closed,Closed opportunity,No open-deal action,,,,,,,,,,Closed,0.0
929,12852,Bengaluru,Karnataka,South,IT Services,SMB,90,False,44,12852,4,1,2025-11-29,4,Security Services,Services,Event,Multi-year,New business,New,617809.29,7.37,572276.75,False,None,2,68.6,2026-03-11,Closed Won,Negotiation,2026-02-17,2026-02-17,Closed Won,,2026-01-28,20,,80.0,80,0,4,11,2025,0,0,1,1,0,True,1.0,0.0,Closed Won,0,Closed,Closed opportunity,No open-deal action,,,,,,,,,,Closed,0.0
930,5629,Pune,Maharashtra,West,Retail,SMB,54,True,78,5629,14,2,2025-05-18,1,Cloud Enablement,Services,Referral,Annual,Renewal,Existing,211389.75,4.37,202152.02,False,None,3,57.3,2025-07-13,Closed Lost,Lead,2025-06-13,2025-06-13,Closed Lost,Competitor selected,2025-06-10,3,,26.0,26,0,2,5,2025,1,2,2,0,2,False,0.0,0.0,Excluded,0,Closed,Closed opportunity,No open-deal action,,,,,,,,,,Closed,0.0
931,3755,Bengaluru,Karnataka,South,Retail,Mid-market,273,False,65,3755,6,1,2024-07-12,1,Cloud Enablement,Services,Outbound,Project,New business,New,452923.72,3.55,436844.93,True,Competitor B,3,57.7,2024-10-15,Closed Lost,Demo,2024-09-01,2024-09-01,Closed Lost,Competitor selected,2024-08-17,15,,51.0,51,0,3,7,2024,0,2,1,0,0,False,0.0,0.0,Excluded,0,Closed,Closed opportunity,No open-deal action,,,,,,,,,,Closed,0.0
932,15479,Bengaluru,Karnataka,South,Manufacturing,Mid-market,420,True,77,15479,11,1,2025-09-06,4,Security Services,Services,Event,Multi-year,Expansion,Existing,1985706.18,10.25,1782171.3,True,Competitor C,1,68.9,2025-12-20,Closed Lost,Proposal,2026-02-20,2026-02-20,Closed Lost,Poor engagement,2026-02-18,2,,167.0,167,0,3,9,2025,1,1,3,0,0,True,0.0,0.0,Excluded,0,Closed,Closed opportunity,No open-deal action,,,,,,,,,,Closed,0.0
933,7361,Bengaluru,Karnataka,South,Healthcare,SMB,59,False,53,7361,7,1,2025-06-24,3,Data Advisory,Services,Event,Multi-year,New business,New,405502.28,5.12,384740.56,False,None,3,55.9,2025-08-28,Closed Lost,Lead,2025-07-12,2025-07-12,Closed Lost,Internal approval delay,2025-07-11,1,,18.0,18,0,2,6,2025,1,3,2,0,2,False,0.0,0.0,Excluded,0,Closed,Closed opportunity,No open-deal action,,,,,,,,,,Closed,0.0
934,7103,Jaipur,Rajasthan,North,Retail,SMB,51,False,85,7103,30,3,2025-07-04,1,Cloud Enablement,Services,Inbound,Multi-year,New business,New,258661.12,6.2,242624.13,False,None,2,54.1,2025-10-10,Closed Lost,Proposal,2025-10-08,2025-10-08,Closed Lost,Budget constraints,2025-09-18,20,,96.0,96,0,3,7,2025,0,2,1,0,0,True,0.0,0.0,Excluded,0,Closed,Closed opportunity,No open-deal action,,,,,,,,,,Closed,0.0
935,4484,Bengaluru,Karnataka,South,BFSI,SMB,59,False,79,4484,9,1,2026-06-08,1,Cloud Enablement,Services,Inbound,Multi-year,New business,New,681101.87,17.29,563339.36,True,Competitor B,1,63.1,2026-08-15,Closed Won,Negotiation,2026-08-31,2026-08-31,Closed Won,,2026-08-21,10,,84.0,84,0,2,6,2026,1,2,1,0,1,True,1.0,0.0,Closed Won,0,Closed,Closed opportunity,No open-deal action,,,,,,,,,,Closed,0.0
936,13282,Bengaluru,Karnataka,South,BFSI,SMB,81,False,71,13282,1,1,2023-06-18,2,Workflow Suite,Software,Referral,Annual,New business,New,256908.18,7.63,237306.09,True,Competitor C,2,84.1,2023-08-24,Closed Won,Negotiation,2023-09-28,2023-09-28,Closed Won,,2023-08-22,37,,102.0,102,0,2,6,2023,1,2,1,2,0,True,1.0,0.0,Closed Won,0,Closed,Closed opportunity,No open-deal action,,,,,,,,,,Closed,0.0
937,3624,Pune,Maharashtra,West,Healthcare,SMB,77,False,50,3624,16,2,2026-02-03,1,Cloud Enablement,Services,Inbound,Multi-year,New business,New,446006.72,1.99,437131.19,False,None,3,70.6,2026-05-18,Closed Lost,Demo,2026-03-27,2026-03-27,Closed Lost,Poor engagement,2026-03-26,1,,52.0,52,0,1,2,2026,0,1,2,1,2,False,0.0,0.0,Excluded,0,Closed,Closed opportunity,No open-deal action,,,,,,,,,,Closed,0.0
938,8030,Delhi,Delhi,North,IT Services,SMB,70,False,58,8030,35,3,2025-07-15,1,Cloud Enablement,Services,Referral,Annual,New business,New,259788.8,1.65,255502.28,True,Competitor C,4,24.1,2025-11-21,Closed Lost,Discovery,2025-10-08,2025-10-08,Closed Lost,Procurement delay,2025-09-28,10,,85.0,85,0,3,7,2025,0,3,0,0,1,False,0.0,0.0,Excluded,0,Closed,Closed opportunity,No open-deal action,,,,,,,,,,Closed,0.0
939,1417,Jaipur,Rajasthan,North,Manufacturing,Enterprise,486,True,58,1417,29,3,2024-04-04,2,Workflow Suite,Software,Event,Annual,Renewal,Existing,1467478.69,13.86,1264086.14,True,Competitor B,5,89.3,2024-06-30,Closed Lost,Negotiation,2024-07-17,2024-07-17,Closed Lost,Competitor selected,2024-07-11,6,,104.0,104,0,2,4,2024,1,3,0,0,1,True,0.0,0.0,Excluded,0,Closed,Closed opportunity,No open-deal action,,,,,,,,,,Closed,0.0
940,3935,Chennai,Tamil Nadu,South,BFSI,Mid-market,213,False,71,3935,7,1,2025-06-06,2,Workflow Suite,Software,Outbound,Annual,New business,New,553967.47,7.91,510148.64,True,Competitor C,1,47.7,2025-09-06,Closed Lost,Qualified,2025-07-15,2025-07-15,Closed Lost,Pricing,2025-06-21,24,,39.0,39,0,2,6,2025,0,4,0,0,0,False,0.0,0.0,Excluded,0,Closed,Closed opportunity,No open-deal action,,,,,,,,,,Closed,0.0
941,16138,Chennai,Tamil Nadu,South,Manufacturing,Mid-market,312,True,73,16138,6,1,2026-03-07,1,Cloud Enablement,Services,Outbound,Project,Renewal,Existing,793801.6,12.84,691877.47,False,None,2,40.4,2026-06-18,Closed Won,Negotiation,2026-07-02,2026-07-02,Closed Won,,2026-06-03,29,,117.0,117,0,1,3,2026,0,0,0,0,1,True,1.0,0.0,Closed Won,0,Closed,Closed opportunity,No open-deal action,,,,,,,,,,Closed,0.0
942,11054,Mumbai,Maharashtra,West,BFSI,Mid-market,366,False,40,11054,16,2,2023-12-04,4,Security Services,Services,Outbound,Annual,New business,New,1234408.15,8.69,1127138.08,True,Competitor B,4,27.3,2024-05-08,Closed Lost,Lead,2023-12-17,2023-12-17,Closed Lost,Competitor selected,2023-12-15,2,,13.0,13,0,4,12,2023,0,0,1,0,2,False,0.0,0.0,Excluded,0,Closed,Closed opportunity,No open-deal action,,,,,,,,,,Closed,0.0
943,4048,Chennai,Tamil Nadu,South,Healthcare,Mid-market,171,False,51,4048,3,1,2026-01-01,4,Security Services,Services,Referral,Annual,New business,New,811531.4,15.01,689720.54,False,None,3,49.6,2026-03-25,Closed Lost,Proposal,2026-05-06,2026-05-06,Closed Lost,Competitor selected,2026-05-02,4,,125.0,125,0,1,1,2026,1,1,0,0,0,True,0.0,0.0,Excluded,0,Closed,Closed opportunity,No open-deal action,,,,,,,,,,Closed,0.0
944,315,Chennai,Tamil Nadu,South,Manufacturing,Mid-market,144,True,95,315,7,1,2025-08-27,4,Security Services,Services,Inbound,Annual,Expansion,Existing,506077.28,12.34,443627.34,True,Competitor B,4,48.2,2025-10-28,Closed Lost,Lead,2025-09-04,2025-09-04,Closed Lost,Budget constraints,2025-09-04,0,,8.0,8,0,3,8,2025,3,1,2,0,1,False,0.0,0.0,Excluded,0,Closed,Closed opportunity,No open-deal action,,,,,,,,,,Closed,0.0
945,5504,Jaipur,Rajasthan,North,Manufacturing,SMB,108,False,46,5504,35,3,2025-04-01,4,Security Services,Services,Event,Annual,New business,New,428526.61,4.67,408514.42,True,Competitor B,1,61.6,2025-06-15,Closed Lost,Discovery,2025-06-11,2025-06-11,Closed Lost,Product mismatch,2025-06-08,3,,71.0,71,0,2,4,2025,0,1,1,0,1,False,0.0,0.0,Excluded,0,Closed,Closed opportunity,No open-deal action,,,,,,,,,,Closed,0.0
946,13608,Pune,Maharashtra,West,IT Services,Mid-market,156,False,73,13608,15,2,2023-10-13,2,Workflow Suite,Software,Event,Annual,New business,New,454498.88,4.84,432501.13,False,None,1,47.8,2023-12-26,Closed Lost,Lead,2023-10-26,2023-10-26,Closed Lost,Timing,2023-10-22,4,,13.0,13,0,4,10,2023,0,0,1,0,1,False,0.0,0.0,Excluded,0,Closed,Closed opportunity,No open-deal action,,,,,,,,,,Closed,0.0
947,10900,Pune,Maharashtra,West,Retail,Mid-market,351,True,83,10900,19,2,2025-12-01,4,Security Services,Services,Event,Multi-year,Expansion,Existing,2441189.31,14.18,2095028.67,True,Competitor B,1,62.7,2026-03-20,Closed Lost,Discovery,2025-12-24,2025-12-24,Closed Lost,Competitor selected,2025-12-23,1,,23.0,23,0,4,12,2025,0,3,0,0,0,False,0.0,0.0,Excluded,0,Closed,Closed opportunity,No open-deal action,,,,,,,,,,Closed,0.0
948,14867,Jaipur,Rajasthan,North,Healthcare,SMB,47,True,51,14867,30,3,2026-04-02,1,Cloud Enablement,Services,Referral,Multi-year,Renewal,Existing,419131.24,5.4,396498.15,False,None,4,47.8,2026-07-12,Closed Won,Negotiation,2026-08-16,2026-08-16,Closed Won,,2026-08-14,2,,136.0,136,0,2,4,2026,2,1,0,0,0,True,1.0,0.0,Closed Won,0,Closed,Closed opportunity,No open-deal action,,,,,,,,,,Closed,0.0
949,12089,Kolkata,West Bengal,East,IT Services,Mid-market,366,True,50,12089,45,4,2023-04-19,1,Cloud Enablement,Services,Inbound,Multi-year,Expansion,Existing,1662855.5,5.8,1566409.88,True,Competitor A,4,42.0,2023-08-04,Closed Lost,Proposal,2023-07-26,2023-07-26,Closed Lost,Competitor selected,2023-07-07,19,,98.0,98,0,2,4,2023,0,0,1,1,0,True,0.0,0.0,Excluded,0,Closed,Closed opportunity,No open-deal action,,,,,,,,,,Closed,0.0
950,9128,Kolkata,West Bengal,East,Manufacturing,SMB,32,False,83,9128,42,4,2025-08-06,4,Security Services,Services,Event,Annual,New business,New,117334.99,8.99,106786.57,False,None,3,61.3,2025-10-10,Closed Lost,Discovery,2025-09-16,2025-09-16,Closed Lost,Customer priorities changed,2025-09-15,1,,41.0,41,0,3,8,2025,0,1,1,0,1,False,0.0,0.0,Excluded,0,Closed,Closed opportunity,No open-deal action,,,,,,,,,,Closed,0.0
951,16152,Pune,Maharashtra,West,Retail,SMB,59,False,94,16152,13,2,2023-05-25,4,Security Services,Services,Outbound,Project,New business,New,282172.7,7.62,260671.14,True,Competitor A,4,61.7,2023-08-13,Closed Lost,Lead,2023-06-02,2023-06-02,Closed Lost,Poor engagement,2023-06-01,1,,8.0,8,0,2,5,2023,1,1,1,0,2,False,0.0,0.0,Excluded,0,Closed,Closed opportunity,No open-deal action,,,,,,,,,,Closed,0.0
952,4126,Delhi,Delhi,North,Healthcare,Mid-market,420,False,90,4126,30,3,2023-03-23,3,Data Advisory,Services,Partner,Annual,New business,New,1328222.71,17.61,1094322.69,False,None,3,69.8,2023-06-08,Closed Won,Negotiation,2023-05-29,2023-05-29,Closed Won,,2023-04-24,35,,67.0,67,0,1,3,2023,1,0,1,0,0,True,1.0,0.0,Closed Won,0,Closed,Closed opportunity,No open-deal action,,,,,,,,,,Closed,0.0
953,2492,Mumbai,Maharashtra,West,IT Services,Mid-market,192,False,35,2492,22,2,2023-03-26,4,Security Services,Services,Inbound,Annual,New business,New,651297.89,3.64,627590.65,False,None,1,26.3,2023-06-10,Closed Lost,Lead,2023-04-04,2023-04-04,Closed Lost,No decision,2023-04-04,0,,9.0,9,0,1,3,2023,1,1,0,0,0,False,0.0,0.0,Excluded,0,Closed,Closed opportunity,No open-deal action,,,,,,,,,,Closed,0.0
954,2906,Kolkata,West Bengal,East,Retail,Mid-market,225,False,92,2906,39,4,2025-06-08,2,Workflow Suite,Software,Partner,Annual,New business,New,510725.44,9.77,460827.56,True,Competitor A,4,54.3,2025-08-29,Closed Lost,Lead,2025-06-15,2025-06-15,Closed Lost,Pricing,2025-06-15,0,,7.0,7,0,2,6,2025,0,2,1,0,1,False,0.0,0.0,Excluded,0,Closed,Closed opportunity,No open-deal action,,,,,,,,,,Closed,0.0
955,10029,Kolkata,West Bengal,East,Manufacturing,Mid-market,180,True,39,10029,43,4,2026-05-23,2,Workflow Suite,Software,Referral,Annual,Expansion,Existing,480746.3,12.14,422383.7,True,Competitor A,4,64.5,2026-09-10,Proposal,Demo,2026-08-24,,Stalled,,2026-07-31,31,2026-08-03,,100,7,2,5,2026,0,3,1,0,0,True,0.5816749478670545,245690.0166773936,Best Case,30,Medium,No recent activity; Competitor present; No future follow-up,Contact the customer and log the response; Clarify differentiation and buying criteria; Schedule a dated next action,10.416666666666668,0.0,5.555555555555555,8.0625,12.5,7.270936848338182,12.5,0.0,56.3,Watch,73707.00500321809
956,12025,Bhubaneswar,Odisha,East,BFSI,Mid-market,78,False,72,12025,40,4,2023-07-27,2,Workflow Suite,Software,Referral,Project,New business,New,436333.52,6.93,406095.61,False,None,2,58.9,2023-11-09,Closed Won,Negotiation,2023-12-07,2023-12-07,Closed Won,,2023-11-09,28,,133.0,133,0,3,7,2023,0,2,0,0,1,True,1.0,0.0,Closed Won,0,Closed,Closed opportunity,No open-deal action,,,,,,,,,,Closed,0.0
957,11780,Bengaluru,Karnataka,South,BFSI,Mid-market,420,False,83,11780,9,1,2025-09-15,3,Data Advisory,Services,Inbound,Annual,New business,New,1784020.43,6.33,1671091.94,False,None,1,60.3,2025-12-22,Closed Won,Negotiation,2025-11-20,2025-11-20,Closed Won,,2025-11-04,16,,66.0,66,0,3,9,2025,1,0,2,0,1,True,1.0,0.0,Closed Won,0,Closed,Closed opportunity,No open-deal action,,,,,,,,,,Closed,0.0
958,3574,Mumbai,Maharashtra,West,Manufacturing,Mid-market,369,False,76,3574,23,2,2024-01-29,3,Data Advisory,Services,Outbound,Annual,New business,New,1005506.02,9.38,911189.56,True,Competitor B,4,43.5,2024-06-10,Closed Lost,Qualified,2024-03-29,2024-03-29,Closed Lost,No decision,2024-03-19,10,,60.0,60,0,1,1,2024,0,2,2,0,2,False,0.0,0.0,Excluded,0,Closed,Closed opportunity,No open-deal action,,,,,,,,,,Closed,0.0
959,11958,Chennai,Tamil Nadu,South,IT Services,SMB,102,False,47,11958,6,1,2024-12-13,1,Cloud Enablement,Services,Inbound,Annual,New business,New,338806.83,12.72,295710.6,False,None,2,55.3,2025-03-27,Closed Lost,Discovery,2025-02-08,2025-02-08,Closed Lost,Competitor selected,2025-02-02,6,,57.0,57,0,4,12,2024,1,0,3,0,2,False,0.0,0.0,Excluded,0,Closed,Closed opportunity,No open-deal action,,,,,,,,,,Closed,0.0
960,8517,Delhi,Delhi,North,BFSI,SMB,39,True,91,8517,30,3,2024-11-25,3,Data Advisory,Services,Partner,Annual,Expansion,Existing,357625.55,10.67,319466.9,False,None,2,34.1,2025-03-06,Closed Won,Negotiation,2025-04-12,2025-04-12,Closed Won,,2025-03-23,20,,138.0,138,0,4,11,2024,1,3,0,0,1,True,1.0,0.0,Closed Won,0,Closed,Closed opportunity,No open-deal action,,,,,,,,,,Closed,0.0
961,16593,Kolkata,West Bengal,East,Manufacturing,SMB,40,False,56,16593,42,4,2024-12-28,4,Security Services,Services,Inbound,Project,New business,New,75941.64,7.45,70283.99,True,Competitor A,2,60.3,2025-04-24,Closed Lost,Qualified,2025-02-01,2025-02-01,Closed Lost,Competitor selected,2025-01-27,5,,35.0,35,0,4,12,2024,0,1,1,0,2,False,0.0,0.0,Excluded,0,Closed,Closed opportunity,No open-deal action,,,,,,,,,,Closed,0.0
962,14382,Delhi,Delhi,North,IT Services,SMB,113,False,92,14382,26,3,2024-02-04,2,Workflow Suite,Software,Inbound,Project,New business,New,274879.32,3.61,264956.18,False,None,4,45.6,2024-05-29,Closed Lost,Lead,2024-03-08,2024-03-08,Closed Lost,Poor engagement,2024-03-07,1,,33.0,33,0,1,2,2024,0,1,0,0,1,False,0.0,0.0,Excluded,0,Closed,Closed opportunity,No open-deal action,,,,,,,,,,Closed,0.0
963,2205,Pune,Maharashtra,West,IT Services,SMB,138,False,83,2205,15,2,2026-03-04,2,Workflow Suite,Software,Outbound,Multi-year,New business,New,364771.19,9.43,330373.27,True,Competitor B,2,69.1,2026-06-03,Closed Lost,Qualified,2026-04-12,2026-04-12,Closed Lost,Competitor selected,2026-03-27,16,,39.0,39,0,1,3,2026,0,1,0,0,1,False,0.0,0.0,Excluded,0,Closed,Closed opportunity,No open-deal action,,,,,,,,,,Closed,0.0
964,12734,Pune,Maharashtra,West,Healthcare,SMB,148,False,79,12734,21,2,2023-09-26,3,Data Advisory,Services,Outbound,Project,New business,New,606198.38,12.21,532181.56,True,Competitor C,4,40.1,2023-12-05,Closed Lost,Demo,2024-01-08,2024-01-08,Closed Lost,Competitor selected,2023-12-23,16,,104.0,104,0,3,9,2023,0,2,1,1,1,False,0.0,0.0,Excluded,0,Closed,Closed opportunity,No open-deal action,,,,,,,,,,Closed,0.0
965,1686,Delhi,Delhi,North,BFSI,Mid-market,396,True,39,1686,31,3,2023-07-22,3,Data Advisory,Services,Event,Annual,Renewal,Existing,1697257.93,3.54,1637175.0,True,Competitor C,4,16.4,2023-12-17,Closed Lost,Qualified,2023-08-20,2023-08-20,Closed Lost,Competitor selected,2023-08-20,0,,29.0,29,0,3,7,2023,0,1,2,0,0,False,0.0,0.0,Excluded,0,Closed,Closed opportunity,No open-deal action,,,,,,,,,,Closed,0.0
966,245,Jaipur,Rajasthan,North,Healthcare,SMB,122,True,46,245,34,3,2025-09-21,4,Security Services,Services,Partner,Multi-year,Expansion,Existing,487384.46,3.54,470131.05,True,Competitor A,4,76.4,2026-01-20,Closed Lost,Qualified,2025-10-23,2025-10-23,Closed Lost,Budget constraints,2025-10-21,2,,32.0,32,0,3,9,2025,1,1,2,0,1,False,0.0,0.0,Excluded,0,Closed,Closed opportunity,No open-deal action,,,,,,,,,,Closed,0.0
967,3066,Delhi,Delhi,North,Healthcare,SMB,77,False,52,3066,36,3,2024-08-27,2,Workflow Suite,Software,Referral,Annual,New business,New,130138.4,1.14,128654.82,False,None,3,75.3,2024-10-23,Closed Lost,Lead,2024-09-07,2024-09-07,Closed Lost,Product mismatch,2024-09-06,1,,11.0,11,0,3,8,2024,1,5,0,0,1,False,0.0,0.0,Excluded,0,Closed,Closed opportunity,No open-deal action,,,,,,,,,,Closed,0.0
968,11725,Mumbai,Maharashtra,West,Manufacturing,Enterprise,1170,False,93,11725,23,2,2026-08-05,4,Security Services,Services,Outbound,Project,New business,New,3659934.25,3.63,3527078.64,True,Competitor B,6,81.5,2026-11-28,Lead,None,2026-08-05,,Open,,2026-08-24,7,2026-09-04,,26,26,3,8,2026,0,2,1,0,0,False,0.24256673698675726,855551.9568004896,Pipeline,30,Medium,Stage stagnation; Competitor present; Large deal exposure,Review the stage exit criteria; Clarify differentiation and buying criteria; Arrange executive sponsorship,2.083333333333333,9.583333333333332,10.694444444444445,10.1875,12.5,3.032084212334466,6.8924425512667336,12.5,67.5,Watch,256665.5870401469
969,14798,Bhubaneswar,Odisha,East,Healthcare,SMB,66,False,89,14798,44,4,2025-05-14,2,Workflow Suite,Software,Event,Project,New business,New,143840.79,11.51,127284.72,False,None,1,24.6,2025-07-29,Closed Lost,Negotiation,2025-09-23,2025-09-23,Closed Lost,Pricing,2025-09-20,3,,132.0,132,0,2,5,2025,0,1,4,1,1,True,0.0,0.0,Excluded,0,Closed,Closed opportunity,No open-deal action,,,,,,,,,,Closed,0.0
970,200,Bhubaneswar,Odisha,East,BFSI,SMB,62,True,88,200,39,4,2026-01-20,1,Cloud Enablement,Services,Outbound,Project,Expansion,Existing,235127.12,13.29,203878.73,False,None,3,73.4,2026-05-23,Closed Lost,Qualified,2026-02-18,2026-02-18,Closed Lost,Pricing,2026-02-07,11,,29.0,29,0,1,1,2026,2,0,2,0,0,False,0.0,0.0,Excluded,0,Closed,Closed opportunity,No open-deal action,,,,,,,,,,Closed,0.0
971,16235,Kolkata,West Bengal,East,Manufacturing,SMB,96,False,74,16235,37,4,2024-07-13,2,Workflow Suite,Software,Partner,Annual,New business,New,201421.36,1.16,199084.87,False,None,3,86.7,2024-10-02,Closed Won,Negotiation,2024-09-20,2024-09-20,Closed Won,,2024-09-13,7,,69.0,69,0,3,7,2024,3,2,0,0,0,True,1.0,0.0,Closed Won,0,Closed,Closed opportunity,No open-deal action,,,,,,,,,,Closed,0.0
972,5402,Jaipur,Rajasthan,North,Healthcare,Enterprise,297,True,67,5402,34,3,2025-03-01,4,Security Services,Services,Partner,Multi-year,Renewal,Existing,3265947.98,2.52,3183646.09,False,None,6,27.2,2025-08-01,Closed Lost,Lead,2025-04-09,2025-04-09,Closed Lost,Competitor selected,2025-03-21,19,,39.0,39,0,1,3,2025,0,0,0,0,1,False,0.0,0.0,Excluded,0,Closed,Closed opportunity,No open-deal action,,,,,,,,,,Closed,0.0
973,4618,Delhi,Delhi,North,BFSI,SMB,140,False,78,4618,36,3,2025-06-14,2,Workflow Suite,Software,Outbound,Multi-year,New business,New,409457.42,7.19,380017.43,False,None,1,29.3,2025-09-03,Closed Lost,Lead,2025-06-25,2025-06-25,Closed Lost,Pricing,2025-06-23,2,,11.0,11,0,2,6,2025,0,0,1,0,2,False,0.0,0.0,Excluded,0,Closed,Closed opportunity,No open-deal action,,,,,,,,,,Closed,0.0
974,6239,Bhubaneswar,Odisha,East,Retail,SMB,73,False,66,6239,40,4,2024-07-16,4,Security Services,Services,Outbound,Annual,New business,New,239855.91,1.33,236665.83,False,None,4,46.4,2024-11-11,Closed Lost,Proposal,2024-10-08,2024-10-08,Closed Lost,Procurement delay,2024-09-19,19,,84.0,84,0,3,7,2024,0,2,0,1,1,True,0.0,0.0,Excluded,0,Closed,Closed opportunity,No open-deal action,,,,,,,,,,Closed,0.0
975,678,Bengaluru,Karnataka,South,Manufacturing,Mid-market,294,True,57,678,2,1,2025-12-12,4,Security Services,Services,Outbound,Multi-year,Expansion,Existing,1562394.3,14.36,1338034.48,True,Competitor A,1,36.3,2026-03-24,Closed Lost,Lead,2025-12-27,2025-12-27,Closed Lost,Customer priorities changed,2025-12-27,0,,15.0,15,0,4,12,2025,1,2,0,0,2,False,0.0,0.0,Excluded,0,Closed,Closed opportunity,No open-deal action,,,,,,,,,,Closed,0.0
976,7866,Delhi,Delhi,North,IT Services,SMB,67,False,47,7866,31,3,2026-01-03,4,Security Services,Services,Inbound,Annual,New business,New,220009.37,5.75,207358.83,True,Competitor A,3,92.9,2026-03-27,Closed Lost,Qualified,2026-01-08,2026-01-08,Closed Lost,Product mismatch,2026-01-08,0,,5.0,5,0,1,1,2026,2,1,0,0,1,False,0.0,0.0,Excluded,0,Closed,Closed opportunity,No open-deal action,,,,,,,,,,Closed,0.0
977,11832,Delhi,Delhi,North,IT Services,Mid-market,246,True,38,11832,36,3,2025-04-18,3,Data Advisory,Services,Partner,Annual,Expansion,Existing,826936.49,2.92,802789.94,True,Competitor B,4,56.3,2025-10-13,Closed Won,Negotiation,2025-10-01,2025-10-01,Closed Won,,2025-06-11,112,,166.0,166,0,2,4,2025,0,4,0,0,0,True,1.0,0.0,Closed Won,0,Closed,Closed opportunity,No open-deal action,,,,,,,,,,Closed,0.0
978,10914,Chennai,Tamil Nadu,South,Retail,Mid-market,447,True,44,10914,1,1,2024-03-17,2,Workflow Suite,Software,Referral,Project,Renewal,Existing,508835.54,3.93,488838.3,True,Competitor C,4,69.1,2024-07-06,Closed Won,Negotiation,2024-06-17,2024-06-17,Closed Won,,2024-06-17,0,,92.0,92,0,1,3,2024,0,4,0,1,2,True,1.0,0.0,Closed Won,0,Closed,Closed opportunity,No open-deal action,,,,,,,,,,Closed,0.0
979,11746,Bengaluru,Karnataka,South,IT Services,Mid-market,213,True,80,11746,9,1,2025-05-18,3,Data Advisory,Services,Inbound,Annual,Renewal,Existing,1280701.26,8.59,1170689.02,True,Competitor B,4,71.5,2025-09-22,Closed Lost,Qualified,2025-06-11,2025-06-11,Closed Lost,Competitor selected,2025-06-06,5,,24.0,24,0,2,5,2025,0,1,0,0,1,False,0.0,0.0,Excluded,0,Closed,Closed opportunity,No open-deal action,,,,,,,,,,Closed,0.0
980,16517,Jaipur,Rajasthan,North,Retail,SMB,57,True,74,16517,26,3,2025-03-12,3,Data Advisory,Services,Partner,Project,Renewal,Existing,306871.46,10.79,273760.03,False,None,2,15.8,2025-06-14,Closed Lost,Demo,2025-06-15,2025-06-15,Closed Lost,Budget constraints,2025-03-18,89,,95.0,95,0,1,3,2025,0,1,0,0,0,False,0.0,0.0,Excluded,0,Closed,Closed opportunity,No open-deal action,,,,,,,,,,Closed,0.0
981,8781,Delhi,Delhi,North,BFSI,Mid-market,333,False,74,8781,36,3,2025-04-22,2,Workflow Suite,Software,Referral,Multi-year,New business,New,1377796.72,10.45,1233816.96,False,None,1,41.0,2025-08-10,Closed Lost,Proposal,2025-09-13,2025-09-13,Closed Lost,No decision,2025-07-20,55,,144.0,144,0,2,4,2025,1,3,2,0,1,True,0.0,0.0,Excluded,0,Closed,Closed opportunity,No open-deal action,,,,,,,,,,Closed,0.0
982,2951,Bengaluru,Karnataka,South,IT Services,Enterprise,1170,False,63,2951,8,1,2024-03-23,3,Data Advisory,Services,Event,Project,New business,New,3302708.06,12.79,2880291.7,True,Competitor B,6,88.9,2024-07-19,Closed Lost,Discovery,2024-04-30,2024-04-30,Closed Lost,Other,2024-04-18,12,,38.0,38,0,1,3,2024,1,2,1,0,1,False,0.0,0.0,Excluded,0,Closed,Closed opportunity,No open-deal action,,,,,,,,,,Closed,0.0
983,4759,Pune,Maharashtra,West,Healthcare,SMB,104,True,53,4759,21,2,2025-11-02,3,Data Advisory,Services,Inbound,Multi-year,Renewal,Existing,2016726.83,6.74,1880799.44,True,Competitor B,2,43.0,2026-02-05,Closed Lost,Demo,2026-01-04,2026-01-04,Closed Lost,No decision,2025-12-09,26,,63.0,63,0,4,11,2025,3,0,1,0,0,False,0.0,0.0,Excluded,0,Closed,Closed opportunity,No open-deal action,,,,,,,,,,Closed,0.0
984,11187,Delhi,Delhi,North,BFSI,Mid-market,195,True,64,11187,28,3,2023-08-15,1,Cloud Enablement,Services,Event,Project,Renewal,Existing,524371.54,3.0,508640.39,False,None,2,42.4,2023-12-03,Closed Lost,Lead,2023-09-16,2023-09-16,Closed Lost,No decision,2023-09-16,0,,32.0,32,0,3,8,2023,2,2,3,0,0,False,0.0,0.0,Excluded,0,Closed,Closed opportunity,No open-deal action,,,,,,,,,,Closed,0.0
985,10947,Kolkata,West Bengal,East,Manufacturing,SMB,114,True,58,10947,40,4,2025-02-25,1,Cloud Enablement,Services,Outbound,Project,Expansion,Existing,452166.77,7.61,417756.88,False,None,3,68.4,2025-05-31,Closed Lost,Lead,2025-03-11,2025-03-11,Closed Lost,No decision,2025-03-10,1,,14.0,14,0,1,2,2025,1,5,0,0,1,False,0.0,0.0,Excluded,0,Closed,Closed opportunity,No open-deal action,,,,,,,,,,Closed,0.0
986,3026,Jaipur,Rajasthan,North,Healthcare,Enterprise,1062,False,64,3026,27,3,2025-07-23,3,Data Advisory,Services,Inbound,Multi-year,New business,New,2910601.43,7.94,2679499.68,True,Competitor B,3,71.7,2026-01-04,Closed Lost,Proposal,2025-11-03,2025-11-03,Closed Lost,Customer priorities changed,2025-09-16,48,,103.0,103,0,3,7,2025,1,3,1,0,1,True,0.0,0.0,Excluded,0,Closed,Closed opportunity,No open-deal action,,,,,,,,,,Closed,0.0
987,11757,Bengaluru,Karnataka,South,Retail,SMB,106,False,52,11757,2,1,2026-04-29,3,Data Advisory,Services,Partner,Multi-year,New business,New,749731.76,9.51,678432.27,True,Competitor A,1,80.1,2026-06-24,Closed Lost,Lead,2026-05-12,2026-05-12,Closed Lost,Competitor selected,2026-05-12,0,,13.0,13,0,2,4,2026,2,2,0,0,2,False,0.0,0.0,Excluded,0,Closed,Closed opportunity,No open-deal action,,,,,,,,,,Closed,0.0
988,5540,Bhubaneswar,Odisha,East,Retail,Mid-market,222,False,70,5540,47,4,2023-01-17,2,Workflow Suite,Software,Outbound,Multi-year,New business,New,1150486.53,10.85,1025658.74,True,Competitor C,4,24.7,2023-04-26,Closed Lost,Proposal,2023-05-05,2023-05-05,Closed Lost,Competitor selected,2023-03-25,41,,108.0,108,0,1,1,2023,1,1,2,0,0,True,0.0,0.0,Excluded,0,Closed,Closed opportunity,No open-deal action,,,,,,,,,,Closed,0.0
989,1881,Pune,Maharashtra,West,IT Services,SMB,110,False,76,1881,15,2,2023-10-24,4,Security Services,Services,Outbound,Project,New business,New,224835.15,3.38,217235.72,False,None,2,76.9,2024-02-01,Closed Lost,Demo,2023-12-01,2023-12-01,Closed Lost,No decision,2023-11-27,4,,38.0,38,0,4,10,2023,1,1,2,1,1,False,0.0,0.0,Excluded,0,Closed,Closed opportunity,No open-deal action,,,,,,,,,,Closed,0.0
990,13569,Delhi,Delhi,North,Retail,Enterprise,234,True,50,13569,36,3,2025-04-14,4,Security Services,Services,Inbound,Annual,Expansion,Existing,2257633.99,11.46,1998909.13,False,None,5,55.7,2025-09-24,Closed Lost,Demo,2025-06-16,2025-06-16,Closed Lost,Budget constraints,2025-05-30,17,,63.0,63,0,2,4,2025,1,2,0,0,1,False,0.0,0.0,Excluded,0,Closed,Closed opportunity,No open-deal action,,,,,,,,,,Closed,0.0
991,5123,Delhi,Delhi,North,Manufacturing,Mid-market,183,True,60,5123,27,3,2024-12-24,2,Workflow Suite,Software,Event,Annual,Renewal,Existing,293200.4,12.15,257576.55,False,None,1,45.1,2025-03-20,Closed Won,Negotiation,2025-03-26,2025-03-26,Closed Won,,2025-02-25,29,,92.0,92,0,4,12,2024,1,0,0,0,0,True,1.0,0.0,Closed Won,0,Closed,Closed opportunity,No open-deal action,,,,,,,,,,Closed,0.0
992,1195,Delhi,Delhi,North,BFSI,Enterprise,558,True,53,1195,29,3,2025-08-25,1,Cloud Enablement,Services,Inbound,Annual,Renewal,Existing,2175319.09,9.12,1976929.99,True,Competitor A,5,65.4,2025-12-15,Closed Lost,Lead,2025-08-30,2025-08-30,Closed Lost,Budget constraints,2025-08-30,0,,5.0,5,0,3,8,2025,0,1,3,0,1,False,0.0,0.0,Excluded,0,Closed,Closed opportunity,No open-deal action,,,,,,,,,,Closed,0.0
993,15953,Kolkata,West Bengal,East,Manufacturing,Mid-market,405,True,94,15953,37,4,2023-09-12,3,Data Advisory,Services,Inbound,Multi-year,Expansion,Existing,3468181.26,3.68,3340552.19,False,None,3,49.8,2024-01-22,Closed Lost,Proposal,2024-01-03,2024-01-03,Closed Lost,Budget constraints,2023-11-09,55,,113.0,113,0,3,9,2023,0,1,1,0,0,True,0.0,0.0,Excluded,0,Closed,Closed opportunity,No open-deal action,,,,,,,,,,Closed,0.0
994,332,Mumbai,Maharashtra,West,Healthcare,Mid-market,348,False,73,332,19,2,2023-05-17,2,Workflow Suite,Software,Inbound,Annual,New business,New,471914.61,9.29,428073.74,True,Competitor B,1,70.5,2023-08-21,Closed Lost,Proposal,2023-07-13,2023-07-13,Closed Lost,Competitor selected,2023-07-07,6,,57.0,57,0,2,5,2023,0,2,0,0,1,True,0.0,0.0,Excluded,0,Closed,Closed opportunity,No open-deal action,,,,,,,,,,Closed,0.0
995,3529,Chennai,Tamil Nadu,South,BFSI,Mid-market,333,True,84,3529,10,1,2023-08-27,1,Cloud Enablement,Services,Outbound,Annual,Renewal,Existing,1744206.06,11.54,1542924.68,True,Competitor A,1,79.7,2023-12-23,Closed Lost,Proposal,2023-12-11,2023-12-11,Closed Lost,Timing,2023-11-16,25,,106.0,106,0,3,8,2023,0,2,0,0,1,True,0.0,0.0,Excluded,0,Closed,Closed opportunity,No open-deal action,,,,,,,,,,Closed,0.0
996,6006,Chennai,Tamil Nadu,South,IT Services,SMB,131,False,57,6006,3,1,2023-06-15,4,Security Services,Services,Event,Project,New business,New,512184.91,4.2,490673.14,False,None,4,74.7,2023-09-27,Closed Won,Negotiation,2023-09-04,2023-09-04,Closed Won,,2023-09-02,2,,81.0,81,0,2,6,2023,0,2,2,2,1,True,1.0,0.0,Closed Won,0,Closed,Closed opportunity,No open-deal action,,,,,,,,,,Closed,0.0
997,9228,Pune,Maharashtra,West,Manufacturing,Mid-market,282,False,83,9228,15,2,2024-03-21,1,Cloud Enablement,Services,Outbound,Multi-year,New business,New,2269898.19,10.72,2026565.1,True,Competitor B,1,18.3,2024-08-13,Closed Lost,Discovery,2024-04-17,2024-04-17,Closed Lost,Budget constraints,2024-03-29,19,,27.0,27,0,1,3,2024,0,1,0,0,0,False,0.0,0.0,Excluded,0,Closed,Closed opportunity,No open-deal action,,,,,,,,,,Closed,0.0
998,7329,Pune,Maharashtra,West,BFSI,Enterprise,378,False,61,7329,24,2,2026-08-28,2,Workflow Suite,Software,Partner,Annual,New business,New,827237.72,7.61,764284.93,False,None,5,57.0,2027-01-15,Lead,None,2026-08-28,,Open,,2026-08-29,2,2026-09-09,,3,3,3,8,2026,1,0,1,0,0,False,0.24256673698675726,185390.1015982522,Pipeline,0,Low,,,2.083333333333333,11.666666666666666,12.291666666666666,7.124999999999999,12.5,3.032084212334466,12.5,12.5,73.7,Healthy,0.0
999,5064,Jaipur,Rajasthan,North,Healthcare,SMB,139,False,73,5064,29,3,2023-05-29,3,Data Advisory,Services,Outbound,Project,New business,New,325429.81,8.34,298288.96,False,None,3,72.3,2023-09-13,Closed Lost,Negotiation,2023-08-12,2023-08-12,Closed Lost,Other,2023-08-08,4,,75.0,75,0,2,5,2023,1,2,1,2,1,True,0.0,0.0,Excluded,0,Closed,Closed opportunity,No open-deal action,,,,,,,,,,Closed,0.0
1000,6864,Delhi,Delhi,North,BFSI,Mid-market,321,False,65,6864,28,3,2024-03-17,1,Cloud Enablement,Services,Referral,Annual,New business,New,773156.55,2.28,755528.58,True,Competitor B,3,48.4,2024-06-01,Closed Lost,Demo,2024-05-13,2024-05-13,Closed Lost,Other,2024-04-28,15,,57.0,57,0,1,3,2024,2,1,0,0,0,False,0.0,0.0,Excluded,0,Closed,Closed opportunity,No open-deal action,,,,,,,,,,Closed,0.0
1001,13206,Mumbai,Maharashtra,West,IT Services,Mid-market,264,False,40,13206,24,2,2024-05-20,1,Cloud Enablement,Services,Outbound,Multi-year,New business,New,1855763.72,2.48,1809740.78,True,Competitor A,3,47.8,2024-08-21,Closed Lost,Demo,2024-07-18,2024-07-18,Closed Lost,Competitor selected,2024-07-04,14,,59.0,59,0,2,5,2024,1,3,1,0,0,False,0.0,0.0,Excluded,0,Closed,Closed opportunity,No open-deal action,,,,,,,,,,Closed,0.0
1002,9778,Pune,Maharashtra,West,Retail,SMB,142,False,38,9778,22,2,2024-10-24,3,Data Advisory,Services,Referral,Annual,New business,New,676028.56,4.8,643579.19,True,Competitor A,1,43.7,2025-02-11,Closed Lost,Discovery,2024-12-02,2024-12-02,Closed Lost,Budget constraints,2024-11-14,18,,39.0,39,0,4,10,2024,0,0,1,0,1,False,0.0,0.0,Excluded,0,Closed,Closed opportunity,No open-deal action,,,,,,,,,,Closed,0.0
1003,7533,Kolkata,West Bengal,East,Healthcare,SMB,31,False,88,7533,45,4,2024-03-13,2,Workflow Suite,Software,Partner,Annual,New business,New,104022.65,1.81,102139.84,True,Competitor C,1,54.2,2024-05-27,Closed Won,Negotiation,2024-05-23,2024-05-23,Closed Won,,2024-05-14,9,,71.0,71,0,1,3,2024,0,5,1,0,2,True,1.0,0.0,Closed Won,0,Closed,Closed opportunity,No open-deal action,,,,,,,,,,Closed,0.0
1004,12247,Chennai,Tamil Nadu,South,Retail,SMB,96,False,51,12247,10,1,2023-12-30,3,Data Advisory,Services,Outbound,Multi-year,New business,New,310229.32,6.34,290560.78,True,Competitor B,3,83.9,2024-03-12,Closed Lost,Discovery,2024-02-25,2024-02-25,Closed Lost,Procurement delay,2024-02-13,12,,57.0,57,0,4,12,2023,1,4,2,0,2,False,0.0,0.0,Excluded,0,Closed,Closed opportunity,No open-deal action,,,,,,,,,,Closed,0.0
1005,8071,Bengaluru,Karnataka,South,Manufacturing,Mid-market,87,False,90,8071,3,1,2025-09-26,4,Security Services,Services,Outbound,Annual,New business,New,197497.69,3.38,190822.27,True,Competitor B,3,71.6,2025-12-30,Closed Won,Negotiation,2026-01-24,2026-01-24,Closed Won,,2026-01-18,6,,120.0,120,0,3,9,2025,1,2,5,1,0,True,1.0,0.0,Closed Won,0,Closed,Closed opportunity,No open-deal action,,,,,,,,,,Closed,0.0
1007,10791,Delhi,Delhi,North,Retail,SMB,55,False,68,10791,28,3,2025-08-01,1,Cloud Enablement,Services,Partner,Annual,New business,New,436037.82,0.48,433944.84,False,None,1,44.5,2025-09-17,Closed Lost,Lead,2025-08-07,2025-08-07,Closed Lost,Budget constraints,2025-08-07,0,,6.0,6,0,3,8,2025,1,2,5,0,0,False,0.0,0.0,Excluded,0,Closed,Closed opportunity,No open-deal action,,,,,,,,,,Closed,0.0
1008,12305,Chennai,Tamil Nadu,South,Manufacturing,Mid-market,165,False,45,12305,4,1,2026-05-03,1,Cloud Enablement,Services,Partner,Annual,New business,New,1195474.71,1.31,1179813.99,True,Competitor B,4,96.9,2026-08-07,Closed Won,Negotiation,2026-08-20,2026-08-20,Closed Won,,2026-08-04,16,,109.0,109,0,2,5,2026,2,0,1,0,0,True,1.0,0.0,Closed Won,0,Closed,Closed opportunity,No open-deal action,,,,,,,,,,Closed,0.0
